,06cbec87-9334-4ba7-98dd-3153ec769b66,081e8113-878b-4022-8cdf-0bfc6dda5167,22ad31f1-df1a-4f97-8257-b9b75387027c,2434510b-4b97-4d29-92d1-a8c111c4d0b8,2452f2d6-197b-45dd-ab0a-992a1ab8cccf,2553a9ec-9e91-4594-92cb-e95a45580b2c,2631bbc2-340f-4a9a-a752-4cec04e400d2,2bb1023a-5b81-4303-93bc-cb12a3d235c1,2cf4a458-4875-48b9-a84f-9b99b9d0a431,2d5f4ff2-140c-462a-8b95-5a76ea34ecfc,2e323422-ea44-449d-9be7-c0c560a0f2e1,300ccb51-269e-4dad-bbd7-bc4d6f1214bf,31029486-3cd3-4020-ad98-4aff05d029d1,331a2b18-7771-4c8f-babb-5457498c239b,37bb059b-5e8d-42e0-9849-022dce333f74,389a7839-5278-4984-bbc6-7d40b80eec74,3d14145a-752d-4dd5-907f-f375242af193,3e64ba62-388a-44c4-9030-88a74444d90a,3fe7f558-21bf-4ff6-8746-47c0323cafb0,415c5186-549e-44e9-9132-6d158175f5c1,4389ea33-33a4-4982-a079-831f1db05fe0,43d36f77-a78c-4e8e-bc41-245cc7f02ef2,4474409e-95f6-4e6c-b07f-8ea510b81e90,46ed7332-a6b6-4f08-ae6b-4ce2687249fc,47627f78-25a8-49b8-baed-67cc7cb51cc3,4be287a3-4af7-4b0f-93da-1215dbbe7007,4cd53847-8857-4983-ab6f-bbf44a1f863e,4ce2d3cb-b864-40e5-96a5-3e0877928c39,4fb3055e-a3e6-409f-b75b-aa457c4a89bd,5146f581-8c3c-4ddb-a6bf-90392f31cff7,56422f53-2ae2-4b6f-b750-b63ee1e07845,5f4c1d64-d133-4c66-89bc-b35ad29e17b8,60bce0c4-e075-416e-b530-453c6922b587,62e301a3-cc55-44ee-8d66-0cdb6a5d0c0d,6a46c140-d217-4b21-a864-dcc86a03328e,6b34b498-54a0-4051-903e-b9197aa9de94,6cc675f4-9587-41d6-91e3-899f396beab1,6d807f3a-a6f7-4bd1-9559-7d534e353dc6,6e8429bb-4b3a-4f9f-90fd-1714a5be004d,7035b887-e0d1-4c02-af63-02688ffbb884,70891974-6c4a-456b-a56c-3684d6d94556,72ecbbbb-d28d-4a25-96a1-984662445dc9,73f3bb61-7aac-49e3-af05-f2dd383f2102,74293659-a2ab-4c3c-8f72-343b020d30cd,79543249-aeb7-447d-9725-94352e05d41c,7d95baf6-9014-479f-825c-8329b36563da,7da7a7d5-e468-4f10-a91c-c07fd503dc72,7f86a08d-6dd5-4fe9-9472-d02c920c1ff3,83cf8df8-0344-41ec-a14f-761cb61a2216,83ef1d8a-fe41-4801-b538-6bb6b990fabd,8408401e-694d-4008-bd1a-d0d90d78d6f5,8a27105f-d9e0-49ad-84fc-41ff5c010769,8b9f7985-5ef6-485d-959c-fd171563bb8a,8db95983-f362-4452-a960-11964662f0bf,8e5d4ae9-8fb2-45af-aae1-40e41e752b6e,919278a5-6e46-4b47-9a6b-d4022e747c9f,94141fff-971c-4f52-8395-528bde27315a,95381c19-145e-4e11-ab3f-3555b2a07941,96ff7a29-0702-4bf2-a51e-c30b5063cf7e,980bcd07-414b-453e-9d08-9192eb3691d7,98306353-57df-4dac-89d8-6435f4d3fb6a,9a5217aa-9f63-4c33-a507-b5fcd2e8ffdf,9f45ad9e-b71e-4c60-9339-d23440eeb9ec,9f9b965f-1f61-4e93-9afb-80390aafca75,a2b79504-3575-4d94-9af6-c8b119b11e3c,a48897e5-afe2-4878-9f39-28e08c18ddcb,ad765317-0ae5-4394-9861-e51d92a1fcc6,ade771d7-33ad-4f40-b456-f0a9fee988ff,b09d5ed6-293f-4eb8-8466-17829480dcad,b1ba019f-b1ec-4fca-ba4f-a5214a80c769,bcfcf609-ddfe-447a-98fc-c66e9233f0b4,c10ab049-f2a7-46b2-b4fb-24d4a0618ba0,c115ff2f-0c98-4983-bf03-167384d2903e,c3df3a50-2251-45a6-883f-032b8033f52e,c5863af9-c9cd-463d-94a8-8e69adf4f214,c6c9aed7-1f10-439d-88ec-8f5b1b4f748f,cb2e8316-e933-46d4-bc5c-faec0025b694,d3decbad-0acb-4217-99cd-e65ee1a9a9d3,d42e4be4-b29c-47fe-a1b3-8255948344ac,d4948ab5-15b7-42a9-a4d8-4c92da1b486c,d6a9e0ef-4132-46ef-a0f7-d7997a803afe,db1b9299-96df-4fd8-932c-3ad6613bc967,db2f9e6e-c99d-4f6e-8640-8a7f9ee121bc,dd14762c-0ed4-4d5f-aaf3-fded6c619888,de21c2a0-a0e1-4757-a095-0016eb816242,e47d2dca-4d7f-4788-8ee9-e5c35611e94b,ef4899c4-bfed-4167-8c46-2982a90da36a,f0727e5c-5d1e-4ea7-aa00-d6053f839ba3,f308caa4-09a7-467f-8beb-1b6ccce38d25,f3fa5f28-5d69-41fc-a0e8-369ed44442f3,f4dee32c-e6d8-4c67-95a9-f63a4e41f5e8,f527b464-7bb9-45da-bb4d-5aab19eb4f9a,f685a52e-f09f-45e3-b296-668bbb414f9f,f6fcd7a9-a8f0-457c-b9f3-018c8b01391b,f8eb34db-1687-4a4b-802f-8c5bdb2bce45,f93c5b61-46df-44b0-a718-571307f2d308,fae7e454-f146-44cd-a680-3dfc2879df45,fc58c463-84fd-4548-9e91-513ebe48d753,fc895620-c446-471c-972e-18f4ce979e28,fc932934-07d4-4feb-bf60-af1355a4a785
06cbec87-9334-4ba7-98dd-3153ec769b66,0.9999999,0.16379297,0.59816134,0.13684443,0.33994812,0.0,0.44902176,0.2683947,0.2253392,0.32326782,0.13623795,0.97747636,0.36264175,0.3030044,0.95262617,0.35020652,0.015928363,0.80288404,0.60403967,0.48077816,0.3612554,0.57205534,0.14192137,0.43397996,0.0,0.6384913,0.43786198,0.5832434,0.8624316,0.57640743,0.92633045,0.9560144,0.3192241,0.28748754,0.14597541,0.23594335,0.45524257,0.9438349,0.03192647,0.90682584,0.3864802,0.46083283,0.90919936,0.42110378,0.7440276,0.9270297,0.4367584,0.7144702,0.62095284,0.70701593,0.31069064,0.10661982,0.382839,0.72146773,0.3725609,0.5211127,0.25699595,0.3697421,0.030068614,0.5979643,0.8714825,0.10053726,0.30362993,0.55765057,0.97744596,0.024889871,0.12629235,0.6236106,0.9800544,0.44316292,0.6143342,0.59842527,0.56601363,0.29281527,0.5799346,0.35914263,0.64154816,0.5435311,0.48838425,0.61418104,0.5955198,0.6443248,0.27521232,0.53610307,0.5145565,0.5980952,0.4083833,0.4075028,0.3496415,0.5682061,0.76119876,0.35121906,0.3044423,0.5498134,0.2928577,0.0,0.017990377,0.7259589,0.3079026,0.67741704
081e8113-878b-4022-8cdf-0bfc6dda5167,0.16379297,0.99999994,0.058169767,0.36631793,0.7332685,0.94443923,0.3355713,0.6894107,0.09900943,0.6136143,0.96205264,0.14823103,0.16728766,0.75485283,0.34265906,0.15842085,0.0,0.26061153,0.6856849,0.35473466,0.604426,0.5110134,0.9340483,0.44419467,0.49016386,0.062091757,0.19557226,0.44733408,0.12912878,0.27019858,0.41062754,0.14534765,0.7181519,0.039568234,0.9621976,0.9241707,0.1930346,0.2145923,0.0,0.11699663,0.5208846,0.89023685,0.4819708,0.37679568,0.25127822,0.22065139,0.61996037,0.1506506,0.26183072,0.26071617,0.7677099,0.24324708,0.75096595,0.17668822,0.66271627,0.053268407,0.11125739,0.7656387,0.47011888,0.2706669,0.3737814,0.31631225,0.95307523,0.26253492,0.14654204,0.93502593,0.95773387,0.49526462,0.18023792,0.20330179,0.216088,0.20874617,0.26591665,0.8750803,0.60918134,0.5679617,0.06029388,0.8787852,0.597342,0.059727643,0.51385534,0.062885664,0.12469921,0.2466837,0.53653353,0.39559615,0.54455894,0.18294133,0.047438413,0.26311043,0.5749513,0.69302046,0.7294911,0.24539977,0.54939073,0.0,0.9476087,0.08104422,0.7299505,0.26446673
22ad31f1-df1a-4f97-8257-b9b75387027c,0.59816134,0.058169767,0.99999994,0.33433968,0.0,0.0,0.014086611,0.12681827,0.27633235,0.014506736,0.0,0.61847305,0.19194564,0.0,0.5882606,0.46415755,0.3288033,0.3958728,0.23658758,0.0,0.011688499,0.20672105,0.018541967,0.033678528,0.30626467,0.9787054,0.039867904,0.21562292,0.6810262,0.2138107,0.6092955,0.59661597,0.02427118,0.529673,0.0,0.13651027,0.14238492,0.54214215,0.32952318,0.8120799,0.12337065,0.27724013,0.56938237,0.0,0.9272875,0.54854614,0.1826604,0.85808593,0.27817056,0.3374199,0.03217461,0.3708061,0.0,0.80789506,0.0,0.85228586,0.40982646,0.63180935,0.31034762,0.2573402,0.53288525,0.33586642,0.17567185,0.2420616,0.62274873,0.009174865,0.0,0.5653666,0.5594717,0.0,0.31161743,0.26384938,0.23332126,0.4016264,0.5363519,0.02580905,0.986929,0.32395726,0.11441612,0.97720724,0.85491556,0.97275525,0.40679526,0.35573906,0.84527844,0.9145376,0.011217707,0.16447909,0.49713442,0.16496861,0.3805952,0.0,0.006860797,0.12454974,0.15500908,0.37465256,0.0,0.9746071,0.021681989,0.40407696
2434510b-4b97-4d29-92d1-a8c111c4d0b8,0.13684443,0.36631793,0.33433968,0.9999999,0.4446143,0.33685696,0.2764954,0.7078718,0.8085655,0.32270724,0.4169341,0.11922761,0.65932214,0.4802842,0.18791804,0.690114,0.80000615,0.17691277,0.43879962,0.28155518,0.30589956,0.32527632,0.4165162,0.39663014,0.89488447,0.30369172,0.24594013,0.26603016,0.46428573,0.17836092,0.20361906,0.123993754,0.46449053,0.7991904,0.38756704,0.3373244,0.48304588,0.1551856,0.7923252,0.1870475,0.5829655,0.33585715,0.23399697,0.2708289,0.31609622,0.18180667,0.35853028,0.392186,0.26480997,0.23229782,0.5075638,0.92869705,0.42500424,0.31885174,0.35512632,0.25659823,0.7564945,0.49557802,0.8871466,0.17219779,0.2268347,0.970831,0.3571277,0.16717337,0.11786908,0.35016808,0.3652497,0.37938982,0.16178025,0.22065757,0.31247348,0.31663734,0.22311291,0.42043838,0.5116436,0.33772415,0.27750808,0.33212912,0.320568,0.31137758,0.34718254,0.2885003,0.85353434,0.46297225,0.43304414,0.38937318,0.30825737,0.5995666,0.7906015,0.20035395,0.38537848,0.4708236,0.4907804,0.21609333,0.6042853,0.83119893,0.31722015,0.28470477,0.52285457,0.21491319
2452f2d6-197b-45dd-ab0a-992a1ab8cccf,0.33994812,0.7332685,0.0,0.4446143,1.0000001,0.6596736,0.7056011,0.8695834,0.26199573,0.829533,0.8194138,0.29618454,0.46796697,0.9434564,0.4427764,0.26611966,0.0,0.43948573,0.9078677,0.71732104,0.8220887,0.70202625,0.8342498,0.78127825,0.33631408,0.0,0.555421,0.62029773,0.293817,0.4430832,0.46799397,0.33789364,0.9225699,0.07906239,0.7534893,0.6548234,0.5399909,0.38551116,0.0,0.21488339,0.723087,0.66823566,0.49926603,0.6972568,0.22970125,0.4064788,0.7913573,0.27188826,0.4679476,0.5056364,0.9508155,0.34287825,0.9605706,0.26787034,0.89349854,0.09031025,0.19016978,0.47231007,0.3111695,0.4277728,0.54927164,0.36887068,0.6883251,0.41529116,0.2928097,0.6181836,0.7850437,0.6474182,0.4018936,0.54815626,0.54502296,0.5399465,0.43757036,0.55338085,0.7803019,0.8337288,0.0,0.6865995,0.8049425,0.0,0.28422272,0.0,0.20519468,0.4550745,0.31813446,0.23026896,0.8179829,0.53467065,0.10616258,0.49771816,0.79333276,0.9449976,0.9590001,0.5545639,0.74437785,0.0,0.6036024,0.043598343,0.93365026,0.4004146
2553a9ec-9e91-4594-92cb-e95a45580b2c,0.0,0.94443923,0.0,0.33685696,0.6596736,1.0,0.12915331,0.6270198,0.0,0.497917,0.9421954,0.0,0.0,0.6856965,0.21681939,0.020582302,0.0,0.0,0.5924881,0.14437337,0.4469837,0.2795394,0.93428624,0.2784317,0.505635,0.0,0.0,0.18124554,0.025665296,0.0,0.3121013,0.027721686,0.6440552,0.0,0.93444353,0.91978586,0.0,0.0,0.0,0.030682284,0.3770419,0.8432199,0.36015677,0.16867527,0.14288823,0.0,0.45777434,0.0,0.0,0.024862776,0.67907315,0.23621035,0.6271372,0.04277203,0.51220477,0.08381761,0.03443863,0.7531687,0.48031783,0.0,0.24753343,0.2969797,0.9303274,0.0,0.0,0.9591105,0.9180292,0.4081084,0.0,0.0,0.0,0.0,0.0,0.870223,0.58405375,0.42092955,0.0,0.811911,0.4314542,0.0,0.45914042,0.0,0.0,0.028634442,0.5005409,0.34146863,0.35997397,0.0,0.0,0.0,0.44843602,0.5928124,0.6666676,0.016470235,0.41603592,0.0,0.9664192,0.0,0.65681344,0.0
2631bbc2-340f-4a9a-a752-4cec04e400d2,0.44902176,0.3355713,0.014086611,0.2764954,0.7056011,0.12915331,1.0,0.5763521,0.44928938,0.72501373,0.3509435,0.35554323,0.7778115,0.60235953,0.39370418,0.45051062,0.0,0.6922779,0.6350788,0.9849304,0.7859032,0.8099931,0.38542324,0.9224616,0.065813825,0.0,0.9500952,0.8404716,0.3195058,0.74728215,0.3370066,0.3868218,0.6420256,0.094907366,0.37300834,0.18768388,0.9046463,0.56447995,0.0,0.21826403,0.69125926,0.27501023,0.36291575,0.98364764,0.2070013,0.58942235,0.743289,0.48956653,0.7514776,0.73297304,0.6663842,0.21542633,0.7456343,0.3832589,0.78937817,0.0,0.29680932,0.09790625,0.069866985,0.7110044,0.52033335,0.20990765,0.23728867,0.7346612,0.35149202,0.13219139,0.37640977,0.5417479,0.5347297,0.9395665,0.90588677,0.9048356,0.74547124,0.122061744,0.45352268,0.8424877,0.01668685,0.32623535,0.7652595,0.0,0.0696848,0.0,0.34105563,0.69465667,0.064627886,0.047686644,0.90535057,0.85694164,0.12743874,0.84536624,0.6324108,0.7236111,0.6301708,0.89975953,0.6746638,0.018402245,0.13934058,0.052335933,0.60805255,0.6725749
2bb1023a-5b81-4303-93bc-cb12a3d235c1,0.2683947,0.6894107,0.12681827,0.7078718,0.8695834,0.6270198,0.5763521,0.99999994,0.38795465,0.61007977,0.7845273,0.23083177,0.5702748,0.9185795,0.37109697,0.38498747,0.19913909,0.3546024,0.85601854,0.5672526,0.62481296,0.6563729,0.8067917,0.7636335,0.5303453,0.11896041,0.5042912,0.5187292,0.29633564,0.36258328,0.38623446,0.25446287,0.9188811,0.2526312,0.7291473,0.63501626,0.52304715,0.3090328,0.19722712,0.17004606,0.6146834,0.62472373,0.4401849,0.5488101,0.2250511,0.35316184,0.6103158,0.32314205,0.45190528,0.43060446,0.94418186,0.5091002,0.82836246,0.2790268,0.7049764,0.06387293,0.31611902,0.57292664,0.5138666,0.35005444,0.40256837,0.6286455,0.663406,0.36965108,0.22820158,0.6322334,0.692863,0.46688014,0.31891108,0.44856653,0.46917143,0.47847417,0.40581495,0.60159224,0.73742616,0.65957534,0.10015171,0.6232365,0.6143272,0.10368944,0.3192789,0.08835305,0.42378458,0.42098677,0.38788587,0.31240043,0.6319735,0.58039826,0.26889825,0.40670434,0.76275986,0.9069848,0.93164,0.43992195,0.64059937,0.24980056,0.5860627,0.13364844,0.9546013,0.34029788
2cf4a458-4875-48b9-a84f-9b99b9d0a431,0.2253392,0.09900943,0.27633235,0.8085655,0.26199573,0.0,0.44928938,0.38795465,1.0,0.24914032,0.09690796,0.17883518,0.7930855,0.23018739,0.17851593,0.8346543,0.86720335,0.35121167,0.24792296,0.45861098,0.2724323,0.36969554,0.10463089,0.41727346,0.7326184,0.2383544,0.4527377,0.37312025,0.539522,0.3757252,0.15077594,0.18598415,0.23670329,0.8672329,0.12953556,0.032295894,0.7336004,0.28264964,0.84889024,0.21956986,0.58518726,0.07652175,0.15715666,0.45362264,0.29537398,0.28406304,0.30186522,0.4856553,0.37160826,0.35584807,0.23944716,0.874536,0.2740174,0.36347833,0.28321585,0.2474254,0.88953465,0.17605448,0.717911,0.35514557,0.21265012,0.81542045,0.05541443,0.3530315,0.17679746,0.0,0.093108445,0.34944144,0.2647221,0.4757763,0.54223895,0.5282695,0.3764899,0.088683136,0.31739745,0.30869022,0.23641248,0.10219002,0.27301663,0.25220707,0.19528338,0.24783936,0.8930825,0.6574356,0.24651352,0.22272693,0.3529699,0.7667266,0.86535794,0.42801398,0.25678656,0.29572576,0.23902269,0.44936025,0.57045925,0.85233915,0.0,0.23692074,0.23254058,0.39143538
2d5f4ff2-140c-462a-8b95-5a76ea34ecfc,0.32326782,0.6136143,0.014506736,0.32270724,0.829533,0.497917,0.72501373,0.61007977,0.24914032,1.0,0.6373517,0.2816516,0.44500512,0.64550006,0.3921286,0.25517076,0.0,0.41792136,0.66378117,0.7357871,0.9629005,0.55372393,0.6347826,0.6324481,0.2581969,0.0,0.544013,0.6696596,0.28202987,0.42134234,0.40185618,0.32415447,0.63866556,0.07518301,0.57918507,0.4967672,0.5134951,0.3665952,0.0,0.20748334,0.8453523,0.56341153,0.4306667,0.73361397,0.2782114,0.39941844,0.963613,0.27793851,0.46820343,0.48337364,0.75256383,0.26807028,0.8809699,0.25910908,0.95707256,0.09446687,0.18436721,0.36633533,0.26724553,0.40678316,0.6489763,0.2417363,0.54545903,0.39491397,0.27844235,0.47646874,0.7433939,0.77300125,0.38217378,0.5212598,0.5182802,0.5305679,0.4161,0.43918163,0.54314935,0.9573676,0.0229127,0.6035301,0.96135837,0.035307255,0.24946225,0.022304447,0.2243953,0.43567914,0.2329438,0.20111251,0.92845106,0.50843585,0.100953475,0.47329652,0.5798422,0.67011696,0.66911286,0.52904046,0.862492,0.0,0.49984553,0.05389682,0.65347534,0.38076735
2e323422-ea44-449d-9be7-c0c560a0f2e1,0.13623795,0.96205264,0.0,0.4169341,0.8194138,0.9421954,0.3509435,0.7845273,0.09690796,0.6373517,0.9999999,0.12270031,0.16963151,0.8609568,0.31587273,0.08842595,0.0,0.16600102,0.76545906,0.3712498,0.6335539,0.4633017,0.9738216,0.4875515,0.49562544,0.0,0.20133236,0.3586679,0.11026356,0.16061148,0.3839536,0.12760527,0.8212132,0.03275316,0.96245587,0.9121909,0.19973385,0.14829808,0.0,0.07532436,0.5468732,0.8728492,0.46365395,0.3762683,0.1908532,0.15747759,0.626558,0.09855571,0.17067806,0.17548305,0.85212433,0.2778646,0.8194452,0.078753315,0.70648944,0.0,0.05548338,0.7210943,0.4645781,0.15506168,0.34367794,0.35694486,0.94100255,0.15166911,0.12130222,0.9282033,0.96656966,0.4721886,0.15892455,0.19869901,0.19756323,0.19675866,0.15861316,0.8417062,0.65330714,0.59139663,0.0,0.8545073,0.61507726,0.0,0.43917486,0.0,0.07438022,0.15231004,0.4872698,0.3336456,0.56507635,0.19381067,0.043979947,0.18119693,0.6315145,0.788887,0.8326812,0.19374661,0.580572,0.0,0.92988926,0.018061476,0.8337167,0.14613208
300ccb51-269e-4dad-bbd7-bc4d6f1214bf,0.97747636,0.14823103,0.61847305,0.11922761,0.29618454,0.0,0.35554323,0.23083177,0.17883518,0.2816516,0.12270031,0.9999999,0.27950016,0.2656468,0.95981,0.31568018,0.0,0.76079786,0.56692064,0.39164013,0.31770882,0.50749683,0.12599878,0.32693818,0.0,0.66017246,0.33173335,0.50749034,0.8815618,0.498142,0.9345021,0.9767252,0.2827383,0.27474135,0.10000723,0.20716834,0.36859146,0.90007675,0.0,0.9082682,0.31936926,0.44040117,0.9044745,0.32146776,0.7426959,0.91224706,0.39600384,0.67908233,0.5589771,0.65399736,0.27069354,0.09289401,0.32900238,0.6984487,0.32653484,0.5393913,0.21331196,0.3818825,0.0,0.5365365,0.8736949,0.087594494,0.29400754,0.49607748,0.99984705,0.0,0.11212321,0.5948923,0.97800136,0.3273944,0.5246031,0.49296597,0.4965561,0.278235,0.56402737,0.30065316,0.6628617,0.5398833,0.42946273,0.6350367,0.6165856,0.6473876,0.24511108,0.4729626,0.5320293,0.61955947,0.34302607,0.3193399,0.33721077,0.48644096,0.74613166,0.29689273,0.25308746,0.44692808,0.22571523,0.0,0.0,0.7496292,0.27061763,0.60875434
31029486-3cd3-4020-ad98-4aff05d029d1,0.36264175,0.16728766,0.19194564,0.65932214,0.46796697,0.0,0.7778115,0.5702748,0.7930855,0.44500512,0.16963151,0.27950016,1.0,0.4097245,0.27900118,0.68711644,0.46133322,0.58549976,0.42899233,0.78379464,0.4840473,0.63675296,0.18485638,0.7795318,0.3974393,0.20770936,0.7730969,0.67923343,0.45993537,0.6394835,0.23564658,0.29067323,0.418802,0.5177393,0.21726358,0.05047501,0.9044363,0.4677363,0.45947155,0.23397548,0.62501395,0.11959526,0.24561895,0.78303415,0.25261727,0.4688217,0.485839,0.5461884,0.6894352,0.65885085,0.499472,0.58041286,0.4843765,0.4919714,0.5041945,0.1406179,0.6434201,0.1485681,0.43118855,0.6055138,0.35450587,0.6542448,0.08660679,0.5981591,0.27631542,0.030703193,0.16449915,0.42448026,0.43097103,0.80824685,0.82248884,0.814906,0.7000897,0.09520151,0.39173102,0.59243464,0.134359,0.159712,0.4840129,0.14333545,0.110984325,0.14085317,0.75400615,0.7545521,0.14009966,0.12658116,0.619401,0.98616993,0.5350647,0.72587085,0.43781424,0.52427244,0.45440257,0.76754284,0.60518444,0.50577605,0.0,0.20072505,0.48587686,0.6052284
331a2b18-7771-4c8f-babb-5457498c239b,0.3030044,0.75485283,0.0,0.4802842,0.9434564,0.6856965,0.60235953,0.9185795,0.23018739,0.64550006,0.8609568,0.2656468,0.4097245,1.0,0.40606624,0.21358223,0.0,0.38754827,0.92193186,0.6151873,0.67101586,0.6884464,0.8591631,0.7504585,0.37108555,0.0,0.4862941,0.52015287,0.23872116,0.38793772,0.43398696,0.27626607,0.9698377,0.07091075,0.79648054,0.6944695,0.47443178,0.3410592,0.0,0.1630776,0.5909211,0.69283074,0.4957925,0.5900148,0.18499589,0.3600684,0.63734025,0.23804945,0.410142,0.42003763,0.95071745,0.32964328,0.9046962,0.19350547,0.770017,0.0,0.13401341,0.51473033,0.32700008,0.37453282,0.41715744,0.39565876,0.732008,0.36407137,0.26261988,0.6649189,0.76283,0.46869144,0.35733595,0.47993356,0.4771902,0.4731726,0.383111,0.5959323,0.7599832,0.66513073,0.0,0.6912135,0.6554462,0.0,0.2946838,0.0,0.17965645,0.37082002,0.35704434,0.2447201,0.6745527,0.46812636,0.0952168,0.43609497,0.81241316,0.9828367,0.98823714,0.4696589,0.6106488,0.0,0.6434124,0.039103184,0.9753099,0.35098678
37bb059b-5e8d-42e0-9849-022dce333f74,0.95262617,0.34265906,0.5882606,0.18791804,0.4427764,0.21681939,0.39370418,0.37109697,0.17851593,0.3921286,0.31587273,0.95981,0.27900118,0.40606624,1.0,0.35721725,0.016769461,0.7446904,0.6893141,0.41974714,0.41729164,0.5787369,0.34233183,0.4002137,0.10436972,0.61770356,0.36774093,0.559909,0.85905397,0.49725276,0.96801233,0.96396875,0.43727636,0.26297414,0.31393498,0.3905064,0.3824571,0.8986271,0.010083706,0.90336186,0.3943042,0.62634283,0.965377,0.3546722,0.7463559,0.8918942,0.47985956,0.65835094,0.5579793,0.6588191,0.42008403,0.14885312,0.4564812,0.6939481,0.4296639,0.553306,0.24655186,0.5123677,0.117580876,0.53557867,0.9057132,0.1487982,0.49245402,0.5198829,0.9586185,0.22460727,0.2995835,0.6742848,0.94238293,0.3397103,0.51306605,0.49573696,0.49566966,0.46292818,0.68244636,0.40377504,0.6300608,0.6850856,0.51756173,0.5941848,0.674327,0.62682825,0.2446735,0.48809218,0.60029286,0.65437084,0.42479894,0.3187698,0.34145427,0.48557258,0.82912374,0.4183944,0.40309733,0.467569,0.33203918,0.012506951,0.21781415,0.7068344,0.4056757,0.6138683
389a7839-5278-4984-bbc6-7d40b80eec74,0.35020652,0.15842085,0.46415755,0.690114,0.26611966,0.020582302,0.45051062,0.38498747,0.8346543,0.25517076,0.08842595,0.31568018,0.68711644,0.21358223,0.35721725,0.9999998,0.72021013,0.5574336,0.3318324,0.40857852,0.28970695,0.5818988,0.17048734,0.4308356,0.61774004,0.4034823,0.49407578,0.5678595,0.6125688,0.58015996,0.30709612,0.3653385,0.29593697,0.7778444,0.11325571,0.06724111,0.68305194,0.46506932,0.7135536,0.39503866,0.51237684,0.13507633,0.27741322,0.40818202,0.46259657,0.50852567,0.31413183,0.63158196,0.5638034,0.57831496,0.25724787,0.7682799,0.252497,0.6104411,0.2628278,0.44999075,0.94327533,0.26658267,0.60999703,0.58569455,0.35932887,0.6933881,0.09781766,0.6487079,0.31208318,0.0,0.085750535,0.46796852,0.381918,0.42132503,0.54840004,0.50990456,0.57220304,0.15386766,0.43612334,0.34306163,0.4362472,0.16824463,0.2755463,0.41095045,0.35944593,0.41505128,0.87480456,0.8184991,0.3793581,0.39114174,0.3587588,0.6669288,0.7702936,0.56015646,0.37494093,0.2732941,0.23313203,0.53347564,0.5112338,0.7611256,0.0,0.41463843,0.21545611,0.6253054
3d14145a-752d-4dd5-907f-f375242af193,0.015928363,0.0,0.3288033,0.80000615,0.0,0.0,0.0,0.19913909,0.86720335,0.0,0.0,0.0,0.46133322,0.0,0.016769461,0.72021013,1.0,0.0,0.0,0.0,0.0,0.0,0.0,0.0,0.83439255,0.28361398,0.011223023,0.01040554,0.43281645,0.0,0.0,0.0,0.0,0.9336858,0.022555938,0.0,0.3256052,0.029675307,0.97671187,0.15512465,0.3804165,0.03414449,0.02804972,0.0,0.28150973,0.0,0.05433042,0.29300618,0.0,0.0,0.0,0.9061566,0.0,0.20486695,0.0,0.2944074,0.84881616,0.20948432,0.8396697,0.0,0.0,0.8396441,0.018544704,0.0,0.0,0.02812352,0.0,0.19044028,0.0,0.013845288,0.10679193,0.10236862,0.0,0.13190326,0.16910419,0.0,0.28130332,0.0,0.01090941,0.30009705,0.23236449,0.31596425,0.82233614,0.35811794,0.29332238,0.2650191,0.0,0.39356464,0.93314326,0.0,0.0,0.0,0.009012967,0.013148026,0.417874,0.9698138,0.020327656,0.25058496,0.0,0.0770563
3e64ba62-388a-44c4-9030-88a74444d90a,0.80288404,0.26061153,0.3958728,0.17691277,0.43948573,0.0,0.6922779,0.3546024,0.35121167,0.41792136,0.16600102,0.76079786,0.58549976,0.38754827,0.7446904,0.5574336,0.0,1.0,0.57947886,0.7133024,0.4595393,0.8807132,0.17753345,0.6420688,0.0,0.4225638,0.6847842,0.89262474,0.66602457,0.9388899,0.69896245,0.74294025,0.401025,0.20608208,0.19640265,0.15801004,0.686337,0.9216037,0.0,0.65087616,0.4320741,0.3303426,0.67844164,0.6851051,0.5506549,0.93551475,0.5011085,0.68743634,0.9354881,0.96203756,0.40166152,0.13783833,0.46468621,0.75978804,0.47674716,0.3521591,0.39099202,0.23952241,0.0,0.9522287,0.73440444,0.1299748,0.2296539,0.9138475,0.75644624,0.0,0.15798265,0.5545865,0.847576,0.7108333,0.8162242,0.78398013,0.9284159,0.17355551,0.52517414,0.50024074,0.41870242,0.4102713,0.5263269,0.4064749,0.40465617,0.41981497,0.43858144,0.8639723,0.34054178,0.41024294,0.5688715,0.64108324,0.24904868,0.92150444,0.68643194,0.48169386,0.396465,0.86329854,0.3743242,0.0,0.0,0.50457215,0.3921007,0.9622019
3fe7f558-21bf-4ff6-8746-47c0323cafb0,0.60403967,0.6856849,0.23658758,0.43879962,0.9078677,0.5924881,0.6350788,0.85601854,0.24792296,0.66378117,0.76545906,0.56692064,0.42899233,0.92193186,0.6893141,0.3318324,0.0,0.57947886,1.0,0.64247775,0.69213,0.7582414,0.79494846,0.76889133,0.3131399,0.2396981,0.54201186,0.6159821,0.51722693,0.4963578,0.71571696,0.59631836,0.9300444,0.17301121,0.7006378,0.6917384,0.52923554,0.5928064,0.022173401,0.47136706,0.64040375,0.7364266,0.7296644,0.59951544,0.42471617,0.6268294,0.6798204,0.4529273,0.52583975,0.5816583,0.9000249,0.31735295,0.88258874,0.42911375,0.76206386,0.23941973,0.23687682,0.5706473,0.28980613,0.4895496,0.67765117,0.3599653,0.7164879,0.497694,0.5647466,0.5609253,0.6859925,0.6532135,0.63312376,0.50250304,0.5714251,0.55707085,0.48264667,0.6032405,0.862157,0.6921886,0.25532082,0.7845092,0.71446234,0.2305717,0.47183233,0.23467079,0.23058034,0.4800499,0.492127,0.43196633,0.6979501,0.49014056,0.19621131,0.5218288,0.9538419,0.9148334,0.9147433,0.5445428,0.59975135,0.015715403,0.5414317,0.30168825,0.9048572,0.49731523
415c5186-549e-44e9-9132-6d158175f5c1,0.48077816,0.35473466,0.0,0.28155518,0.71732104,0.14437337,0.9849304,0.5672526,0.45861098,0.7357871,0.3712498,0.39164013,0.78379464,0.6151873,0.41974714,0.40857852,0.0,0.7133024,0.64247775,0.9999999,0.7820865,0.79749805,0.37724486,0.90476036,0.074797094,0.0,0.9180304,0.83640766,0.35194397,0.7536049,0.37252408,0.407296,0.6233461,0.10454293,0.3929956,0.20903578,0.89989364,0.58743227,0.0,0.2404235,0.7070515,0.30443484,0.4015261,0.98846847,0.21268734,0.59852755,0.74958265,0.47535676,0.75865316,0.74032503,0.66382706,0.21936855,0.76148635,0.38263828,0.8006836,0.0,0.27885312,0.1074868,0.07781542,0.7164737,0.5464133,0.21547268,0.2629355,0.707129,0.38717762,0.1472302,0.39598522,0.5530118,0.5668453,0.94830394,0.91285527,0.91492987,0.75216997,0.13522884,0.4633897,0.8306332,0.0,0.35993057,0.7769631,0.0,0.076028585,0.0,0.34367916,0.6955681,0.0719803,0.054195642,0.899256,0.86185014,0.14037709,0.8548975,0.6329477,0.7307526,0.6360013,0.90484846,0.67738587,0.0,0.15297565,0.057649393,0.6217537,0.68073666
4389ea33-33a4-4982-a079-831f1db05fe0,0.3612554,0.604426,0.011688499,0.30589956,0.8220887,0.4469837,0.7859032,0.62481296,0.2724323,0.9629005,0.6335539,0.31770882,0.4840473,0.67101586,0.41729164,0.28970695,0.0,0.4595393,0.69213,0.7820865,1.0,0.60891056,0.63153535,0.6941217,0.22884041,0.0,0.60642344,0.7121854,0.28550625,0.4583085,0.3973752,0.34456968,0.69367826,0.084808,0.57411176,0.48495638,0.57923305,0.40508765,0.0,0.1950379,0.87061083,0.5607705,0.45469055,0.77323353,0.28384277,0.44178578,0.96954805,0.29685485,0.48480672,0.49671307,0.7880043,0.23833603,0.9083817,0.22819233,0.98344296,0.0,0.1759145,0.33714032,0.2415533,0.44247198,0.60445213,0.24908592,0.5379385,0.46054345,0.31408873,0.45702943,0.7345909,0.7216699,0.42550126,0.56699204,0.5637511,0.5592663,0.4526062,0.42138267,0.49774536,0.97386587,0.013846071,0.6062313,0.971087,0.0,0.23954675,0.0,0.21224561,0.4377157,0.22344,0.16581061,0.9733422,0.55304307,0.11387761,0.5153986,0.63816226,0.70348084,0.6826621,0.5546408,0.8783205,0.015269438,0.47981954,0.046766713,0.6792739,0.41490415
43d36f77-a78c-4e8e-bc41-245cc7f02ef2,0.57205534,0.5110134,0.20672105,0.32527632,0.70202625,0.2795394,0.8099931,0.6563729,0.36969554,0.55372393,0.4633017,0.50749683,0.63675296,0.6884464,0.5787369,0.5818988,0.0,0.8807132,0.7582414,0.79749805,0.60891056,1.0000001,0.5027146,0.841377,0.1505171,0.20424621,0.7879392,0.92648244,0.44264412,0.9155059,0.54016244,0.5174354,0.71868217,0.13546929,0.47887528,0.36839297,0.7490089,0.73826545,0.0,0.39706922,0.53221285,0.4502725,0.55091363,0.78887236,0.37147376,0.76779735,0.59790504,0.5663474,0.90228564,0.8984449,0.6939957,0.23514412,0.6940076,0.60355675,0.6487267,0.17522246,0.39339945,0.3241648,0.13255037,0.9140521,0.5837357,0.2562206,0.4208872,0.920868,0.50171417,0.27054518,0.4149168,0.5218698,0.637069,0.7700364,0.8115167,0.7840767,0.90411514,0.32239327,0.6357935,0.6579896,0.2165464,0.49256307,0.61491364,0.19646962,0.3223622,0.20685771,0.42397666,0.8466041,0.3096064,0.30735093,0.7111852,0.7005702,0.16317862,0.91666126,0.7682314,0.7647916,0.7002131,0.885378,0.5205694,0.020086588,0.26109523,0.26951846,0.68045205,0.88788056
4474409e-95f6-4e6c-b07f-8ea510b81e90,0.14192137,0.9340483,0.018541967,0.4165162,0.8342498,0.93428624,0.38542324,0.8067917,0.10463089,0.6347826,0.9738216,0.12599878,0.18485638,0.8591631,0.34233183,0.17048734,0.0,0.17753345,0.79494846,0.37724486,0.63153535,0.5027146,1.0000001,0.532261,0.48058814,0.0,0.27003384,0.3739821,0.13171387,0.1750268,0.39690176,0.17346619,0.863967,0.033633642,0.9399937,0.8863285,0.24377978,0.15730506,0.0,0.09944904,0.5280628,0.84528816,0.45397303,0.38161314,0.18241788,0.18847218,0.6035718,0.13218628,0.18546697,0.20818189,0.8633785,0.29183257,0.80571496,0.11745462,0.6879143,0.060372014,0.11317463,0.7012803,0.4488755,0.16897887,0.3652832,0.35502794,0.9133129,0.21253231,0.124563105,0.8990067,0.93062073,0.49615848,0.16652736,0.21653278,0.21529506,0.2138974,0.17284912,0.81424856,0.6961404,0.6127918,0.021964617,0.8279797,0.59387934,0.0,0.42368186,0.0,0.08105604,0.18734165,0.47260332,0.32281268,0.57258,0.21120569,0.045162234,0.197067,0.66728795,0.7943232,0.84235907,0.22342272,0.55885816,0.024222564,0.8987171,0.018547012,0.83157635,0.15875122
46ed7332-a6b6-4f08-ae6b-4ce2687249fc,0.43397996,0.44419467,0.033678528,0.39663014,0.78127825,0.2784317,0.9224616,0.7636335,0.41727346,0.6324481,0.4875515,0.32693818,0.7795318,0.7504585,0.4002137,0.4308356,0.0,0.6420688,0.76889133,0.90476036,0.6941217,0.841377,0.532261,1.0,0.14985609,0.034859866,0.8935813,0.7815971,0.29380012,0.70774156,0.37953722,0.36040804,0.78544563,0.113453135,0.5036563,0.37196362,0.84583694,0.52280605,0.031038033,0.2007037,0.6492653,0.37071776,0.39073682,0.8986057,0.17824876,0.550054,0.6436773,0.46018267,0.725396,0.7054347,0.8004501,0.25966862,0.7890761,0.38820446,0.7351535,0.0,0.30693758,0.23407605,0.16902785,0.66106534,0.45614162,0.3345674,0.36216927,0.69244325,0.3232129,0.28477028,0.44256297,0.4837572,0.494035,0.8735738,0.84225976,0.84103703,0.7220917,0.2612036,0.57332283,0.7727023,0.019947613,0.4250133,0.6823739,0.0,0.119002655,0.0,0.35107592,0.6462127,0.14163741,0.10043748,0.81056625,0.83469296,0.11718571,0.785805,0.72184825,0.8424177,0.78162265,0.8367623,0.5979219,0.043996427,0.25818196,0.06737538,0.78022,0.6251011
47627f78-25a8-49b8-baed-67cc7cb51cc3,0.0,0.49016386,0.30626467,0.89488447,0.33631408,0.505635,0.065813825,0.5303453,0.7326184,0.2581969,0.49562544,0.0,0.3974393,0.37108555,0.10436972,0.61774004,0.83439255,0.0,0.3131399,0.074797094,0.22884041,0.1505171,0.48058814,0.14985609,0.99999994,0.25216508,0.015205402,0.09163597,0.374739,0.0,0.14987136,0.0,0.34829074,0.80084276,0.48704505,0.47834054,0.276301,0.0,0.8284298,0.11614607,0.521503,0.43802744,0.18882686,0.085953385,0.30945462,0.012364342,0.29443616,0.2791241,0.022279479,0.0,0.36268276,0.9154507,0.33073676,0.18215002,0.2653263,0.2617617,0.7263222,0.5902119,0.9728116,0.0,0.12855513,0.8799543,0.48365837,0.0,0.0,0.49805903,0.47722113,0.34590286,0.0,0.0,0.09495018,0.09307037,0.0,0.54505885,0.4338754,0.20455882,0.27209842,0.4198958,0.23464055,0.30070236,0.44271106,0.2836037,0.73495394,0.30389056,0.5215939,0.44096872,0.18343522,0.33718145,0.7828965,0.0,0.24192825,0.3201986,0.35412276,0.0,0.55609393,0.83087546,0.49917564,0.23473419,0.3555839,0.05480946
4be287a3-4af7-4b0f-93da-1215dbbe7007,0.6384913,0.062091757,0.9787054,0.30369172,0.0,0.0,0.0,0.11896041,0.2383544,0.0,0.0,0.66017246,0.20770936,0.0,0.61770356,0.4034823,0.28361398,0.4225638,0.2396981,0.0,0.0,0.20424621,0.0,0.034859866,0.25216508,1.0000001,0.0,0.23229595,0.6981883,0.22822648,0.6503761,0.6233556,0.0,0.4923082,0.0,0.14571422,0.1091699,0.5786951,0.2842349,0.83627665,0.10641511,0.29593253,0.60777193,0.0,0.9275514,0.56246114,0.17123102,0.8176433,0.295846,0.37531942,0.04440426,0.3095265,0.0,0.8339917,0.0,0.8408841,0.36282805,0.6283376,0.27151898,0.27469087,0.5482545,0.3320813,0.1875162,0.22967303,0.6647364,0.018993381,0.0,0.55893916,0.5971931,0.0,0.30764773,0.24834105,0.2670493,0.4174464,0.532959,0.026714353,0.9569016,0.34579948,0.11031134,0.9458039,0.85820377,0.95224524,0.3811359,0.3512073,0.833658,0.8926736,0.0,0.17024852,0.47043937,0.17609131,0.3869106,0.0,0.014202905,0.13294727,0.13370527,0.3278624,0.0,0.9841134,0.044885054,0.4169016
4cd53847-8857-4983-ab6f-bbf44a1f863e,0.43786198,0.19557226,0.039867904,0.24594013,0.555421,0.0,0.9500952,0.5042912,0.4527377,0.544013,0.20133236,0.33173335,0.7730969,0.4862941,0.36774093,0.49407578,0.011223023,0.6847842,0.54201186,0.9180304,0.60642344,0.7879392,0.27003384,0.8935813,0.015205402,0.0,0.9999999,0.78224623,0.29810926,0.74585426,0.27968436,0.37949386,0.5633437,0.08855165,0.26724288,0.059907813,0.92160296,0.5674838,0.006748557,0.21892095,0.52403593,0.1632371,0.3090116,0.91555315,0.1585212,0.5952172,0.55712664,0.52656746,0.75882274,0.712687,0.5369046,0.18726474,0.57489705,0.38325232,0.5984187,0.0,0.32286835,0.011875461,0.024212748,0.7066948,0.44179398,0.16426183,0.114356026,0.77114546,0.32795343,0.017537244,0.19524086,0.39584872,0.5084421,0.95065904,0.900396,0.9261668,0.7461599,0.016450427,0.36907452,0.68448937,0.05172491,0.18955909,0.59336245,0.027723597,0.0,0.03064892,0.36197066,0.6857827,0.0,0.02203472,0.7611918,0.8426578,0.13228121,0.8463188,0.5691222,0.6197926,0.51769197,0.9036939,0.5096915,0.03720143,0.012675905,0.058597345,0.49056065,0.68125236
4ce2d3cb-b864-40e5-96a5-3e0877928c39,0.5832434,0.44733408,0.21562292,0.26603016,0.62029773,0.18124554,0.8404716,0.5187292,0.37312025,0.6696596,0.3586679,0.50749034,0.67923343,0.52015287,0.559909,0.5678595,0.01040554,0.89262474,0.6159821,0.83640766,0.7121854,0.92648244,0.3739821,0.7815971,0.09163597,0.23229595,0.78224623,0.99999994,0.442232,0.93173355,0.5076535,0.50751925,0.5422805,0.13546756,0.39231348,0.27772063,0.7436589,0.763487,0.006256993,0.41381675,0.6281542,0.40962374,0.53246355,0.8407134,0.4231683,0.7660403,0.72072065,0.56585574,0.93384135,0.9275712,0.6064066,0.18573773,0.6669271,0.6366441,0.7135371,0.18052992,0.38942075,0.26883858,0.12066386,0.9306333,0.64367867,0.21956152,0.3466704,0.91698426,0.5017078,0.21137781,0.39963543,0.6175029,0.63929266,0.78713477,0.82194805,0.8026346,0.9383165,0.28385997,0.50432456,0.76449776,0.21372263,0.4481666,0.7330554,0.20242067,0.30787012,0.22530189,0.45280004,0.86196864,0.2604366,0.28090855,0.7987575,0.7317051,0.17501152,0.93111396,0.64008343,0.6141207,0.5529362,0.9062836,0.6328127,0.024144176,0.20893498,0.2874916,0.54736227,0.91279435
4fb3055e-a3e6-409f-b75b-aa457c4a89bd,0.8624316,0.12912878,0.6810262,0.46428573,0.293817,0.025665296,0.3195058,0.29633564,0.539522,0.28202987,0.11026356,0.8815618,0.45993537,0.23872116,0.85905397,0.6125688,0.43281645,0.66602457,0.51722693,0.35194397,0.28550625,0.44264412,0.13171387,0.29380012,0.374739,0.6981883,0.29810926,0.442232,1.0,0.43266267,0.84687865,0.8880316,0.2540803,0.65875125,0.089870624,0.18182027,0.47318783,0.7896519,0.43325073,0.88295716,0.46124744,0.38869548,0.79828393,0.2888842,0.76329225,0.80341244,0.3762474,0.7226994,0.48515993,0.5931008,0.24325639,0.5098145,0.2956551,0.7336627,0.2934377,0.67220175,0.5946331,0.42410368,0.3729538,0.46411407,0.8089237,0.45355427,0.2586097,0.4307124,0.88183546,0.0,0.100758545,0.66122234,0.862828,0.2942101,0.5109749,0.4768727,0.43112797,0.2890514,0.62323666,0.28947785,0.70050585,0.47690338,0.38395715,0.68325144,0.6365014,0.6909021,0.58475626,0.5919973,0.59031147,0.6524123,0.30825737,0.4626692,0.7102186,0.42557147,0.6623429,0.26680005,0.23769507,0.40786448,0.3815268,0.4329493,0.0,0.7621843,0.24318817,0.55555797
5146f581-8c3c-4ddb-a6bf-90392f31cff7,0.57640743,0.27019858,0.2138107,0.17836092,0.4430832,0.0,0.74728215,0.36258328,0.3757252,0.42134234,0.16061148,0.498142,0.6394835,0.38793772,0.49725276,0.58015996,0.0,0.9388899,0.4963578,0.7536049,0.4583085,0.9155059,0.1750268,0.70774156,0.0,0.22822648,0.74585426,0.93173355,0.43266267,1.0,0.45935702,0.4856769,0.3965325,0.1454383,0.21011099,0.12650569,0.725742,0.7656061,0.014778549,0.40136755,0.43912393,0.21314989,0.4377569,0.7543625,0.35845914,0.77621835,0.47518045,0.5715987,0.9602549,0.9476491,0.40494943,0.13896665,0.46651602,0.65776724,0.4773844,0.1957951,0.4223492,0.12538543,0.008521566,0.99262375,0.5330996,0.13103873,0.15435585,0.96038675,0.49246597,0.0,0.15575203,0.44953004,0.6269637,0.7814747,0.82290554,0.79460174,0.9808616,0.09006126,0.4181353,0.5225247,0.22161815,0.2779769,0.49658382,0.21953687,0.22664921,0.2311446,0.45834854,0.9096915,0.18392643,0.23265061,0.59077704,0.69450474,0.15762703,0.9774024,0.5364555,0.4986999,0.40850163,0.9233738,0.39394045,0.0,0.0,0.2910144,0.39134133,0.9680739
56422f53-2ae2-4b6f-b750-b63ee1e07845,0.92633045,0.41062754,0.6092955,0.20361906,0.46799397,0.3121013,0.3370066,0.38623446,0.15077594,0.40185618,0.3839536,0.9345021,0.23564658,0.43398696,0.96801233,0.30709612,0.0,0.69896245,0.71571696,0.37252408,0.3973752,0.54016244,0.39690176,0.37953722,0.14987136,0.6503761,0.27968436,0.5076535,0.84687865,0.45935702,1.0,0.93541443,0.43549585,0.27562273,0.35996488,0.4986264,0.31075945,0.83836675,0.021783294,0.8921072,0.40906844,0.6602664,0.9537531,0.3196758,0.75942814,0.8467268,0.48169243,0.6459362,0.5059493,0.62064886,0.43348628,0.16266242,0.47620463,0.7093568,0.42546603,0.60798013,0.24506122,0.5968863,0.15351874,0.48880738,0.90946585,0.16474436,0.5474641,0.44872218,0.9350815,0.2818823,0.3646199,0.72009677,0.9071498,0.27602622,0.47020885,0.43843573,0.44915515,0.52972996,0.74031734,0.38875163,0.65332174,0.7555468,0.51132274,0.62561333,0.74053633,0.63749254,0.22254956,0.4557197,0.67173547,0.7106116,0.39302257,0.2692355,0.31458315,0.43348697,0.81982106,0.43153036,0.42416447,0.40957075,0.31228805,0.0,0.28251424,0.73067796,0.42940456,0.5613152
5f4c1d64-d133-4c66-89bc-b35ad29e17b8,0.9560144,0.14534765,0.59661597,0.123993754,0.33789364,0.027721686,0.3868218,0.25446287,0.18598415,0.32415447,0.12760527,0.9767252,0.29067323,0.27626607,0.96396875,0.3653385,0.0,0.74294025,0.59631836,0.407296,0.34456968,0.5174354,0.17346619,0.36040804,0.0,0.6233556,0.37949386,0.50751925,0.8880316,0.4856769,0.93541443,1.0,0.3234449,0.2684617,0.10400504,0.20081815,0.40249225,0.87572694,0.0,0.90852743,0.33213612,0.4303351,0.88380134,0.3343185,0.70802,0.90768266,0.40082663,0.6736468,0.5442526,0.6619762,0.29450753,0.115928955,0.34215432,0.7058545,0.33958814,0.5903101,0.25775596,0.36149147,0.0,0.51901436,0.8970718,0.091096096,0.28693125,0.51590824,0.9767413,0.0,0.116605364,0.6424889,0.95919347,0.34048203,0.52524346,0.49851933,0.48379093,0.26355493,0.60949403,0.34915018,0.6418907,0.52913123,0.43707806,0.59962165,0.5803572,0.6102817,0.23791549,0.48718488,0.5023588,0.58248603,0.37032863,0.33210558,0.33190742,0.48090452,0.7629843,0.30876106,0.274287,0.46209967,0.23473825,0.016504895,0.0,0.7113196,0.28143564,0.5890173
60bce0c4-e075-416e-b530-453c6922b587,0.3192241,0.7181519,0.02427118,0.46449053,0.9225699,0.6440552,0.6420256,0.9188811,0.23670329,0.63866556,0.8212132,0.2827383,0.418802,0.9698377,0.43727636,0.29593697,0.0,0.401025,0.9300444,0.6233461,0.69367826,0.71868217,0.863967,0.78544563,0.34829074,0.0,0.5633437,0.5422805,0.2540803,0.3965325,0.43549585,0.3234449,1.0,0.07547309,0.75924236,0.65952224,0.52468127,0.35486645,0.0,0.17356989,0.59020144,0.66350424,0.49382335,0.5940795,0.18362072,0.4041931,0.63165265,0.27576658,0.41999853,0.43073723,0.9505746,0.32130164,0.88735676,0.19659385,0.7613472,0.0,0.17351118,0.48393553,0.3074004,0.38283062,0.42585292,0.38208702,0.6967748,0.4355598,0.27951667,0.6245752,0.7280217,0.46601197,0.37492907,0.49056655,0.4877624,0.4844124,0.39159888,0.55888456,0.73866475,0.69076294,0.02875138,0.66770685,0.6522904,0.0,0.27658215,0.0,0.18363675,0.37796554,0.3340609,0.23035243,0.70000404,0.4784977,0.10134298,0.44632733,0.8449115,0.95863605,0.9600389,0.47944874,0.60126376,0.031707004,0.6032094,0.041619055,0.94795126,0.35948431
62e301a3-cc55-44ee-8d66-0cdb6a5d0c0d,0.28748754,0.039568234,0.529673,0.7991904,0.07906239,0.0,0.094907366,0.2526312,0.8672329,0.07518301,0.03275316,0.27474135,0.5177393,0.07091075,0.26297414,0.7778444,0.9336858,0.20608208,0.17301121,0.10454293,0.084808,0.13546929,0.033633642,0.113453135,0.80084276,0.4923082,0.08855165,0.13546756,0.65875125,0.1454383,0.27562273,0.2684617,0.07547309,0.99999994,0.026695553,0.10233221,0.40996003,0.24585062,0.9549426,0.39295593,0.4937467,0.12123274,0.24898192,0.08581139,0.4947133,0.24962139,0.16611221,0.50572175,0.14921126,0.1761772,0.07225791,0.9030159,0.10379041,0.41421187,0.087163985,0.46986473,0.89207083,0.33433023,0.80803776,0.14322102,0.23957315,0.8287671,0.08047656,0.13242105,0.27491167,0.0,0.029929748,0.38692147,0.26794803,0.087393425,0.25804847,0.22743317,0.13254881,0.19253692,0.338569,0.08025522,0.49085832,0.16864453,0.12911578,0.50316155,0.42397308,0.5006804,0.85057735,0.46893173,0.46700594,0.46003053,0.091566086,0.46274984,0.964763,0.12984872,0.20429292,0.07925142,0.067558214,0.119301304,0.44184488,0.9302435,0.0,0.4803881,0.07223765,0.23103543
6a46c140-d217-4b21-a864-dcc86a03328e,0.14597541,0.9621976,0.0,0.38756704,0.7534893,0.93444353,0.37300834,0.7291473,0.12953556,0.57918507,0.96245587,0.10000723,0.21726358,0.79648054,0.31393498,0.11325571,0.022555938,0.19640265,0.7006378,0.3929956,0.57411176,0.47887528,0.9399937,0.5036563,0.48704505,0.0,0.26724288,0.39231348,0.089870624,0.21011099,0.35996488,0.10400504,0.75924236,0.026695553,1.0000001,0.90151155,0.24961692,0.19525278,0.013563193,0.09208999,0.49650997,0.895959,0.47018096,0.41269082,0.19404335,0.15885216,0.5745126,0.13388018,0.20780872,0.19899541,0.79017085,0.25601444,0.7556046,0.10698018,0.6450511,0.0,0.07967664,0.7234746,0.48510507,0.19860256,0.31182688,0.3321954,0.94902456,0.19742033,0.09886771,0.9566827,0.9315572,0.43408477,0.14803644,0.2834128,0.25303844,0.27515888,0.21053863,0.8692532,0.6093052,0.5497412,0.0,0.83576226,0.57310045,0.0,0.43985465,0.026399117,0.09526597,0.19098574,0.48248875,0.32798725,0.5367511,0.23533699,0.06273046,0.23935163,0.5799898,0.7429494,0.78222233,0.26776674,0.5529491,0.0,0.95322424,0.014721056,0.7687663,0.20923916
6b34b498-54a0-4051-903e-b9197aa9de94,0.23594335,0.9241707,0.13651027,0.3373244,0.6548234,0.91978586,0.18768388,0.63501626,0.032295894,0.4967672,0.9121909,0.20716834,0.05047501,0.6944695,0.3905064,0.06724111,0.0,0.15801004,0.6917384,0.20903578,0.48495638,0.36839297,0.8863285,0.37196362,0.47834054,0.14571422,0.059907813,0.27772063,0.18182027,0.12650569,0.4986264,0.20081815,0.65952224,0.10233221,0.90151155,0.99999994,0.06656403,0.18810591,0.053917482,0.19175798,0.49504358,0.886245,0.52591854,0.2193149,0.2978042,0.188362,0.51356375,0.14337116,0.11703865,0.13640529,0.6944123,0.22367671,0.68416846,0.15264376,0.54859054,0.11965048,0.08988482,0.7967278,0.4870728,0.113811135,0.37593165,0.29704028,0.9387599,0.10373204,0.2070409,0.9082359,0.8899637,0.4854067,0.20097855,0.05912424,0.10332134,0.09490755,0.103832126,0.88246137,0.61494243,0.43662253,0.14582652,0.9157866,0.5173099,0.14016622,0.5710766,0.14336082,0.05164212,0.09964785,0.58715135,0.46329975,0.40609813,0.05766968,0.06870429,0.09869175,0.5734929,0.6118524,0.6671346,0.08889893,0.4393235,0.0,0.9114654,0.16406588,0.6711605,0.12888084
6cc675f4-9587-41d6-91e3-899f396beab1,0.45524257,0.1930346,0.14238492,0.48304588,0.5399909,0.0,0.9046463,0.52304715,0.7336004,0.5134951,0.19973385,0.36859146,0.9044363,0.47443178,0.3824571,0.68305194,0.3256052,0.686337,0.52923554,0.89989364,0.57923305,0.7490089,0.24377978,0.84583694,0.276301,0.1091699,0.92160296,0.7436589,0.47318783,0.725742,0.31075945,0.40249225,0.52468127,0.40996003,0.24961692,0.06656403,1.0,0.55971456,0.31937516,0.27655733,0.64464533,0.15771651,0.32391053,0.8837807,0.2502129,0.5854731,0.5489688,0.59447193,0.7237109,0.69904757,0.5097866,0.47178954,0.56476843,0.44686344,0.58372706,0.11332455,0.57673776,0.0806356,0.27089792,0.6876167,0.4382863,0.43853718,0.1142129,0.7230884,0.36439157,0.0,0.19190282,0.4636547,0.53424335,0.9166546,0.91719556,0.91459143,0.7260549,0.04061821,0.4263546,0.64601964,0.12702133,0.21062055,0.56270576,0.11551463,0.08944273,0.113514155,0.5993812,0.7830956,0.1129069,0.10201228,0.72749496,0.9505417,0.4321283,0.8258574,0.5567482,0.6004137,0.49264193,0.868804,0.60094154,0.34273434,0.0,0.15071288,0.4792819,0.680222
6d807f3a-a6f7-4bd1-9559-7d534e353dc6,0.9438349,0.2145923,0.54214215,0.1551856,0.38551116,0.0,0.56447995,0.3090328,0.28264964,0.3665952,0.14829808,0.90007675,0.4677363,0.3410592,0.8986271,0.46506932,0.029675307,0.9216037,0.5928064,0.58743227,0.40508765,0.73826545,0.15730506,0.52280605,0.0,0.5786951,0.5674838,0.763487,0.7896519,0.7656061,0.83836675,0.87572694,0.35486645,0.24585062,0.19525278,0.18810591,0.55971456,1.0000001,0.017844168,0.84809554,0.38599616,0.45038885,0.8556128,0.54793036,0.713123,0.9563426,0.47403738,0.73474294,0.7953447,0.8549559,0.3523323,0.120910004,0.41154242,0.7846618,0.41949517,0.47715467,0.32297474,0.33166724,0.032011013,0.7933649,0.83092874,0.114012204,0.29812717,0.7476411,0.89786845,0.046371028,0.1399819,0.60445863,0.9413469,0.5859337,0.72358775,0.712911,0.7605112,0.28454497,0.5750761,0.42626742,0.5775483,0.48399228,0.51714957,0.55666155,0.5467591,0.6056308,0.36461073,0.7161106,0.46636713,0.5516779,0.482927,0.51744175,0.33306825,0.75207174,0.7385175,0.41241157,0.35913816,0.7280503,0.3637387,0.0,0.033516936,0.66495043,0.34552428,0.8597258
6e8429bb-4b3a-4f9f-90fd-1714a5be004d,0.03192647,0.0,0.32952318,0.7923252,0.0,0.0,0.0,0.19722712,0.84889024,0.0,0.0,0.0,0.45947155,0.0,0.010083706,0.7135536,0.97671187,0.0,0.022173401,0.0,0.0,0.0,0.0,0.031038033,0.8284298,0.2842349,0.006748557,0.006256993,0.43325073,0.014778549,0.021783294,0.0,0.0,0.9549426,0.013563193,0.053917482,0.31937516,0.017844168,0.9999999,0.14564547,0.43133065,0.020531548,0.01686668,0.0,0.27597058,0.0,0.05444937,0.29364768,0.0,0.0,0.0,0.90289116,0.018929698,0.20531547,0.0,0.295052,0.86927223,0.20994297,0.8512365,0.0,0.0,0.83158255,0.011151184,0.0,0.0,0.016911058,0.0,0.21089724,0.0,0.008325361,0.107025735,0.0961132,0.0,0.12161668,0.16947442,0.0,0.2819192,0.023991274,0.02186659,0.30075407,0.23287322,0.3082119,0.8181344,0.3512658,0.29396456,0.2655993,0.0,0.389786,0.9187039,0.0,0.0,0.0,0.0054196203,0.007906088,0.40815973,0.9605025,0.012223297,0.2511336,0.0,0.07104701
7035b887-e0d1-4c02-af63-02688ffbb884,0.90682584,0.11699663,0.8120799,0.1870475,0.21488339,0.030682284,0.21826403,0.17004606,0.21956986,0.20748334,0.07532436,0.9082682,0.23397548,0.1630776,0.90336186,0.39503866,0.15512465,0.65087616,0.47136706,0.2404235,0.1950379,0.39706922,0.09944904,0.2007037,0.11614607,0.83627665,0.21892095,0.41381675,0.88295716,0.40136755,0.8921072,0.90852743,0.17356989,0.39295593,0.09208999,0.19175798,0.27655733,0.84809554,0.14564547,0.9999999,0.24507153,0.44918746,0.86525965,0.19734547,0.8939237,0.8095844,0.32040215,0.78643507,0.45255995,0.57623464,0.16617575,0.22097804,0.20197089,0.8286734,0.2004561,0.80132556,0.33049244,0.5053866,0.1409131,0.44439316,0.8264405,0.17326947,0.2888317,0.4007058,0.9105709,0.038273655,0.06883119,0.68248785,0.8662743,0.219826,0.46022585,0.43749723,0.40109247,0.38295212,0.65013427,0.20763856,0.83927953,0.4860949,0.32827824,0.8168117,0.7642171,0.8552218,0.3009419,0.47354123,0.70332795,0.781447,0.21057987,0.2520504,0.45088062,0.37235418,0.6318327,0.18225913,0.17989929,0.3658189,0.2347891,0.13802163,0.027664166,0.8916364,0.16612914,0.57560277
70891974-6c4a-456b-a56c-3684d6d94556,0.3864802,0.5208846,0.12337065,0.5829655,0.723087,0.3770419,0.69125926,0.6146834,0.58518726,0.8453523,0.5468732,0.31936926,0.62501395,0.5909211,0.3943042,0.51237684,0.3804165,0.4320741,0.64040375,0.7070515,0.87061083,0.53221285,0.5280628,0.6492653,0.521503,0.10641511,0.52403593,0.6281542,0.46124744,0.43912393,0.40906844,0.33213612,0.59020144,0.4937467,0.49650997,0.49504358,0.64464533,0.38599616,0.43133065,0.24507153,0.99999994,0.4953738,0.42799902,0.68918353,0.35080492,0.40988892,0.87204117,0.3664639,0.44424766,0.45675427,0.68135965,0.568632,0.8302051,0.2818506,0.867522,0.11046492,0.51920396,0.36442208,0.5609043,0.4036007,0.5569769,0.5468995,0.47006363,0.3947704,0.31573024,0.3859111,0.6325712,0.7383715,0.41365513,0.5171817,0.55429494,0.5444764,0.41284466,0.39593253,0.50336814,0.84386456,0.10554813,0.5759967,0.8805212,0.11259974,0.2906191,0.11064974,0.52087563,0.53366745,0.29872835,0.23865145,0.8515178,0.65888405,0.4757774,0.47162658,0.56577694,0.6227039,0.5981967,0.5042914,0.9211137,0.38053322,0.40678197,0.14103338,0.59848887,0.40348834
72ecbbbb-d28d-4a25-96a1-984662445dc9,0.46083283,0.89023685,0.27724013,0.33585715,0.66823566,0.8432199,0.27501023,0.62472373,0.07652175,0.56341153,0.8728492,0.44040117,0.11959526,0.69283074,0.62634283,0.13507633,0.03414449,0.3303426,0.7364266,0.30443484,0.5607705,0.4502725,0.84528816,0.37071776,0.43802744,0.29593253,0.1632371,0.40962374,0.38869548,0.21314989,0.6602664,0.4303351,0.66350424,0.12123274,0.895959,0.886245,0.15771651,0.45038885,0.020531548,0.44918746,0.4953738,1.0000001,0.7682861,0.29803097,0.49522588,0.40013468,0.6077021,0.30110037,0.23918062,0.2824061,0.69941694,0.22110046,0.6958851,0.30769232,0.611279,0.241186,0.09127401,0.82420295,0.45579553,0.2295785,0.58004177,0.28735274,0.9763045,0.21226649,0.4406742,0.8879735,0.86528826,0.59387773,0.42951167,0.16635534,0.22792575,0.2453166,0.21247129,0.9363172,0.68775046,0.50855535,0.29762673,0.95156693,0.61745524,0.28466505,0.67961454,0.32968795,0.10488053,0.20237586,0.67572266,0.5719144,0.4892578,0.13664228,0.18991892,0.20814312,0.7029413,0.6258458,0.67540973,0.21617979,0.53924525,0.0,0.8869877,0.3342643,0.66967833,0.29237527
73f3bb61-7aac-49e3-af05-f2dd383f2102,0.90919936,0.4819708,0.56938237,0.23399697,0.49926603,0.36015677,0.36291575,0.4401849,0.15715666,0.4306667,0.46365395,0.9044745,0.24561895,0.4957925,0.965377,0.27741322,0.02804972,0.67844164,0.7296644,0.4015261,0.45469055,0.55091363,0.45397303,0.39073682,0.18882686,0.60777193,0.3090116,0.53246355,0.79828393,0.4377569,0.9537531,0.88380134,0.49382335,0.24898192,0.47018096,0.52591854,0.32391053,0.8556128,0.01686668,0.86525965,0.42799902,0.7682861,0.9999999,0.3484157,0.7578175,0.8217772,0.53098065,0.6183854,0.49121755,0.579992,0.49588805,0.16326666,0.5296162,0.6319236,0.48520988,0.49533612,0.18745413,0.62885267,0.20802017,0.47149718,0.8675672,0.18987471,0.6406645,0.43594265,0.90503526,0.39917397,0.44620723,0.6733732,0.88211024,0.30928546,0.46810284,0.4660329,0.43636325,0.621858,0.7082934,0.42108116,0.61125135,0.79059595,0.5681653,0.58463126,0.7356029,0.62785375,0.21539854,0.41562974,0.67755663,0.69441617,0.44211817,0.2806293,0.33989748,0.42747426,0.8418491,0.4865077,0.48461542,0.41324255,0.4033196,0.0,0.39073125,0.68649584,0.48830974,0.56443816
74293659-a2ab-4c3c-8f72-343b020d30cd,0.42110378,0.37679568,0.0,0.2708289,0.6972568,0.16867527,0.98364764,0.5488101,0.45362264,0.73361397,0.3762683,0.32146776,0.78303415,0.5900148,0.3546722,0.40818202,0.0,0.6851051,0.59951544,0.98846847,0.77323353,0.78887236,0.38161314,0.8986057,0.085953385,0.0,0.91555315,0.8407134,0.2888842,0.7543625,0.3196758,0.3343185,0.5940795,0.08581139,0.41269082,0.2193149,0.8837807,0.54793036,0.0,0.19734547,0.68918353,0.29803097,0.3484157,1.0,0.20963222,0.5501096,0.75085527,0.47748408,0.75079834,0.7246146,0.6464208,0.21101138,0.7405443,0.38973284,0.78893447,0.0,0.2814971,0.12786636,0.09124685,0.71577847,0.5040067,0.20781665,0.26562935,0.7037896,0.3178048,0.17264304,0.41235697,0.54662865,0.5039437,0.9512979,0.9119694,0.91161454,0.75393975,0.15941364,0.44280896,0.8323358,0.0,0.3444246,0.7666676,0.0,0.091008924,0.0,0.34334567,0.6983262,0.08440455,0.062279146,0.8954541,0.85665065,0.115224935,0.8539602,0.57948565,0.71010375,0.6172561,0.90780365,0.68362474,0.0,0.18197992,0.047320027,0.5955912,0.6777615
79543249-aeb7-447d-9725-94352e05d41c,0.7440276,0.25127822,0.9272875,0.31609622,0.22970125,0.14288823,0.2070013,0.2250511,0.29537398,0.2782114,0.1908532,0.7426959,0.25261727,0.18499589,0.7463559,0.46259657,0.28150973,0.5506549,0.42471617,0.21268734,0.28384277,0.37147376,0.18241788,0.17824876,0.30945462,0.9275514,0.1585212,0.4231683,0.76329225,0.35845914,0.75942814,0.70802,0.18362072,0.4947133,0.19404335,0.2978042,0.2502129,0.713123,0.27597058,0.8939237,0.35080492,0.49522588,0.7578175,0.20963222,1.0,0.67479026,0.44550282,0.8645246,0.40062803,0.48260188,0.21770287,0.3560144,0.25803027,0.8399419,0.2808477,0.8163302,0.39483032,0.68646646,0.32713217,0.4031411,0.7171873,0.31276202,0.37093142,0.3533624,0.74533755,0.17024346,0.22397318,0.75145733,0.70823556,0.15881029,0.4460657,0.39838147,0.35873234,0.53516847,0.65404224,0.27239317,0.92768675,0.5284262,0.39608765,0.9174506,0.91413236,0.94349545,0.3851865,0.46805245,0.87886405,0.9232637,0.27136236,0.25750154,0.5002481,0.3189462,0.5501399,0.1904327,0.19394782,0.2941466,0.3981398,0.28121212,0.17150177,0.94869626,0.18746571,0.543466
7d95baf6-9014-479f-825c-8329b36563da,0.9270297,0.22065139,0.54854614,0.18180667,0.4064788,0.0,0.58942235,0.35316184,0.28406304,0.39941844,0.15747759,0.91224706,0.4688217,0.3600684,0.8918942,0.50852567,0.0,0.93551475,0.6268294,0.59852755,0.44178578,0.76779735,0.18847218,0.550054,0.012364342,0.56246114,0.5952172,0.7660403,0.80341244,0.77621835,0.8467268,0.90768266,0.4041931,0.24962139,0.15885216,0.188362,0.5854731,0.9563426,0.0,0.8095844,0.40988892,0.40013468,0.8217772,0.5501096,0.67479026,1.0,0.4999656,0.74974614,0.814073,0.86551297,0.38419604,0.13811006,0.43555468,0.76948977,0.44285002,0.4614235,0.3423112,0.33368868,0.0098443525,0.79996765,0.85915095,0.120213225,0.2702605,0.7922859,0.91065204,0.0,0.14817694,0.6126567,0.9516653,0.5616383,0.71749526,0.69695926,0.76781094,0.23582695,0.5811743,0.4584571,0.5925023,0.49325064,0.53105223,0.5635892,0.52802694,0.5672792,0.3862214,0.72120667,0.4532842,0.5494741,0.51393735,0.5217343,0.30617774,0.758243,0.7820384,0.42964295,0.36155137,0.70619977,0.33653793,0.016133606,0.0,0.6573756,0.36497205,0.84281164
7da7a7d5-e468-4f10-a91c-c07fd503dc72,0.4367584,0.61996037,0.1826604,0.35853028,0.7913573,0.45777434,0.743289,0.6103158,0.30186522,0.963613,0.626558,0.39600384,0.485839,0.63734025,0.47985956,0.31413183,0.05433042,0.5011085,0.6798204,0.74958265,0.96954805,0.59790504,0.6035718,0.6436773,0.29443616,0.17123102,0.55712664,0.72072065,0.3762474,0.47518045,0.48169243,0.40082663,0.63165265,0.16611221,0.5745126,0.51356375,0.5489688,0.47403738,0.05444937,0.32040215,0.87204117,0.6077021,0.53098065,0.75085527,0.44550282,0.4999656,1.0,0.42843342,0.52123207,0.52924883,0.7478446,0.29778942,0.8807382,0.360756,0.9625565,0.15148938,0.21785161,0.467097,0.3064642,0.4682261,0.6938095,0.28659904,0.57070065,0.44737938,0.3935964,0.46895725,0.73613185,0.8120302,0.49029052,0.53869426,0.59102345,0.5868739,0.47005332,0.5032564,0.56790966,0.94354403,0.18779942,0.65812826,0.9843191,0.19502297,0.40187043,0.18678822,0.2850952,0.48111135,0.37948382,0.34834298,0.940691,0.5487368,0.18707456,0.5192819,0.6438569,0.669839,0.6514745,0.5512555,0.89219344,0.057404116,0.49602398,0.22161606,0.6448794,0.46651727
7f86a08d-6dd5-4fe9-9472-d02c920c1ff3,0.7144702,0.1506506,0.85808593,0.392186,0.27188826,0.0,0.48956653,0.32314205,0.4856553,0.27793851,0.09855571,0.67908233,0.5461884,0.23804945,0.65835094,0.63158196,0.29300618,0.68743634,0.4529273,0.47535676,0.29685485,0.5663474,0.13218628,0.46018267,0.2791241,0.8176433,0.52656746,0.56585574,0.7226994,0.5715987,0.6459362,0.6736468,0.27576658,0.50572175,0.13388018,0.14337116,0.59447193,0.73474294,0.29364768,0.78643507,0.3664639,0.30110037,0.6183854,0.47748408,0.8645246,0.74974614,0.42843342,1.0,0.6135175,0.63783294,0.26282418,0.42103946,0.28142214,0.8743492,0.29293644,0.7307508,0.5151767,0.53449565,0.27162123,0.586338,0.6608124,0.34843916,0.19708058,0.5832108,0.680804,0.0,0.09557381,0.67821205,0.72280294,0.49776596,0.7402587,0.70719886,0.57377744,0.33105835,0.63950884,0.34067553,0.8568518,0.3634372,0.38234818,0.8481991,0.7290021,0.8394637,0.5250102,0.66416913,0.72482747,0.79100126,0.38236317,0.56534946,0.48989892,0.5843581,0.58141613,0.30860958,0.25066805,0.5752645,0.37986594,0.32779348,0.0,0.84858084,0.240138,0.6951958
83cf8df8-0344-41ec-a14f-761cb61a2216,0.62095284,0.26183072,0.27817056,0.26480997,0.4679476,0.0,0.7514776,0.45190528,0.37160826,0.46820343,0.17067806,0.5589771,0.6894352,0.410142,0.5579793,0.5638034,0.0,0.9354881,0.52583975,0.75865316,0.48480672,0.90228564,0.18546697,0.725396,0.022279479,0.295846,0.75882274,0.93384135,0.48515993,0.9602549,0.5059493,0.5442526,0.41999853,0.14921126,0.20780872,0.11703865,0.7237109,0.7953447,0.0,0.45255995,0.44424766,0.23918062,0.49121755,0.75079834,0.40062803,0.814073,0.52123207,0.6135175,1.0000001,0.96567005,0.46200222,0.16590828,0.48589733,0.69934326,0.50468343,0.2241642,0.39562702,0.18415356,0.03547735,0.9652719,0.6190752,0.19455135,0.17320642,0.92724276,0.55260795,0.014683528,0.16504249,0.47850922,0.6820302,0.7702626,0.8273521,0.8139026,0.97840405,0.12453594,0.45322573,0.5627808,0.28009024,0.30031556,0.5393696,0.29196754,0.25948882,0.29029718,0.51353467,0.88648045,0.21057588,0.2986458,0.60927683,0.73016006,0.17640069,0.9516992,0.5837282,0.51825243,0.44103298,0.9076653,0.41346297,0.021803528,0.0,0.36490008,0.4486218,0.9434345
83ef1d8a-fe41-4801-b538-6bb6b990fabd,0.70701593,0.26071617,0.3374199,0.23229782,0.5056364,0.024862776,0.73297304,0.43060446,0.35584807,0.48337364,0.17548305,0.65399736,0.65885085,0.42003763,0.6588191,0.57831496,0.0,0.96203756,0.5816583,0.74032503,0.49671307,0.8984449,0.20818189,0.7054347,0.0,0.37531942,0.712687,0.9275712,0.5931008,0.9476491,0.62064886,0.6619762,0.43073723,0.1761772,0.19899541,0.13640529,0.69904757,0.8549559,0.0,0.57623464,0.45675427,0.2824061,0.579992,0.7246146,0.48260188,0.86551297,0.52924883,0.63783294,0.96567005,0.99999994,0.4687106,0.16751257,0.49842846,0.78132355,0.5168406,0.363408,0.42066056,0.21395314,0.016057424,0.9579856,0.7045692,0.1924523,0.19939613,0.9172887,0.64885217,0.01329184,0.16931993,0.58541775,0.76121926,0.73542905,0.820702,0.7857803,0.9620511,0.15879536,0.55712736,0.583053,0.33855528,0.35199332,0.54840267,0.33094355,0.33365735,0.34408623,0.4724831,0.9032935,0.27726215,0.33975226,0.60942566,0.7035072,0.21093747,0.9320761,0.64819634,0.52234495,0.45886874,0.89896846,0.42105985,0.019737015,0.0,0.4361025,0.45546243,0.9503238
8408401e-694d-4008-bd1a-d0d90d78d6f5,0.31069064,0.7677099,0.03217461,0.5075638,0.9508155,0.67907315,0.6663842,0.94418186,0.23944716,0.75256383,0.85212433,0.27069354,0.499472,0.95071745,0.42008403,0.25724787,0.0,0.40166152,0.9000249,0.66382706,0.7880043,0.6939957,0.8633785,0.8004501,0.36268276,0.04440426,0.5369046,0.6064066,0.24325639,0.40494943,0.43348628,0.29450753,0.9505746,0.07225791,0.79017085,0.6944123,0.5097866,0.3523323,0.0,0.16617575,0.68135965,0.69941694,0.49588805,0.6464208,0.21770287,0.38419604,0.7478446,0.26282418,0.46200222,0.4687106,1.0,0.31982976,0.9391092,0.24279122,0.8534474,0.0,0.15603128,0.5416655,0.35588902,0.39095667,0.4709865,0.4467908,0.72909296,0.40720874,0.26760915,0.6845901,0.80506456,0.5516043,0.36730477,0.5009794,0.49811578,0.4934762,0.43682593,0.62528294,0.7225726,0.80289304,0.012704567,0.7094445,0.7591294,0.0,0.30569595,0.0,0.23081192,0.3877115,0.3471656,0.24549991,0.7786964,0.5369829,0.09702574,0.45488223,0.8014433,0.94150233,0.9619155,0.4906168,0.7040639,0.042031765,0.6524365,0.06436673,0.9800356,0.36595306
8a27105f-d9e0-49ad-84fc-41ff5c010769,0.10661982,0.24324708,0.3708061,0.92869705,0.34287825,0.23621035,0.21542633,0.5091002,0.874536,0.26807028,0.2778646,0.09289401,0.58041286,0.32964328,0.14885312,0.7682799,0.9061566,0.13783833,0.31735295,0.21936855,0.23833603,0.23514412,0.29183257,0.25966862,0.9154507,0.3095265,0.18726474,0.18573773,0.5098145,0.13896665,0.16266242,0.115928955,0.32130164,0.9030159,0.25601444,0.22367671,0.47178954,0.120910004,0.90289116,0.22097804,0.568632,0.22110046,0.16326666,0.21101138,0.3560144,0.13811006,0.29778942,0.42103946,0.16590828,0.16751257,0.31982976,0.9999999,0.3082297,0.3229557,0.2698703,0.37972537,0.86211044,0.40320954,0.89272654,0.13416475,0.19882585,0.916119,0.23207445,0.13025008,0.091835536,0.21046656,0.25023204,0.41567996,0.12604812,0.1719213,0.28748763,0.27753997,0.13723762,0.3019849,0.47738096,0.25161958,0.32589734,0.22393757,0.24553138,0.35662803,0.34657925,0.34023476,0.85540307,0.4856365,0.429878,0.39142823,0.24017307,0.5360146,0.88443446,0.15610212,0.27196681,0.32671112,0.33749923,0.1798446,0.59263784,0.90761364,0.20114313,0.29740927,0.32447696,0.19286153
8b9f7985-5ef6-485d-959c-fd171563bb8a,0.382839,0.75096595,0.0,0.42500424,0.9605706,0.6271372,0.7456343,0.82836246,0.2740174,0.8809699,0.8194452,0.32900238,0.4843765,0.9046962,0.4564812,0.252497,0.0,0.46468621,0.88258874,0.76148635,0.9083817,0.6940076,0.80571496,0.7890761,0.33073676,0.0,0.57489705,0.6669271,0.2956551,0.46651602,0.47620463,0.34215432,0.88735676,0.10379041,0.7556046,0.68416846,0.56476843,0.41154242,0.018929698,0.20197089,0.8302051,0.6958851,0.5296162,0.7405443,0.25803027,0.43555468,0.8807382,0.28142214,0.48589733,0.49842846,0.9391092,0.3082297,1.0,0.22716251,0.9592494,0.0,0.17388737,0.4737847,0.3265461,0.44277287,0.5674544,0.34926826,0.70435226,0.43150896,0.3252536,0.6219269,0.82463527,0.6656184,0.43535584,0.5673776,0.5641345,0.5603945,0.45291397,0.5636091,0.6829506,0.8871889,0.0,0.7359717,0.9002652,0.0,0.2975706,0.0,0.21238993,0.4369556,0.32000917,0.22722492,0.8941178,0.5534191,0.1179256,0.5163132,0.78195715,0.912402,0.90423167,0.5544096,0.81095535,0.0,0.6234982,0.048429124,0.8967869,0.41589943
8db95983-f362-4452-a960-11964662f0bf,0.72146773,0.17668822,0.80789506,0.31885174,0.26787034,0.04277203,0.3832589,0.2790268,0.36347833,0.25910908,0.078753315,0.6984487,0.4919714,0.19350547,0.6939481,0.6104411,0.20486695,0.75978804,0.42911375,0.38263828,0.22819233,0.60355675,0.11745462,0.38820446,0.18215002,0.8339917,0.38325232,0.6366441,0.7336627,0.65776724,0.7093568,0.7058545,0.19659385,0.41421187,0.10698018,0.15264376,0.44686344,0.7846618,0.20531547,0.8286734,0.2818506,0.30769232,0.6319236,0.38973284,0.8399419,0.76948977,0.360756,0.8743492,0.69934326,0.78132355,0.24279122,0.3229557,0.22716251,1.0,0.23816067,0.82511,0.5183059,0.51484454,0.20027378,0.69146854,0.70805097,0.31858674,0.2052292,0.63959247,0.6984269,0.017149704,0.0771049,0.7067822,0.72363377,0.40275505,0.64262396,0.58262694,0.687736,0.3461663,0.6757199,0.32161602,0.7902503,0.36765084,0.32080078,0.78282887,0.7255344,0.79424834,0.5112925,0.75168175,0.6856598,0.7541728,0.29879674,0.48800817,0.40696913,0.6167203,0.5307348,0.25220653,0.23653588,0.5903371,0.2977922,0.24192266,0.0,0.8486599,0.23544885,0.77723086
8e5d4ae9-8fb2-45af-aae1-40e41e752b6e,0.3725609,0.66271627,0.0,0.35512632,0.89349854,0.51220477,0.78937817,0.7049764,0.28321585,0.95707256,0.70648944,0.32653484,0.5041945,0.770017,0.4296639,0.2628278,0.0,0.47674716,0.76206386,0.8006836,0.98344296,0.6487267,0.6879143,0.7351535,0.2653263,0.0,0.5984187,0.7135371,0.2934377,0.4773844,0.42546603,0.33958814,0.7613472,0.087163985,0.6450511,0.54859054,0.58372706,0.41949517,0.0,0.2004561,0.867522,0.611279,0.48520988,0.78893447,0.2808477,0.44285002,0.9625565,0.29293644,0.50468343,0.5168406,0.8534474,0.2698703,0.9592494,0.23816067,1.0000001,0.0,0.16491285,0.38698882,0.2690276,0.46088868,0.6039872,0.290303,0.5990382,0.44798845,0.32281417,0.5171254,0.77544487,0.71464527,0.4394142,0.59059167,0.5872158,0.5822474,0.47144476,0.47269416,0.57639,0.9601536,0.0,0.65199983,0.9672399,0.0,0.2611227,0.0,0.22107977,0.45635438,0.2572049,0.1885501,0.96416104,0.5760621,0.11704115,0.5366268,0.690844,0.79785895,0.7806585,0.5779679,0.87746954,0.0,0.53185916,0.048065905,0.7735054,0.43189034
919278a5-6e46-4b47-9a6b-d4022e747c9f,0.5211127,0.053268407,0.85228586,0.25659823,0.09031025,0.08381761,0.0,0.06387293,0.2474254,0.09446687,0.0,0.5393913,0.1406179,0.0,0.553306,0.44999075,0.2944074,0.3521591,0.23941973,0.0,0.0,0.17522246,0.060372014,0.0,0.2617617,0.8408841,0.0,0.18052992,0.67220175,0.1957951,0.60798013,0.5903101,0.0,0.46986473,0.0,0.11965048,0.11332455,0.47715467,0.295052,0.80132556,0.11046492,0.241186,0.49533612,0.0,0.8163302,0.4614235,0.15148938,0.7307508,0.2241642,0.363408,0.0,0.37972537,0.0,0.82511,0.0,0.9999999,0.45738035,0.5327742,0.25803363,0.23565681,0.57382274,0.2693119,0.1539754,0.19703609,0.542577,0.0,0.0,0.6743753,0.48854414,0.0,0.2754351,0.22033514,0.1972262,0.3399973,0.64440084,0.063025035,0.8406702,0.28182772,0.08922814,0.8367598,0.7522854,0.84184676,0.32884425,0.40791398,0.7438723,0.7882156,0.0,0.12623402,0.43863124,0.15106842,0.31422698,0.0,0.03350778,0.16293605,0.13879368,0.31106326,0.0,0.8384465,0.0,0.36286774
94141fff-971c-4f52-8395-528bde27315a,0.25699595,0.11125739,0.40982646,0.7564945,0.19016978,0.03443863,0.29680932,0.31611902,0.88953465,0.18436721,0.05548338,0.21331196,0.6434201,0.13401341,0.24655186,0.94327533,0.84881616,0.39099202,0.23687682,0.27885312,0.1759145,0.39339945,0.11317463,0.30693758,0.7263222,0.36282805,0.32286835,0.38942075,0.5946331,0.4223492,0.24506122,0.25775596,0.17351118,0.89207083,0.07967664,0.08988482,0.57673776,0.32297474,0.86927223,0.33049244,0.51920396,0.09127401,0.18745413,0.2814971,0.39483032,0.3423112,0.21785161,0.5151767,0.39562702,0.42066056,0.15603128,0.86211044,0.17388737,0.5183059,0.16491285,0.45738035,1.0000001,0.24544889,0.7339831,0.41370976,0.27055562,0.7745763,0.06609751,0.43851903,0.21088138,0.0,0.053804673,0.4272629,0.2593715,0.29608637,0.41291615,0.38063914,0.40517735,0.1376818,0.38262308,0.22982222,0.37598574,0.13277383,0.18747449,0.37245473,0.31796944,0.37404865,0.9077982,0.71870995,0.34804454,0.34916016,0.22791913,0.60117996,0.86015517,0.39569855,0.23412238,0.1759926,0.15488477,0.3866159,0.47954488,0.86287737,0.0,0.36034667,0.1351892,0.45905128
95381c19-145e-4e11-ab3f-3555b2a07941,0.3697421,0.7656387,0.63180935,0.49557802,0.47231007,0.7531687,0.09790625,0.57292664,0.17605448,0.36633533,0.7210943,0.3818825,0.1485681,0.51473033,0.5123677,0.26658267,0.20948432,0.23952241,0.5706473,0.1074868,0.33714032,0.3241648,0.7012803,0.23407605,0.5902119,0.6283376,0.011875461,0.26883858,0.42410368,0.12538543,0.5968863,0.36149147,0.48393553,0.33433023,0.7234746,0.7967278,0.0806356,0.33166724,0.20994297,0.5053866,0.36442208,0.82420295,0.62885267,0.12786636,0.68646646,0.33368868,0.467097,0.53449565,0.18415356,0.21395314,0.5416655,0.40320954,0.4737847,0.51484454,0.38698882,0.5327742,0.24544889,1.0,0.58290654,0.15091252,0.4953161,0.4633907,0.8290625,0.12618016,0.38490897,0.7567149,0.7043283,0.6196474,0.34501755,0.0,0.19421904,0.17103112,0.15125042,0.93745404,0.7325147,0.319522,0.6167788,0.83078086,0.40306467,0.6218547,0.89128864,0.614336,0.2778604,0.21567145,0.91726714,0.8412771,0.2728827,0.12248357,0.31399772,0.096742876,0.5636908,0.44701082,0.50227815,0.07303996,0.40849912,0.24027354,0.7528284,0.62041533,0.5220555,0.24460766
96ff7a29-0702-4bf2-a51e-c30b5063cf7e,0.030068614,0.47011888,0.31034762,0.8871466,0.3111695,0.48031783,0.069866985,0.5138666,0.717911,0.26724553,0.4645781,0.0,0.43118855,0.32700008,0.117580876,0.60999703,0.8396697,0.0,0.28980613,0.07781542,0.2415533,0.13255037,0.4488755,0.16902785,0.9728116,0.27151898,0.024212748,0.12066386,0.3729538,0.008521566,0.15351874,0.0,0.3074004,0.80803776,0.48510507,0.4870728,0.27089792,0.032011013,0.8512365,0.1409131,0.5609043,0.45579553,0.20802017,0.09124685,0.32713217,0.0098443525,0.3064642,0.27162123,0.03547735,0.016057424,0.35588902,0.89272654,0.3265461,0.20027378,0.2690276,0.25803363,0.7339831,0.58290654,0.99999994,0.0,0.13192317,0.8897479,0.48010403,0.0,0.0,0.5157305,0.46374384,0.3672054,0.0,0.014935034,0.093597874,0.106067,0.019075226,0.56676936,0.39903098,0.22972885,0.26405495,0.41962475,0.2657624,0.28999674,0.43342185,0.29822928,0.7454296,0.297948,0.50286496,0.42345738,0.19473211,0.35794687,0.7983298,0.0,0.21348782,0.28149468,0.33056045,0.014182891,0.5903411,0.8349867,0.502508,0.24179913,0.3379786,0.07065311
980bcd07-414b-453e-9d08-9192eb3691d7,0.5979643,0.2706669,0.2573402,0.17219779,0.4277728,0.0,0.7110044,0.35005444,0.35514557,0.40678316,0.15506168,0.5365365,0.6055138,0.37453282,0.53557867,0.58569455,0.0,0.9522287,0.4895496,0.7164737,0.44247198,0.9140521,0.16897887,0.66106534,0.0,0.27469087,0.7066948,0.9306333,0.46411407,0.99262375,0.48880738,0.51901436,0.38283062,0.14322102,0.19860256,0.113811135,0.6876167,0.7933649,0.0,0.44439316,0.4036007,0.2295785,0.47149718,0.71577847,0.4031411,0.79996765,0.4682261,0.586338,0.9652719,0.9579856,0.39095667,0.13416475,0.44277287,0.69146854,0.46088868,0.23565681,0.41370976,0.15091252,0.0,1.0000001,0.56169873,0.12651078,0.16625288,0.96158314,0.530423,0.0,0.15037014,0.45578632,0.6539643,0.7388257,0.7992475,0.7642021,0.97949636,0.108396746,0.4331473,0.5020746,0.26673716,0.2865135,0.48086298,0.26423216,0.2727925,0.2782031,0.46021104,0.91241217,0.22137183,0.2800157,0.56619996,0.6588794,0.16712902,0.96406275,0.54695356,0.47924212,0.3943861,0.90228045,0.38032812,0.0,0.0,0.34098494,0.37781882,0.9786449
98306353-57df-4dac-89d8-6435f4d3fb6a,0.8714825,0.3737814,0.53288525,0.2268347,0.54927164,0.24753343,0.52033335,0.40256837,0.21265012,0.6489763,0.34367794,0.8736949,0.35450587,0.41715744,0.9057132,0.35932887,0.0,0.73440444,0.67765117,0.5464133,0.60445213,0.5837357,0.3652832,0.45614162,0.12855513,0.5482545,0.44179398,0.64367867,0.8089237,0.5330996,0.90946585,0.8970718,0.42585292,0.23957315,0.31182688,0.37593165,0.4382863,0.83092874,0.0,0.8264405,0.5569769,0.58004177,0.8675672,0.5040067,0.7171873,0.85915095,0.6938095,0.6608124,0.6190752,0.7045692,0.4709865,0.19882585,0.5674544,0.70805097,0.6039872,0.57382274,0.27055562,0.4953161,0.13192317,0.56169873,1.0,0.14813474,0.46060264,0.5215763,0.8728887,0.21087268,0.3893906,0.8366827,0.8879859,0.41525283,0.5786565,0.57062703,0.53036654,0.4265159,0.6993583,0.61172557,0.58054733,0.67043793,0.7106352,0.57425815,0.62613535,0.5676037,0.2979346,0.5534655,0.5449301,0.62719005,0.6042769,0.4050369,0.2948839,0.53509736,0.77265865,0.44855636,0.43082273,0.5401641,0.50100297,0.0,0.2254525,0.6458748,0.42332894,0.6114786
9a5217aa-9f63-4c33-a507-b5fcd2e8ffdf,0.10053726,0.31631225,0.33586642,0.970831,0.36887068,0.2969797,0.20990765,0.6286455,0.81542045,0.2417363,0.35694486,0.087594494,0.6542448,0.39565876,0.1487982,0.6933881,0.8396441,0.1299748,0.3599653,0.21547268,0.24908592,0.2562206,0.35502794,0.3345674,0.8799543,0.3320813,0.16426183,0.21956152,0.45355427,0.13103873,0.16474436,0.091096096,0.38208702,0.8287671,0.3321954,0.29704028,0.43853718,0.114012204,0.83158255,0.17326947,0.5468995,0.28735274,0.18987471,0.20781665,0.31276202,0.120213225,0.28659904,0.34843916,0.19455135,0.1924523,0.4467908,0.916119,0.34926826,0.31858674,0.290303,0.2693119,0.7745763,0.4633907,0.8897479,0.12651078,0.14813474,0.9999999,0.30761284,0.12281942,0.08659641,0.31900555,0.3159306,0.34841406,0.11885719,0.16211335,0.2588756,0.23854232,0.18979892,0.3989815,0.4563344,0.2884397,0.25732484,0.28363508,0.24216883,0.27451655,0.34009212,0.26976252,0.8394742,0.4321423,0.42164475,0.3490973,0.24534404,0.57602704,0.8163176,0.14719662,0.3114441,0.38193795,0.41333407,0.15876009,0.5712468,0.8808021,0.27768403,0.2822332,0.4585766,0.17481017
9f45ad9e-b71e-4c60-9339-d23440eeb9ec,0.30362993,0.95307523,0.17567185,0.3571277,0.6883251,0.9303274,0.23728867,0.663406,0.05541443,0.54545903,0.94100255,0.29400754,0.08660679,0.732008,0.49245402,0.09781766,0.018544704,0.2296539,0.7164879,0.2629355,0.5379385,0.4208872,0.9133129,0.36216927,0.48365837,0.1875162,0.114356026,0.3466704,0.2586097,0.15435585,0.5474641,0.28693125,0.6967748,0.08047656,0.94902456,0.9387599,0.1142129,0.29812717,0.011151184,0.2888317,0.47006363,0.9763045,0.6406645,0.26562935,0.37093142,0.2702605,0.57070065,0.19708058,0.17320642,0.19939613,0.72909296,0.23207445,0.70435226,0.2052292,0.5990382,0.1539754,0.06609751,0.8290625,0.48010403,0.16625288,0.46060264,0.30761284,1.0000001,0.15371612,0.29353124,0.94800115,0.9206856,0.5183685,0.28906217,0.11571351,0.15817869,0.16469625,0.15386444,0.94232196,0.6606725,0.48618573,0.18766071,0.9396713,0.56579447,0.1803766,0.6185174,0.2061921,0.07595089,0.14655367,0.63325745,0.5029096,0.46059495,0.09895167,0.12034118,0.15073013,0.64397395,0.65344304,0.7058023,0.15203413,0.5041568,0.0,0.9518529,0.2151669,0.7043773,0.20114174
9f9b965f-1f61-4e93-9afb-80390aafca75,0.55765057,0.26253492,0.2420616,0.16717337,0.41529116,0.0,0.7346612,0.36965108,0.3530315,0.39491397,0.15166911,0.49607748,0.5981591,0.36407137,0.5198829,0.6487079,0.0,0.9138475,0.497694,0.707129,0.46054345,0.920868,0.21253231,0.69244325,0.0,0.22967303,0.77114546,0.91698426,0.4307124,0.96038675,0.44872218,0.51590824,0.4355598,0.13242105,0.19742033,0.10373204,0.7230884,0.7476411,0.0,0.4007058,0.3947704,0.21226649,0.43594265,0.7037896,0.3533624,0.7922859,0.44737938,0.5832108,0.92724276,0.9172887,0.40720874,0.13025008,0.43150896,0.63959247,0.44798845,0.19703609,0.43851903,0.12618016,0.0,0.96158314,0.5215763,0.12281942,0.15371612,0.9999999,0.490425,0.0,0.14657363,0.42371607,0.61354566,0.73085845,0.77527183,0.7474572,0.9469628,0.09063209,0.4011433,0.52139914,0.2548832,0.2666843,0.4628463,0.22092833,0.22808576,0.23260964,0.44316524,0.8775625,0.1850922,0.23412518,0.58222604,0.6497543,0.1567544,0.93732923,0.56478405,0.4665475,0.38140416,0.87760264,0.36645466,0.035135627,0.0,0.29209027,0.36746043,0.93958473
a2b79504-3575-4d94-9af6-c8b119b11e3c,0.97744596,0.14654204,0.62274873,0.11786908,0.2928097,0.0,0.35149202,0.22820158,0.17679746,0.27844235,0.12130222,0.99984705,0.27631542,0.26261988,0.9586185,0.31208318,0.0,0.75644624,0.5647466,0.38717762,0.31408873,0.50171417,0.124563105,0.3232129,0.0,0.6647364,0.32795343,0.5017078,0.88183546,0.49246597,0.9350815,0.9767413,0.27951667,0.27491167,0.09886771,0.2070409,0.36439157,0.89786845,0.0,0.9105709,0.31573024,0.4406742,0.90503526,0.3178048,0.74533755,0.91065204,0.3935964,0.680804,0.55260795,0.64885217,0.26760915,0.091835536,0.3252536,0.6984269,0.32281417,0.542577,0.21088138,0.38490897,0.0,0.530423,0.8728887,0.08659641,0.29353124,0.490425,0.99999994,0.0,0.11084564,0.5947539,0.9767724,0.32366392,0.5217285,0.49068856,0.49089816,0.28051537,0.5641519,0.29722738,0.6678833,0.53991437,0.42682332,0.6394268,0.6200623,0.6514357,0.24231818,0.46757346,0.53570724,0.622767,0.3391175,0.31570122,0.33780074,0.48089826,0.74500895,0.2935098,0.2502037,0.4418356,0.22314334,0.0,0.0,0.7532224,0.2675341,0.6042061
a48897e5-afe2-4878-9f39-28e08c18ddcb,0.024889871,0.93502593,0.009174865,0.35016808,0.6181836,0.9591105,0.13219139,0.6322334,0.0,0.47646874,0.9282033,0.0,0.030703193,0.6649189,0.22460727,0.0,0.02812352,0.0,0.5609253,0.1472302,0.45702943,0.27054518,0.8990067,0.28477028,0.49805903,0.018993381,0.017537244,0.21137781,0.0,0.0,0.2818823,0.0,0.6245752,0.0,0.9566827,0.9082359,0.0,0.046371028,0.016911058,0.038273655,0.3859111,0.8879735,0.39917397,0.17264304,0.17024346,0.0,0.46895725,0.0,0.014683528,0.01329184,0.6845901,0.21046656,0.6219269,0.017149704,0.5171254,0.0,0.0,0.7567149,0.5157305,0.0,0.21087268,0.31900555,0.94800115,0.0,0.0,0.99999994,0.9137141,0.35710144,0.0,0.02163483,0.0,0.025257247,0.015789883,0.913771,0.5096142,0.42006034,0.0,0.80539954,0.45865056,0.0,0.45603102,0.03291533,0.018511308,0.0,0.4934272,0.3372139,0.3684417,0.02067191,0.0335205,0.0,0.43448868,0.5741782,0.65590185,0.02054528,0.46404347,0.0119857155,0.98923,0.010488412,0.65672874,0.02408184
ad765317-0ae5-4394-9861-e51d92a1fcc6,0.12629235,0.95773387,0.0,0.3652497,0.7850437,0.9180292,0.37640977,0.692863,0.093108445,0.7433939,0.96656966,0.11212321,0.16449915,0.76283,0.2995835,0.085750535,0.0,0.15798265,0.6859925,0.39598522,0.7345909,0.4149168,0.93062073,0.44256297,0.47722113,0.0,0.19524086,0.39963543,0.100758545,0.15575203,0.3646199,0.116605364,0.7280217,0.029929748,0.9315572,0.8899637,0.19190282,0.1399819,0.0,0.06883119,0.6325712,0.86528826,0.44620723,0.41235697,0.22397318,0.14817694,0.73613185,0.09557381,0.16504249,0.16931993,0.80506456,0.25023204,0.82463527,0.0771049,0.77544487,0.0,0.053804673,0.7043283,0.46374384,0.15037014,0.3893906,0.3159306,0.9206856,0.14657363,0.11084564,0.9137141,1.0,0.55524385,0.14818859,0.19268718,0.19158578,0.19034204,0.15381417,0.8331343,0.57450235,0.6822733,0.0,0.85692894,0.714614,0.0,0.44698727,0.0,0.07212977,0.14835724,0.47102505,0.32716063,0.6470743,0.18794674,0.04018876,0.17536506,0.55795985,0.69736075,0.7405488,0.18826166,0.6710334,0.0,0.9303169,0.016504528,0.7448999,0.1412688
ade771d7-33ad-4f40-b456-f0a9fee988ff,0.6236106,0.49526462,0.5653666,0.37938982,0.6474182,0.4081084,0.5417479,0.46688014,0.34944144,0.77300125,0.4721886,0.5948923,0.42448026,0.46869144,0.6742848,0.46796852,0.19044028,0.5545865,0.6532135,0.5530118,0.7216699,0.5218698,0.49615848,0.4837572,0.34590286,0.55893916,0.39584872,0.6175029,0.66122234,0.44953004,0.72009677,0.6424889,0.46601197,0.38692147,0.43408477,0.4854067,0.4636547,0.60445863,0.21089724,0.68248785,0.7383715,0.59387773,0.6733732,0.54662865,0.75145733,0.6126567,0.8120302,0.67821205,0.47850922,0.58541775,0.5516043,0.41567996,0.6656184,0.7067822,0.71464527,0.6743753,0.4272629,0.6196474,0.3672054,0.45578632,0.8366827,0.34841406,0.5183685,0.42371607,0.5947539,0.35710144,0.55524385,1.0000001,0.6327492,0.39067116,0.5702977,0.533047,0.43815845,0.5571221,0.78395844,0.7410668,0.5595372,0.6694495,0.78015614,0.55569994,0.6889558,0.5586139,0.35829368,0.56840515,0.66785914,0.6502371,0.69585085,0.46271566,0.37263587,0.4525417,0.6487168,0.48869014,0.49830437,0.4892518,0.7272182,0.20121428,0.37820664,0.5914143,0.47469378,0.52318865
b09d5ed6-293f-4eb8-8466-17829480dcad,0.9800544,0.18023792,0.5594717,0.16178025,0.4018936,0.0,0.5347297,0.31891108,0.2647221,0.38217378,0.15892455,0.97800136,0.43097103,0.35733595,0.94238293,0.381918,0.0,0.847576,0.63312376,0.5668453,0.42550126,0.637069,0.16652736,0.494035,0.0,0.5971931,0.5084421,0.63929266,0.862828,0.6269637,0.9071498,0.95919347,0.37492907,0.26794803,0.14803644,0.20097855,0.53424335,0.9413469,0.0,0.8662743,0.41365513,0.42951167,0.88211024,0.5039437,0.70823556,0.9516653,0.49029052,0.72280294,0.6820302,0.76121926,0.36730477,0.12604812,0.43535584,0.72363377,0.4394142,0.48854414,0.2593715,0.34501755,0.0,0.6539643,0.8879859,0.11885719,0.28906217,0.61354566,0.9767724,0.0,0.14818859,0.6327492,1.0,0.5123931,0.68263185,0.6526998,0.625421,0.25129104,0.5988535,0.4276595,0.5991327,0.5299436,0.5260563,0.57445526,0.5586469,0.58610797,0.3023562,0.5917565,0.4812746,0.5616624,0.4835875,0.48396012,0.33046156,0.63782895,0.7959442,0.41685748,0.35327384,0.61362886,0.32483563,0.0,0.0,0.6895367,0.36275083,0.70942223
b1ba019f-b1ec-4fca-ba4f-a5214a80c769,0.44316292,0.20330179,0.0,0.22065757,0.54815626,0.0,0.9395665,0.44856653,0.4757763,0.5212598,0.19869901,0.3273944,0.80824685,0.47993356,0.3397103,0.42132503,0.013845288,0.7108333,0.50250304,0.94830394,0.56699204,0.7700364,0.21653278,0.8735738,0.0,0.0,0.95065904,0.78713477,0.2942101,0.7814747,0.27602622,0.34048203,0.49056655,0.087393425,0.2834128,0.05912424,0.9166546,0.5859337,0.008325361,0.219826,0.5171817,0.16635534,0.30928546,0.9512979,0.15881029,0.5616383,0.53869426,0.49776596,0.7702626,0.73542905,0.5009794,0.1719213,0.5673776,0.40275505,0.59059167,0.0,0.29608637,0.0,0.014935034,0.7388257,0.41525283,0.16211335,0.11571351,0.73085845,0.32366392,0.02163483,0.19268718,0.39067116,0.5123931,0.99999994,0.9413339,0.95743436,0.7829545,0.020294078,0.36424714,0.64988863,0.0,0.18707973,0.5753442,0.0,0.0,0.01620431,0.35440102,0.7151084,0.0,0.0,0.736876,0.87596196,0.13385147,0.88776493,0.5128367,0.62017035,0.51230747,0.9473914,0.50694114,0.0,0.015637636,0.048192427,0.4841443,0.71528524
bcfcf609-ddfe-447a-98fc-c66e9233f0b4,0.6143342,0.216088,0.31161743,0.31247348,0.54502296,0.0,0.90588677,0.46917143,0.54223895,0.5182802,0.19756323,0.5246031,0.82248884,0.4771902,0.51306605,0.54840004,0.10679193,0.8162242,0.5714251,0.91285527,0.5637511,0.8115167,0.21529506,0.84225976,0.09495018,0.30764773,0.900396,0.82194805,0.5109749,0.82290554,0.47020885,0.52524346,0.4877624,0.25804847,0.25303844,0.10332134,0.91719556,0.72358775,0.107025735,0.46022585,0.55429494,0.22792575,0.46810284,0.9119694,0.4460657,0.71749526,0.59102345,0.7402587,0.8273521,0.820702,0.49811578,0.28748763,0.5641345,0.64262396,0.5872158,0.2754351,0.41291615,0.19421904,0.093597874,0.7992475,0.5786565,0.2588756,0.15817869,0.77527183,0.5217285,0.0,0.19158578,0.5702977,0.68263185,0.9413339,1.0000001,0.98105866,0.8241112,0.123921916,0.5346247,0.6396905,0.30694684,0.2895843,0.5960772,0.3060516,0.27647093,0.30856314,0.4612912,0.8081547,0.27194774,0.2899342,0.7213922,0.8852641,0.27578545,0.90567124,0.6246891,0.61059976,0.5024852,0.93943644,0.5349193,0.11283359,0.0,0.3557471,0.4813769,0.80966634
c10ab049-f2a7-46b2-b4fb-24d4a0618ba0,0.59842527,0.20874617,0.26384938,0.31663734,0.5399465,0.0,0.9048356,0.47847417,0.5282695,0.5305679,0.19675866,0.49296597,0.814906,0.4731726,0.49573696,0.50990456,0.10236862,0.78398013,0.55707085,0.91492987,0.5592663,0.7840767,0.2138974,0.84103703,0.09307037,0.24834105,0.9261668,0.8026346,0.4768727,0.79460174,0.43843573,0.49851933,0.4844124,0.22743317,0.27515888,0.09490755,0.91459143,0.712911,0.0961132,0.43749723,0.5444764,0.2453166,0.4660329,0.91161454,0.39838147,0.69695926,0.5868739,0.70719886,0.8139026,0.7857803,0.4934762,0.27753997,0.5603945,0.58262694,0.5822474,0.22033514,0.38063914,0.17103112,0.106067,0.7642021,0.57062703,0.23854232,0.16469625,0.7474572,0.49068856,0.025257247,0.19034204,0.533047,0.6526998,0.95743436,0.98105866,1.0,0.7958218,0.12504113,0.49863833,0.63436663,0.2688281,0.27471045,0.60962546,0.27699837,0.22027597,0.2853385,0.45511398,0.76869345,0.21952312,0.25387633,0.7179817,0.8778586,0.2697139,0.88556874,0.60583067,0.6060916,0.5045503,0.9354572,0.5410206,0.09108213,0.018255915,0.3059219,0.4775023,0.7842999
c115ff2f-0c98-4983-bf03-167384d2903e,0.56601363,0.26591665,0.23332126,0.22311291,0.43757036,0.0,0.74547124,0.40581495,0.3764899,0.4161,0.15861316,0.4965561,0.7000897,0.383111,0.49566966,0.57220304,0.0,0.9284159,0.48264667,0.75216997,0.4526062,0.90411514,0.17284912,0.7220917,0.0,0.2670493,0.7461599,0.9383165,0.43112797,0.9808616,0.44915515,0.48379093,0.39159888,0.13254881,0.21053863,0.103832126,0.7260549,0.7605112,0.0,0.40109247,0.41284466,0.21247129,0.43636325,0.75393975,0.35873234,0.76781094,0.47005332,0.57377744,0.97840405,0.9620511,0.43682593,0.13723762,0.45291397,0.687736,0.47144476,0.1972262,0.40517735,0.15125042,0.019075226,0.97949636,0.53036654,0.18979892,0.15386444,0.9469628,0.49089816,0.015789883,0.15381417,0.43815845,0.625421,0.7829545,0.8241112,0.7958218,1.0,0.11375942,0.41537622,0.5399467,0.22323799,0.2669416,0.4847306,0.2211415,0.22830583,0.23283407,0.4888574,0.8983731,0.18527079,0.23435108,0.58640766,0.7346274,0.15690565,0.9688427,0.5321891,0.49408865,0.41522643,0.9186399,0.38903904,0.023446351,0.0,0.31288943,0.42378682,0.9556333
c3df3a50-2251-45a6-883f-032b8033f52e,0.29281527,0.8750803,0.4016264,0.42043838,0.55338085,0.870223,0.122061744,0.60159224,0.088683136,0.43918163,0.8417062,0.278235,0.09520151,0.5959323,0.46292818,0.15386766,0.13190326,0.17355551,0.6032405,0.13522884,0.42138267,0.32239327,0.81424856,0.2612036,0.54505885,0.4174464,0.016450427,0.28385997,0.2890514,0.09006126,0.52972996,0.26355493,0.55888456,0.19253692,0.8692532,0.88246137,0.04061821,0.28454497,0.12161668,0.38295212,0.39593253,0.9363172,0.621858,0.15941364,0.53516847,0.23582695,0.5032564,0.33105835,0.12453594,0.15879536,0.62528294,0.3019849,0.5636091,0.3461663,0.47269416,0.3399973,0.1376818,0.93745404,0.56676936,0.108396746,0.4265159,0.3989815,0.94232196,0.09063209,0.28051537,0.913771,0.8331343,0.5571221,0.25129104,0.020294078,0.123921916,0.12504113,0.11375942,0.99999994,0.671311,0.39343673,0.3911824,0.88000953,0.4708385,0.38489038,0.7663366,0.41810575,0.15531245,0.13588363,0.78823173,0.6668536,0.3402085,0.07540879,0.21835534,0.06948802,0.5525568,0.5148135,0.58935654,0.071734846,0.47674152,0.12898147,0.903805,0.40747476,0.59742695,0.18950032
c5863af9-c9cd-463d-94a8-8e69adf4f214,0.5799346,0.60918134,0.5363519,0.5116436,0.7803019,0.58405375,0.45352268,0.73742616,0.31739745,0.54314935,0.65330714,0.56402737,0.39173102,0.7599832,0.68244636,0.43612334,0.16910419,0.52517414,0.862157,0.4633897,0.49774536,0.6357935,0.6961404,0.57332283,0.4338754,0.532959,0.36907452,0.50432456,0.62323666,0.4181353,0.74031734,0.60949403,0.73866475,0.338569,0.6093052,0.61494243,0.4263546,0.5750761,0.16947442,0.65013427,0.50336814,0.68775046,0.7082934,0.44280896,0.65404224,0.5811743,0.56790966,0.63950884,0.45322573,0.55712736,0.7225726,0.47738096,0.6829506,0.6757199,0.57639,0.64440084,0.38262308,0.7325147,0.39903098,0.4331473,0.6993583,0.4563344,0.6606725,0.4011433,0.5641519,0.5096142,0.57450235,0.78395844,0.5988535,0.36424714,0.5346247,0.49863833,0.41537622,0.671311,1.0,0.5375826,0.53369975,0.71628225,0.5466838,0.5286876,0.7027375,0.53190166,0.33113778,0.53693986,0.7382179,0.6863283,0.50279343,0.42779338,0.34264475,0.42665765,0.8318986,0.7475971,0.77698034,0.4622339,0.53014773,0.1786711,0.49022216,0.56378263,0.74266255,0.4959466
c6c9aed7-1f10-439d-88ec-8f5b1b4f748f,0.35914263,0.5679617,0.02580905,0.33772415,0.8337288,0.42092955,0.8424877,0.65957534,0.30869022,0.9573676,0.59139663,0.30065316,0.59243464,0.66513073,0.40377504,0.34306163,0.0,0.50024074,0.6921886,0.8306332,0.97386587,0.6579896,0.6127918,0.7727023,0.20455882,0.026714353,0.68448937,0.76449776,0.28947785,0.5225247,0.38875163,0.34915018,0.69076294,0.08025522,0.5497412,0.43662253,0.64601964,0.42626742,0.0,0.20763856,0.84386456,0.50855535,0.42108116,0.8323358,0.27239317,0.4584571,0.94354403,0.34067553,0.5627808,0.583053,0.80289304,0.25161958,0.8871889,0.32161602,0.9601536,0.063025035,0.22982222,0.319522,0.22972885,0.5020746,0.61172557,0.2884397,0.48618573,0.52139914,0.29722738,0.42006034,0.6822733,0.7410668,0.4276595,0.64988863,0.6396905,0.63436663,0.5399467,0.39343673,0.5375826,1.0000002,0.015286563,0.55163664,0.9445231,0.0,0.21431047,0.0,0.2668722,0.5185411,0.19981553,0.14821693,0.97686094,0.6493465,0.107764274,0.58751816,0.63073486,0.71699584,0.70038813,0.6450248,0.8591414,0.03371602,0.4292155,0.059008162,0.69947827,0.4705693
cb2e8316-e933-46d4-bc5c-faec0025b694,0.64154816,0.06029388,0.986929,0.27750808,0.0,0.0,0.01668685,0.10015171,0.23641248,0.0229127,0.0,0.6628617,0.134359,0.0,0.6300608,0.4362472,0.28130332,0.41870242,0.25532082,0.0,0.013846071,0.2165464,0.021964617,0.019947613,0.27209842,0.9569016,0.05172491,0.21372263,0.70050585,0.22161815,0.65332174,0.6418907,0.02875138,0.49085832,0.0,0.14582652,0.12702133,0.5775483,0.2819192,0.83927953,0.10554813,0.29762673,0.61125135,0.0,0.92768675,0.5925023,0.18779942,0.8568518,0.28009024,0.33855528,0.012704567,0.32589734,0.0,0.7902503,0.0,0.8406702,0.37598574,0.6167788,0.26405495,0.26673716,0.58054733,0.25732484,0.18766071,0.2548832,0.6678833,0.0,0.0,0.5595372,0.5991327,0.0,0.30694684,0.2688281,0.22323799,0.3911824,0.53369975,0.015286563,0.99999994,0.34777915,0.12897792,0.9872082,0.85848725,0.9782019,0.36556822,0.34353647,0.8344232,0.9240351,0.013288376,0.12061535,0.47069025,0.17099255,0.4114892,0.0,0.0,0.12909776,0.13261595,0.31335634,0.0,0.9744481,0.0,0.41072568
d3decbad-0acb-4217-99cd-e65ee1a9a9d3,0.5435311,0.8787852,0.32395726,0.33212912,0.6865995,0.811911,0.32623535,0.6232365,0.10219002,0.6035301,0.8545073,0.5398833,0.159712,0.6912135,0.6850856,0.16824463,0.0,0.4102713,0.7845092,0.35993057,0.6062313,0.49256307,0.8279797,0.4250133,0.4198958,0.34579948,0.18955909,0.4481666,0.47690338,0.2779769,0.7555468,0.52913123,0.66770685,0.16864453,0.83576226,0.9157866,0.21062055,0.48399228,0.023991274,0.4860949,0.5759967,0.95156693,0.79059595,0.3444246,0.5284262,0.49325064,0.65812826,0.3634372,0.30031556,0.35199332,0.7094445,0.22393757,0.7359717,0.36765084,0.65199983,0.28182772,0.13277383,0.83078086,0.41962475,0.2865135,0.67043793,0.28363508,0.9396713,0.2666843,0.53991437,0.80539954,0.85692894,0.6694495,0.5299436,0.18707973,0.2895843,0.27471045,0.2669416,0.88000953,0.71628225,0.55163664,0.34777915,0.99999994,0.662192,0.33263332,0.7144148,0.33854684,0.13130754,0.25336903,0.6966946,0.60848683,0.53903294,0.18247724,0.18342513,0.2650935,0.7596584,0.6336944,0.6593497,0.245668,0.52128696,0.0,0.8197199,0.39431036,0.6726681,0.32537407
d42e4be4-b29c-47fe-a1b3-8255948344ac,0.48838425,0.597342,0.11441612,0.320568,0.8049425,0.4314542,0.7652595,0.6143272,0.27301663,0.96135837,0.61507726,0.42946273,0.4840129,0.6554462,0.51756173,0.2755463,0.01090941,0.5263269,0.71446234,0.7769631,0.971087,0.61491364,0.59387934,0.6823739,0.23464055,0.11031134,0.59336245,0.7330554,0.38395715,0.49658382,0.51132274,0.43707806,0.6522904,0.12911578,0.57310045,0.5173099,0.56270576,0.51714957,0.02186659,0.32827824,0.8805212,0.61745524,0.5681653,0.7666676,0.39608765,0.53105223,0.9843191,0.38234818,0.5393696,0.54840267,0.7591294,0.24553138,0.9002652,0.32080078,0.9672399,0.08922814,0.18747449,0.40306467,0.2657624,0.48086298,0.7106352,0.24216883,0.56579447,0.4628463,0.42682332,0.45865056,0.714614,0.78015614,0.5260563,0.5753442,0.5960772,0.60962546,0.4847306,0.4708385,0.5466838,0.9445231,0.12897792,0.662192,0.99999994,0.13306019,0.33451563,0.13725819,0.2513256,0.4695587,0.3047976,0.28246292,0.94834983,0.5530038,0.16470411,0.54023606,0.6746864,0.69081485,0.67258644,0.5809048,0.8760358,0.0,0.47780788,0.17246199,0.66348284,0.47745955
d4948ab5-15b7-42a9-a4d8-4c92da1b486c,0.61418104,0.059727643,0.97720724,0.31137758,0.0,0.0,0.0,0.10368944,0.25220707,0.035307255,0.0,0.6350367,0.14333545,0.0,0.5941848,0.41095045,0.30009705,0.4064749,0.2305717,0.0,0.0,0.19646962,0.0,0.0,0.30070236,0.9458039,0.027723597,0.20242067,0.68325144,0.21953687,0.62561333,0.59962165,0.0,0.50316155,0.0,0.14016622,0.11551463,0.55666155,0.30075407,0.8168117,0.11259974,0.28466505,0.58463126,0.0,0.9174506,0.5635892,0.19502297,0.8481991,0.29196754,0.33094355,0.0,0.35662803,0.0,0.78282887,0.0,0.8367598,0.37245473,0.6218547,0.28999674,0.26423216,0.57425815,0.27451655,0.1803766,0.22092833,0.6394268,0.0,0.0,0.55569994,0.57445526,0.0,0.3060516,0.27699837,0.2211415,0.38489038,0.5286876,0.0,0.9872082,0.33263332,0.13306019,0.9999999,0.8475421,0.9829531,0.3968854,0.34938514,0.8297061,0.9328929,0.0,0.12867358,0.4769153,0.16938671,0.37217915,0.0,0.0,0.12788537,0.14147595,0.31707478,0.0,0.9684056,0.0,0.40686846
d6a9e0ef-4132-46ef-a0f7-d7997a803afe,0.5955198,0.51385534,0.85491556,0.34718254,0.28422272,0.45914042,0.0696848,0.3192789,0.19528338,0.24946225,0.43917486,0.6165856,0.110984325,0.2946838,0.674327,0.35944593,0.23236449,0.40465617,0.47183233,0.076028585,0.23954675,0.3223622,0.42368186,0.119002655,0.44271106,0.85820377,0.0,0.30787012,0.6365014,0.22664921,0.74053633,0.5803572,0.27658215,0.42397308,0.43985465,0.5710766,0.08944273,0.5467591,0.23287322,0.7642171,0.2906191,0.67961454,0.7356029,0.091008924,0.91413236,0.52802694,0.40187043,0.7290021,0.25948882,0.33365735,0.30569595,0.34657925,0.2975706,0.7255344,0.2611227,0.7522854,0.31796944,0.89128864,0.43342185,0.2727925,0.62613535,0.34009212,0.6185174,0.22808576,0.6200623,0.45603102,0.44698727,0.6889558,0.5586469,0.0,0.27647093,0.22027597,0.22830583,0.7663366,0.7027375,0.21431047,0.85848725,0.7144148,0.33451563,0.8475421,1.0,0.8555275,0.29739434,0.3279129,0.98056567,0.965888,0.19422436,0.09963168,0.40774056,0.17487435,0.5507392,0.2542738,0.28121346,0.13202848,0.32863355,0.24551031,0.46656948,0.8677858,0.28237376,0.3951784
db1b9299-96df-4fd8-932c-3ad6613bc967,0.6443248,0.062885664,0.97275525,0.2885003,0.0,0.0,0.0,0.08835305,0.24783936,0.022304447,0.0,0.6473876,0.14085317,0.0,0.62682825,0.41505128,0.31596425,0.41981497,0.23467079,0.0,0.0,0.20685771,0.0,0.0,0.2836037,0.95224524,0.03064892,0.22530189,0.6909021,0.2311446,0.63749254,0.6102817,0.0,0.5006804,0.026399117,0.14336082,0.113514155,0.6056308,0.3082119,0.8552218,0.11064974,0.32968795,0.62785375,0.0,0.94349545,0.5672792,0.18678822,0.8394637,0.29029718,0.34408623,0.0,0.34023476,0.0,0.79424834,0.0,0.84184676,0.37404865,0.614336,0.29822928,0.2782031,0.5676037,0.26976252,0.2061921,0.23260964,0.6514357,0.03291533,0.0,0.5586139,0.58610797,0.01620431,0.30856314,0.2853385,0.23283407,0.41810575,0.53190166,0.0,0.9782019,0.33854684,0.13725819,0.9829531,0.8555275,0.9999999,0.38012707,0.35894066,0.83372843,0.9227683,0.0,0.12644523,0.50003934,0.17834282,0.37792492,0.0,0.010548636,0.1500354,0.16881715,0.3115837,0.023791172,0.9692012,0.0,0.43739966
db2f9e6e-c99d-4f6e-8640-8a7f9ee121bc,0.27521232,0.12469921,0.40679526,0.85353434,0.20519468,0.0,0.34105563,0.42378458,0.8930825,0.2243953,0.07438022,0.24511108,0.75400615,0.17965645,0.2446735,0.87480456,0.82233614,0.43858144,0.23058034,0.34367916,0.21224561,0.42397666,0.08105604,0.35107592,0.73495394,0.3811359,0.36197066,0.45280004,0.58475626,0.45834854,0.22254956,0.23791549,0.18363675,0.85057735,0.09526597,0.05164212,0.5993812,0.36461073,0.8181344,0.3009419,0.52087563,0.10488053,0.21539854,0.34334567,0.3851865,0.3862214,0.2850952,0.5250102,0.51353467,0.4724831,0.23081192,0.85540307,0.21238993,0.5112925,0.22107977,0.32884425,0.9077982,0.2778604,0.7454296,0.46021104,0.2979346,0.8394742,0.07595089,0.44316524,0.24231818,0.018511308,0.07212977,0.35829368,0.3023562,0.35440102,0.4612912,0.45511398,0.4888574,0.15531245,0.33113778,0.2668722,0.36556822,0.13130754,0.2513256,0.3968854,0.29739434,0.38012707,1.0,0.7177431,0.32178172,0.36632276,0.27159563,0.69531494,0.8529364,0.4493374,0.25596437,0.22988355,0.20302215,0.42405686,0.516903,0.84523714,0.0,0.38485688,0.22497852,0.49705184
dd14762c-0ed4-4d5f-aaf3-fded6c619888,0.53610307,0.2466837,0.35573906,0.46297225,0.4550745,0.028634442,0.69465667,0.42098677,0.6574356,0.43567914,0.15231004,0.4729626,0.7545521,0.37082002,0.48809218,0.8184991,0.35811794,0.8639723,0.4800499,0.6955681,0.4377157,0.8466041,0.18734165,0.6462127,0.30389056,0.3512073,0.6857827,0.86196864,0.5919973,0.9096915,0.4557197,0.48718488,0.37796554,0.46893173,0.19098574,0.09964785,0.7830956,0.7161106,0.3512658,0.47354123,0.53366745,0.20237586,0.41562974,0.6983262,0.46805245,0.72120667,0.48111135,0.66416913,0.88648045,0.9032935,0.3877115,0.4856365,0.4369556,0.75168175,0.45635438,0.40791398,0.71870995,0.21567145,0.297948,0.91241217,0.5534655,0.4321423,0.14655367,0.8775625,0.46757346,0.0,0.14835724,0.56840515,0.5917565,0.7151084,0.8081547,0.76869345,0.8983731,0.13588363,0.53693986,0.5185411,0.34353647,0.25336903,0.4695587,0.34938514,0.3279129,0.35894066,0.7177431,0.9999999,0.31045255,0.34781548,0.556821,0.7840923,0.47830498,0.89455944,0.5115444,0.47359645,0.40446752,0.8664954,0.5244475,0.35422635,0.0,0.3961713,0.37382132,0.91560686
de21c2a0-a0e1-4757-a095-0016eb816242,0.5145565,0.53653353,0.84527844,0.43304414,0.31813446,0.5005409,0.064627886,0.38788587,0.24651352,0.2329438,0.4872698,0.5320293,0.14009966,0.35704434,0.60029286,0.3793581,0.29332238,0.34054178,0.492127,0.0719803,0.22344,0.3096064,0.47260332,0.14163741,0.5215939,0.833658,0.0,0.2604366,0.59031147,0.18392643,0.67173547,0.5023588,0.3340609,0.46700594,0.48248875,0.58715135,0.1129069,0.46636713,0.29396456,0.70332795,0.29872835,0.67572266,0.67755663,0.08440455,0.87886405,0.4532842,0.37948382,0.72482747,0.21057588,0.27726215,0.3471656,0.429878,0.32000917,0.6856598,0.2572049,0.7438723,0.34804454,0.91726714,0.50286496,0.22137183,0.5449301,0.42164475,0.63325745,0.1850922,0.53570724,0.4934272,0.47102505,0.66785914,0.4812746,0.0,0.27194774,0.21952312,0.18527079,0.78823173,0.7382179,0.19981553,0.8344232,0.6966946,0.3047976,0.8297061,0.98056567,0.83372843,0.32178172,0.31045255,1.0,0.95253974,0.1801298,0.1257688,0.4370147,0.141911,0.5439336,0.3095158,0.33749926,0.10714146,0.3457054,0.30991682,0.50088584,0.8295554,0.33868763,0.34984183
e47d2dca-4d7f-4788-8ee9-e5c35611e94b,0.5980952,0.39559615,0.9145376,0.38937318,0.23026896,0.34146863,0.047686644,0.31240043,0.22272693,0.20111251,0.3336456,0.61955947,0.12658116,0.2447201,0.65437084,0.39114174,0.2650191,0.41024294,0.43196633,0.054195642,0.16581061,0.30735093,0.32281268,0.10043748,0.44096872,0.8926736,0.02203472,0.28090855,0.6524123,0.23265061,0.7106116,0.58248603,0.23035243,0.46003053,0.32798725,0.46329975,0.10201228,0.5516779,0.2655993,0.781447,0.23865145,0.5719144,0.69441617,0.062279146,0.9232637,0.5494741,0.34834298,0.79100126,0.2986458,0.33975226,0.24549991,0.39142823,0.22722492,0.7541728,0.1885501,0.7882156,0.34916016,0.8412771,0.42345738,0.2800157,0.62719005,0.3490973,0.5029096,0.23412518,0.622767,0.3372139,0.32716063,0.6502371,0.5616624,0.0,0.2899342,0.25387633,0.23435108,0.6668536,0.6863283,0.14821693,0.9240351,0.60848683,0.28246292,0.9328929,0.965888,0.9227683,0.36632276,0.34781548,0.95253974,1.0,0.13291144,0.1136331,0.43696314,0.1795048,0.5193075,0.21025535,0.23557279,0.13552442,0.2811128,0.2800123,0.33674318,0.9167083,0.2366739,0.40847895
ef4899c4-bfed-4167-8c46-2982a90da36a,0.4083833,0.54455894,0.011217707,0.30825737,0.8179829,0.35997397,0.90535057,0.6319735,0.3529699,0.92845106,0.56507635,0.34302607,0.619401,0.6745527,0.42479894,0.3587588,0.0,0.5688715,0.6979501,0.899256,0.9733422,0.7111852,0.57258,0.81056625,0.18343522,0.0,0.7611918,0.7987575,0.30825737,0.59077704,0.39302257,0.37032863,0.70000404,0.091566086,0.5367511,0.40609813,0.72749496,0.482927,0.0,0.21057987,0.8515178,0.4892578,0.44211817,0.8954541,0.27136236,0.51393735,0.940691,0.38236317,0.60927683,0.60942566,0.7786964,0.24017307,0.8941178,0.29879674,0.96416104,0.0,0.22791913,0.2728827,0.19473211,0.56619996,0.6042769,0.24534404,0.46059495,0.58222604,0.3391175,0.3684417,0.6470743,0.69585085,0.4835875,0.736876,0.7213922,0.7179817,0.58640766,0.3402085,0.50279343,0.97686094,0.013288376,0.53903294,0.94834983,0.0,0.19422436,0.0,0.27159563,0.556821,0.1801298,0.13291144,0.9999999,0.6950526,0.12295216,0.6662657,0.6591642,0.74260664,0.69308984,0.71322334,0.8510485,0.014654411,0.38836777,0.050493408,0.6821774,0.53314334
f0727e5c-5d1e-4ea7-aa00-d6053f839ba3,0.4075028,0.18294133,0.16447909,0.5995666,0.53467065,0.0,0.85694164,0.58039826,0.7667266,0.50843585,0.19381067,0.3193399,0.98616993,0.46812636,0.3187698,0.6669288,0.39356464,0.64108324,0.49014056,0.86185014,0.55304307,0.7005702,0.21120569,0.83469296,0.33718145,0.17024852,0.8426578,0.7317051,0.4626692,0.69450474,0.2692355,0.33210558,0.4784977,0.46274984,0.23533699,0.05766968,0.9505417,0.51744175,0.389786,0.2520504,0.65888405,0.13664228,0.2806293,0.85665065,0.25750154,0.5217343,0.5487368,0.56534946,0.73016006,0.7035072,0.5369829,0.5360146,0.5534191,0.48800817,0.5760621,0.12623402,0.60117996,0.12248357,0.35794687,0.6588794,0.4050369,0.57602704,0.09895167,0.6497543,0.31570122,0.02067191,0.18794674,0.46271566,0.48396012,0.87596196,0.8852641,0.8778586,0.7346274,0.07540879,0.42779338,0.6493465,0.12061535,0.18247724,0.5530038,0.12867358,0.09963168,0.12644523,0.69531494,0.7840923,0.1257688,0.1136331,0.6950526,1.0,0.48237658,0.7875207,0.50022,0.5922462,0.50839895,0.83435327,0.63544333,0.4220653,0.0,0.181312,0.52108526,0.6519831
f308caa4-09a7-467f-8beb-1b6ccce38d25,0.3496415,0.047438413,0.49713442,0.7906015,0.10616258,0.0,0.12743874,0.26889825,0.86535794,0.100953475,0.043979947,0.33721077,0.5350647,0.0952168,0.34145427,0.7702936,0.93314326,0.24904868,0.19621131,0.14037709,0.11387761,0.16317862,0.045162234,0.11718571,0.7828965,0.47043937,0.13228121,0.17501152,0.7102186,0.15762703,0.31458315,0.33190742,0.10134298,0.964763,0.06273046,0.06870429,0.4321283,0.33306825,0.9187039,0.45088062,0.4757774,0.18991892,0.33989748,0.115224935,0.5002481,0.30617774,0.18707456,0.48989892,0.17640069,0.21093747,0.09702574,0.88443446,0.1179256,0.40696913,0.11704115,0.43863124,0.86015517,0.31399772,0.7983298,0.16712902,0.2948839,0.8163176,0.12034118,0.1567544,0.33780074,0.0335205,0.04018876,0.37263587,0.33046156,0.13385147,0.27578545,0.2697139,0.15690565,0.21835534,0.34264475,0.107764274,0.47069025,0.18342513,0.16470411,0.4769153,0.40774056,0.50003934,0.8529364,0.47830498,0.4370147,0.43696314,0.12295216,0.48237658,1.0,0.15821275,0.25776464,0.10641641,0.1014577,0.16367665,0.48205292,0.9066068,0.024228588,0.4697876,0.09699853,0.26736698
f3fa5f28-5d69-41fc-a0e8-369ed44442f3,0.5682061,0.26311043,0.16496861,0.20035395,0.49771816,0.0,0.84536624,0.40670434,0.42801398,0.47329652,0.18119693,0.48644096,0.72587085,0.43609497,0.48557258,0.56015646,0.0,0.92150444,0.5218288,0.8548975,0.5153986,0.91666126,0.197067,0.785805,0.0,0.17609131,0.8463188,0.93111396,0.42557147,0.9774024,0.43348697,0.48090452,0.44632733,0.12984872,0.23935163,0.09869175,0.8258574,0.75207174,0.0,0.37235418,0.47162658,0.20814312,0.42747426,0.8539602,0.3189462,0.758243,0.5192819,0.5843581,0.9516992,0.9320761,0.45488223,0.15610212,0.5163132,0.6167203,0.5366268,0.15106842,0.39569855,0.096742876,0.0,0.96406275,0.53509736,0.14719662,0.15073013,0.93732923,0.48089826,0.0,0.17536506,0.4525417,0.63782895,0.88776493,0.90567124,0.88556874,0.9688427,0.06948802,0.42665765,0.58751816,0.17099255,0.2650935,0.54023606,0.16938671,0.17487435,0.17834282,0.4493374,0.89455944,0.141911,0.1795048,0.6662657,0.7875207,0.15821275,1.0,0.56442237,0.56116056,0.457855,0.9756496,0.4406001,0.0,0.0,0.23956423,0.44005555,0.9359833
f4dee32c-e6d8-4c67-95a9-f63a4e41f5e8,0.76119876,0.5749513,0.3805952,0.38537848,0.79333276,0.44843602,0.6324108,0.76275986,0.25678656,0.5798422,0.6315145,0.74613166,0.43781424,0.81241316,0.82912374,0.37494093,0.0,0.68643194,0.9538419,0.6329477,0.63816226,0.7682314,0.66728795,0.72184825,0.24192825,0.3869106,0.5691222,0.64008343,0.6623429,0.5364555,0.81982106,0.7629843,0.8449115,0.20429292,0.5799898,0.5734929,0.5567482,0.7385175,0.0,0.6318327,0.56577694,0.7029413,0.8418491,0.57948565,0.5501399,0.7820384,0.6438569,0.58141613,0.5837282,0.64819634,0.8014433,0.27196681,0.78195715,0.5307348,0.690844,0.31422698,0.23412238,0.5636908,0.21348782,0.54695356,0.77265865,0.3114441,0.64397395,0.56478405,0.74500895,0.43448868,0.55795985,0.6487168,0.7959442,0.5128367,0.6246891,0.60583067,0.5321891,0.5525568,0.8318986,0.63073486,0.4114892,0.7596584,0.6746864,0.37217915,0.5507392,0.37792492,0.25596437,0.5115444,0.5439336,0.5193075,0.6591642,0.50022,0.25776464,0.56442237,1.0000001,0.8232964,0.80182415,0.56817806,0.5275408,0.023675999,0.41905087,0.46098214,0.79935527,0.575938
f527b464-7bb9-45da-bb4d-5aab19eb4f9a,0.35121906,0.69302046,0.0,0.4708236,0.9449976,0.5928124,0.7236111,0.9069848,0.29572576,0.67011696,0.788887,0.29689273,0.52427244,0.9828367,0.4183944,0.2732941,0.0,0.48169386,0.9148334,0.7307526,0.70348084,0.7647916,0.7943232,0.8424177,0.3201986,0.0,0.6197926,0.6141207,0.26680005,0.4986999,0.43153036,0.30876106,0.95863605,0.07925142,0.7429494,0.6118524,0.6004137,0.41241157,0.0,0.18225913,0.6227039,0.6258458,0.4865077,0.71010375,0.1904327,0.42964295,0.669839,0.30860958,0.51825243,0.52234495,0.94150233,0.32671112,0.912402,0.25220653,0.79785895,0.0,0.1759926,0.44701082,0.28149468,0.47924212,0.44855636,0.38193795,0.65344304,0.4665475,0.2935098,0.5741782,0.69736075,0.48869014,0.41685748,0.62017035,0.61059976,0.6060916,0.49408865,0.5148135,0.7475971,0.71699584,0.0,0.6336944,0.69081485,0.0,0.2542738,0.0,0.22988355,0.47359645,0.3095158,0.21025535,0.74260664,0.5922462,0.10641641,0.56116056,0.8232964,0.99999994,0.9810186,0.6033257,0.6350781,0.0,0.5561081,0.043702584,0.9608988,0.44971648
f685a52e-f09f-45e3-b296-668bbb414f9f,0.3044423,0.7294911,0.006860797,0.4907804,0.9590001,0.6666676,0.6301708,0.93164,0.23902269,0.66911286,0.8326812,0.25308746,0.45440257,0.98823714,0.40309733,0.23313203,0.009012967,0.396465,0.9147433,0.6360013,0.6826621,0.7002131,0.84235907,0.78162265,0.35412276,0.014202905,0.51769197,0.5529362,0.23769507,0.40850163,0.42416447,0.274287,0.9600389,0.067558214,0.78222233,0.6671346,0.49264193,0.35913816,0.0054196203,0.17989929,0.5981967,0.67540973,0.48461542,0.6172561,0.19394782,0.36155137,0.6514745,0.25066805,0.44103298,0.45886874,0.9619155,0.33749923,0.90423167,0.23653588,0.7806585,0.03350778,0.15488477,0.50227815,0.33056045,0.3943861,0.43082273,0.41333407,0.7058023,0.38140416,0.2502037,0.65590185,0.7405488,0.49830437,0.35327384,0.51230747,0.5024852,0.5045503,0.41522643,0.58935654,0.77698034,0.70038813,0.0,0.6593497,0.67258644,0.0,0.28121346,0.010548636,0.20302215,0.40446752,0.33749926,0.23557279,0.69308984,0.50839895,0.1014577,0.457855,0.80182415,0.9810186,1.0,0.5091865,0.6387692,0.0089627,0.6220956,0.0450975,0.98150045,0.37559462
f6fcd7a9-a8f0-457c-b9f3-018c8b01391b,0.5498134,0.24539977,0.12454974,0.21609333,0.5545639,0.016470235,0.89975953,0.43992195,0.44936025,0.52904046,0.19374661,0.44692808,0.76754284,0.4696589,0.467569,0.53347564,0.013148026,0.86329854,0.5445428,0.90484846,0.5546408,0.885378,0.22342272,0.8367623,0.0,0.13294727,0.9036939,0.9062836,0.40786448,0.9233738,0.40957075,0.46209967,0.47944874,0.119301304,0.26776674,0.08889893,0.868804,0.7280503,0.007906088,0.3658189,0.5042914,0.21617979,0.41324255,0.90780365,0.2941466,0.70619977,0.5512555,0.5752645,0.9076653,0.89896846,0.4906168,0.1798446,0.5544096,0.5903371,0.5779679,0.16293605,0.3866159,0.07303996,0.014182891,0.90228045,0.5401641,0.15876009,0.15203413,0.87760264,0.4418356,0.02054528,0.18826166,0.4892518,0.61362886,0.9473914,0.93943644,0.9354572,0.9186399,0.071734846,0.4622339,0.6450248,0.12909776,0.245668,0.5809048,0.12788537,0.13202848,0.1500354,0.42405686,0.8664954,0.10714146,0.13552442,0.71322334,0.83435327,0.16367665,0.9756496,0.56817806,0.6033257,0.5091865,1.0,0.4979403,0.0,0.01485011,0.19259611,0.47363448,0.8819158
f8eb34db-1687-4a4b-802f-8c5bdb2bce45,0.2928577,0.54939073,0.15500908,0.6042853,0.74437785,0.41603592,0.6746638,0.64059937,0.57045925,0.862492,0.580572,0.22571523,0.60518444,0.6106488,0.33203918,0.5112338,0.417874,0.3743242,0.59975135,0.67738587,0.8783205,0.5205694,0.55885816,0.5979219,0.55609393,0.13370527,0.5096915,0.6328127,0.3815268,0.39394045,0.31228805,0.23473825,0.60126376,0.44184488,0.5529491,0.4393235,0.60094154,0.3637387,0.40815973,0.2347891,0.9211137,0.53924525,0.4033196,0.68362474,0.3981398,0.33653793,0.89219344,0.37986594,0.41346297,0.42105985,0.7040639,0.59263784,0.81095535,0.2977922,0.87746954,0.13879368,0.47954488,0.40849912,0.5903411,0.38032812,0.50100297,0.5712468,0.5041568,0.36645466,0.22314334,0.46404347,0.6710334,0.7272182,0.32483563,0.50694114,0.5349193,0.5410206,0.38903904,0.47674152,0.53014773,0.8591414,0.13261595,0.52128696,0.8760358,0.14147595,0.32863355,0.16881715,0.516903,0.5244475,0.3457054,0.2811128,0.8510485,0.63544333,0.48205292,0.4406001,0.5275408,0.6350781,0.6387692,0.4979403,1.0000001,0.39444983,0.46957427,0.15135954,0.61769074,0.4044402
f93c5b61-46df-44b0-a718-571307f2d308,0.0,0.0,0.37465256,0.83119893,0.0,0.0,0.018402245,0.24980056,0.85233915,0.0,0.0,0.0,0.50577605,0.0,0.012506951,0.7611256,0.9698138,0.0,0.015715403,0.0,0.015269438,0.020086588,0.024222564,0.043996427,0.83087546,0.3278624,0.03720143,0.024144176,0.4329493,0.0,0.0,0.016504895,0.031707004,0.9302435,0.0,0.0,0.34273434,0.0,0.9605025,0.13802163,0.38053322,0.0,0.0,0.0,0.28121212,0.016133606,0.057404116,0.32779348,0.021803528,0.019737015,0.042031765,0.90761364,0.0,0.24192266,0.0,0.31106326,0.86287737,0.24027354,0.8349867,0.0,0.0,0.8808021,0.0,0.035135627,0.0,0.0119857155,0.0,0.20121428,0.0,0.0,0.11283359,0.09108213,0.023446351,0.12898147,0.1786711,0.03371602,0.31335634,0.0,0.0,0.31707478,0.24551031,0.3115837,0.84523714,0.35422635,0.30991682,0.2800123,0.014654411,0.4220653,0.9066068,0.0,0.023675999,0.0,0.0089627,0.0,0.39444983,1.0,0.0,0.2803358,0.028324576,0.06513256
fae7e454-f146-44cd-a680-3dfc2879df45,0.017990377,0.9476087,0.0,0.31722015,0.6036024,0.9664192,0.13934058,0.5860627,0.0,0.49984553,0.92988926,0.0,0.0,0.6434124,0.21781415,0.0,0.020327656,0.0,0.5414317,0.15297565,0.47981954,0.26109523,0.8987171,0.25818196,0.49917564,0.0,0.012675905,0.20893498,0.0,0.0,0.28251424,0.0,0.6032094,0.0,0.95322424,0.9114654,0.0,0.033516936,0.012223297,0.027664166,0.40678197,0.8869877,0.39073125,0.18197992,0.17150177,0.0,0.49602398,0.0,0.0,0.0,0.6524365,0.20114313,0.6234982,0.0,0.53185916,0.0,0.0,0.7528284,0.502508,0.0,0.2254525,0.27768403,0.9518529,0.0,0.0,0.98923,0.9303169,0.37820664,0.0,0.015637636,0.0,0.018255915,0.0,0.903805,0.49022216,0.4292155,0.0,0.8197199,0.47780788,0.0,0.46656948,0.023791172,0.0,0.0,0.50088584,0.33674318,0.38836777,0.0,0.024228588,0.0,0.41905087,0.5561081,0.6220956,0.01485011,0.46957427,0.0,0.99999994,0.0,0.61430854,0.017406331
fc58c463-84fd-4548-9e91-513ebe48d753,0.7259589,0.08104422,0.9746071,0.28470477,0.043598343,0.0,0.052335933,0.13364844,0.23692074,0.05389682,0.018061476,0.7496292,0.20072505,0.039103184,0.7068344,0.41463843,0.25058496,0.50457215,0.30168825,0.057649393,0.046766713,0.26951846,0.018547012,0.06737538,0.23473419,0.9841134,0.058597345,0.2874916,0.7621843,0.2910144,0.73067796,0.7113196,0.041619055,0.4803881,0.014721056,0.16406588,0.15071288,0.66495043,0.2511336,0.8916364,0.14103338,0.3342643,0.68649584,0.047320027,0.94869626,0.6573756,0.22161606,0.84858084,0.36490008,0.4361025,0.06436673,0.29740927,0.048429124,0.8486599,0.048065905,0.8384465,0.36034667,0.62041533,0.24179913,0.34098494,0.6458748,0.2822332,0.2151669,0.29209027,0.7532224,0.010488412,0.016504528,0.5914143,0.6895367,0.048192427,0.3557471,0.3059219,0.31288943,0.40747476,0.56378263,0.059008162,0.9744481,0.39431036,0.17246199,0.9684056,0.8677858,0.9692012,0.38485688,0.3961713,0.8295554,0.9167083,0.050493408,0.181312,0.4697876,0.23956423,0.46098214,0.043702584,0.0450975,0.19259611,0.15135954,0.2803358,0.0,1.0,0.06462105,0.47720128
fc895620-c446-471c-972e-18f4ce979e28,0.3079026,0.7299505,0.021681989,0.52285457,0.93365026,0.65681344,0.60805255,0.9546013,0.23254058,0.65347534,0.8337167,0.27061763,0.48587686,0.9753099,0.4056757,0.21545611,0.0,0.3921007,0.9048572,0.6217537,0.6792739,0.68045205,0.83157635,0.78022,0.3555839,0.044885054,0.49056065,0.54736227,0.24318817,0.39134133,0.42940456,0.28143564,0.94795126,0.07223765,0.7687663,0.6711605,0.4792819,0.34552428,0.0,0.16612914,0.59848887,0.66967833,0.48830974,0.5955912,0.18746571,0.36497205,0.6448794,0.240138,0.4486218,0.45546243,0.9800356,0.32447696,0.8967869,0.23544885,0.7735054,0.0,0.1351892,0.5220555,0.3379786,0.37781882,0.42332894,0.4585766,0.7043773,0.36746043,0.2675341,0.65672874,0.7448999,0.47469378,0.36275083,0.4841443,0.4813769,0.4775023,0.42378682,0.59742695,0.74266255,0.69947827,0.0,0.6726681,0.66348284,0.0,0.28237376,0.0,0.22497852,0.37382132,0.33868763,0.2366739,0.6821774,0.52108526,0.09699853,0.44005555,0.79935527,0.9608988,0.98150045,0.47363448,0.61769074,0.028324576,0.61430854,0.06462105,1.0,0.35423613
fc932934-07d4-4feb-bf60-af1355a4a785,0.67741704,0.26446673,0.40407696,0.21491319,0.4004146,0.0,0.6725749,0.34029788,0.39143538,0.38076735,0.14613208,0.60875434,0.6052284,0.35098678,0.6138683,0.6253054,0.0770563,0.9622019,0.49731523,0.68073666,0.41490415,0.88788056,0.15875122,0.6251011,0.05480946,0.4169016,0.68125236,0.91279435,0.55555797,0.9680739,0.5613152,0.5890173,0.35948431,0.23103543,0.20923916,0.12888084,0.680222,0.8597258,0.07104701,0.57560277,0.40348834,0.29237527,0.56443816,0.6777615,0.543466,0.84281164,0.46651727,0.6951958,0.9434345,0.9503238,0.36595306,0.19286153,0.41589943,0.77723086,0.43189034,0.36286774,0.45905128,0.24460766,0.07065311,0.9786449,0.6114786,0.17481017,0.20114174,0.93958473,0.6042061,0.02408184,0.1412688,0.52318865,0.70942223,0.71528524,0.80966634,0.7842999,0.9556333,0.18950032,0.4959466,0.4705693,0.41072568,0.32537407,0.47745955,0.40686846,0.3951784,0.43739966,0.49705184,0.91560686,0.34984183,0.40847895,0.53314334,0.6519831,0.26736698,0.9359833,0.575938,0.44971648,0.37559462,0.8819158,0.4044402,0.06513256,0.017406331,0.47720128,0.35423613,0.99999994
