order_item_id,order_id,listing_id,quantity,unit_price
6a3c8ac6-83e4-4c70-b3d5-76516400cef4,7814a3bd-c0ac-41d6-b685-606257181026,48c05eff-6a2c-4517-9f87-23a6d289b906,1.62,33.88
f2c61170-1d1a-4202-aac4-d0d82ad9c0f3,7814a3bd-c0ac-41d6-b685-606257181026,14be1626-52a6-4663-a86f-3e63efc5b7f1,2.85,38.65
9cfd9644-d62b-407f-b1b3-fbc5f4566bab,7814a3bd-c0ac-41d6-b685-606257181026,d848e305-da92-42ae-a09b-220a4628adde,4.34,34.82
8330cee1-32e4-41a4-b35c-720c8804e6a2,4a1dab7f-3c5b-4fa4-8ed7-0f5a059fc0e3,48c05eff-6a2c-4517-9f87-23a6d289b906,2.36,33.88
7d5bcc6b-cc74-4401-b50e-9514211cbe1f,4a1dab7f-3c5b-4fa4-8ed7-0f5a059fc0e3,ff6ed914-1af0-4743-a219-3c47dd0455f8,3.28,47.73
b62dd04c-9979-446e-9455-aa56f94cdc8b,4a1dab7f-3c5b-4fa4-8ed7-0f5a059fc0e3,798ae4e6-fad9-4806-8971-c892a9483220,4.46,27.32
87c40ec0-97b0-4b5a-ba6d-b528a3a58d33,27b46fc8-6edb-4474-b531-35db14badf58,48c05eff-6a2c-4517-9f87-23a6d289b906,1.7,33.88
d9a2931f-477c-4088-898b-936035a570dc,27b46fc8-6edb-4474-b531-35db14badf58,ff6ed914-1af0-4743-a219-3c47dd0455f8,4.65,47.73
37aaed13-a09c-4fbe-b519-7411badf816d,27b46fc8-6edb-4474-b531-35db14badf58,2cc864b2-ffcd-4cd9-96ea-35cc70b7f01e,4.2,34.73
468a42d9-3440-4ce7-add7-53d95230b7d7,0bcad669-2664-4758-8b04-4b805b06a314,90d08764-413b-4792-ac7f-41915db7fab3,3.71,40.94
3bc6aad5-7503-403d-b13b-355bf0264f84,0bcad669-2664-4758-8b04-4b805b06a314,fc99c491-28ac-40fc-bd3b-edf6d3a3588b,2.55,44.42
89afee42-ebb9-48f0-89dc-427ff3165bf0,0bcad669-2664-4758-8b04-4b805b06a314,1fb51520-9238-438a-b8e4-17a7803354a7,4.73,51.23
078f979a-1804-4038-a97e-b7a753b30d5d,0bcad669-2664-4758-8b04-4b805b06a314,3d9f95b7-246a-4a03-b972-3edf5dc69656,2.74,19.45
10929925-2d7a-4d98-850b-c96dfc3008fa,4e86e1a1-4c7a-4fc1-9d2b-b62d3b095d20,f2b7b5ef-c8f7-4c34-93ed-2e35f3c536c1,3.13,38.0
692cd3e8-4402-4044-ac56-1a7a565f8939,4e86e1a1-4c7a-4fc1-9d2b-b62d3b095d20,3a552307-6f65-4c3a-a54d-d271c022e93b,1.6,38.15
72c5717c-be39-4ad3-80f9-05026c2afdad,4e86e1a1-4c7a-4fc1-9d2b-b62d3b095d20,33b8b450-7c1f-41ce-878c-fb991290c907,1.83,49.25
794bb1c1-9aa9-456a-bb43-754bea9dea29,4e86e1a1-4c7a-4fc1-9d2b-b62d3b095d20,6f413aea-b761-4f53-83cc-8909734ca65f,1.54,18.94
92e70af8-b643-4a06-af4e-bacbcaac7d06,5aa628dd-45b5-493a-bb00-08e01ade80cd,f2b7b5ef-c8f7-4c34-93ed-2e35f3c536c1,4.61,38.0
7352c974-aab6-4407-b7c7-e2fa5b942dd3,5aa628dd-45b5-493a-bb00-08e01ade80cd,3a552307-6f65-4c3a-a54d-d271c022e93b,2.71,38.15
da7b5ee9-26c8-43c3-85bd-bd48a2e96e33,5aa628dd-45b5-493a-bb00-08e01ade80cd,33b8b450-7c1f-41ce-878c-fb991290c907,3.47,49.25
7136882b-6b9b-4177-8304-c14ac054cdba,5aa628dd-45b5-493a-bb00-08e01ade80cd,9343e411-1342-4af6-b84c-49ab26ee23f0,2.43,17.66
5c374080-2710-477e-acae-d39b7067e72c,f54799ef-dfcd-4685-a317-b345d54879b3,f2b7b5ef-c8f7-4c34-93ed-2e35f3c536c1,2.88,38.0
d70f730d-ca2c-4161-8b14-9ce1cad30f44,f54799ef-dfcd-4685-a317-b345d54879b3,3a552307-6f65-4c3a-a54d-d271c022e93b,4.65,38.15
aedc84a2-c3c3-4d14-834d-9cc91dacd244,f54799ef-dfcd-4685-a317-b345d54879b3,36ac1cb7-c55e-46e9-bdbf-67db44692a6b,4.16,47.76
2459751e-8d48-415d-86bb-c7a27b8669e5,f54799ef-dfcd-4685-a317-b345d54879b3,0de12161-675e-4cbb-96b4-0107237dd341,1.98,17.19
6a404d70-8a0f-4adb-af66-168142daa834,8fa74ae3-9cc0-4089-9ca7-b482474a3977,19d09fa0-c8b2-4b5c-b5a6-7efe29934bd0,1.81,23.82
7070a191-95ff-4311-8786-ace52d062549,8fa74ae3-9cc0-4089-9ca7-b482474a3977,86cea29e-ba3e-4d48-83e6-50fc57051a44,2.3,59.76
860f1545-b650-440d-8805-4407629f15ae,8fa74ae3-9cc0-4089-9ca7-b482474a3977,0994cb89-90be-4944-806b-eeefe4d6eabb,2.21,41.4
60a5f7af-f52a-45ae-901d-314f1b219e64,8fa74ae3-9cc0-4089-9ca7-b482474a3977,f2ae0ff7-611d-4a23-b1ee-97688a2701e7,3.48,28.85
4086f13a-a213-4dbc-a441-395e207bfa8c,d1fc121c-6529-4a63-8684-450fdbba0a09,5ac74607-116b-439d-bc3c-14d60fbbf3c9,3.78,41.06
7c42c60f-6767-4098-b888-c786c550cc0f,d1fc121c-6529-4a63-8684-450fdbba0a09,aafb59e7-4643-44a7-be97-2be664e18e79,1.46,40.54
a2df3541-037c-4d21-a7aa-06d8a00dff7a,d1fc121c-6529-4a63-8684-450fdbba0a09,33b8b450-7c1f-41ce-878c-fb991290c907,4.29,49.25
13989b81-8016-4c68-9c27-27dd67cc11d0,d1fc121c-6529-4a63-8684-450fdbba0a09,32fc637e-f9fe-4fc6-9e2a-675ee8c4feee,1.14,18.76
654822dd-e844-47e1-9a25-dc41396623f5,c00afd0d-5174-4b1a-bafa-39f2a3932611,0c04e9e0-bb76-47a7-a14d-f2eff4f256d8,2.06,27.65
b6e55b62-1137-497d-bf93-f86ebd9f47b7,c00afd0d-5174-4b1a-bafa-39f2a3932611,ef03f9f5-d4ae-43ae-9c98-2b1ac1e2bf87,2.79,60.6
b00167f8-cf96-493d-9f6a-97ced36d2e0c,c00afd0d-5174-4b1a-bafa-39f2a3932611,34119d47-c8c2-4772-b53c-97c701be9620,2.2,53.06
60a160cd-ca98-40d2-b78f-3820f61b525e,bcae986d-14f3-4003-910f-d02054afd1af,c72fff1a-1cca-48c8-8569-0e230d5647fd,1.74,27.88
4a5a2135-3f54-4ec8-a011-9ef7a8568ffe,bcae986d-14f3-4003-910f-d02054afd1af,469de709-3edd-4ecf-b373-98a004b5f3ae,1.0,61.29
532a2941-76e8-48eb-98da-2099420c70d0,bcae986d-14f3-4003-910f-d02054afd1af,34119d47-c8c2-4772-b53c-97c701be9620,1.44,53.06
325a0c5b-f7c8-4bae-aa3d-75e2b08ead7b,df1dbd28-6166-4183-a602-b35b9c0b745b,eeefd9b6-1b40-41ed-ba70-4f51c247226a,1.95,22.23
27925ef4-0b18-4a26-ae74-d0ee3c78289d,df1dbd28-6166-4183-a602-b35b9c0b745b,4cc80ba9-1884-4b13-8df8-b093b3882660,4.37,59.94
21631977-5b23-46d7-bded-34a23b1a8f45,df1dbd28-6166-4183-a602-b35b9c0b745b,16d265ed-77a0-4a24-afb5-719cba043ada,1.62,47.75
9cf7f5f3-e044-4752-8ffd-d40d5eee5891,df1dbd28-6166-4183-a602-b35b9c0b745b,4db9e4de-ce3d-41d7-bdf4-3931e7243df5,1.54,76.83
7407e069-1bcb-4cfb-ae00-f37f11859ed8,f55ee903-f697-41cd-8292-d8ac7cd97ff3,c8ab7e01-9ce6-44bf-9bcc-a325e05802a4,1.72,41.38
3b58bb46-a42e-42ab-9e61-6816d9c567e7,f55ee903-f697-41cd-8292-d8ac7cd97ff3,ada3490e-9d0d-41c5-b8f6-ee36f232a592,2.54,40.7
1f56510c-668e-48cd-85dd-3f8853254d7c,f55ee903-f697-41cd-8292-d8ac7cd97ff3,73ba2336-7a3c-47ec-af09-dc36f47b00fc,3.31,93.05
b4d8b903-5fc3-417d-8f96-74d8b660670c,f55ee903-f697-41cd-8292-d8ac7cd97ff3,28e011b1-cf12-42d0-8034-c80656e0c0d5,2.08,112.53
a08bd427-b8b2-4388-8f5c-8ec935f702b0,f55ee903-f697-41cd-8292-d8ac7cd97ff3,5a442680-9fef-499c-825c-bcbe3ceaedb7,1.73,20.08
28f27240-5deb-4eef-adaf-40cbb93e491d,f55ee903-f697-41cd-8292-d8ac7cd97ff3,a4ef8596-5999-4b27-a3fe-44558bcaa2df,1.45,74.5
78dc3a80-604a-4d31-be79-7d39f6ad9343,e6a31d97-4e46-4b44-acdf-ed876d1f0d41,9e466ab4-0753-45f0-b24d-06ca63637b2d,3.74,34.7
b1b4c922-a1d9-4971-b17e-e778b810eee4,e6a31d97-4e46-4b44-acdf-ed876d1f0d41,ada3490e-9d0d-41c5-b8f6-ee36f232a592,4.61,40.7
cc9425d7-f3ac-4540-beac-8965d4ba6727,e6a31d97-4e46-4b44-acdf-ed876d1f0d41,73ba2336-7a3c-47ec-af09-dc36f47b00fc,3.05,93.05
58ebe292-f3c0-458d-915b-03aa851f5289,e6a31d97-4e46-4b44-acdf-ed876d1f0d41,28e011b1-cf12-42d0-8034-c80656e0c0d5,2.41,112.53
a4bbf495-1cfb-458e-840d-97a4443a4eda,e6a31d97-4e46-4b44-acdf-ed876d1f0d41,019151cf-91d6-487b-a2fe-afcd1bc9cd70,1.58,19.53
5c5e385a-5be3-40c9-af02-3c6ec28cebdf,e6a31d97-4e46-4b44-acdf-ed876d1f0d41,d091bfe2-22ca-4023-a8f1-3226b7f4a7da,3.91,51.63
9fc4159c-cc3e-40e8-8313-b4cdbd532572,c4368b4d-1065-4324-bfd1-73e63d4e55a7,9e466ab4-0753-45f0-b24d-06ca63637b2d,3.02,34.7
04c56672-032c-4705-8e57-5111973bec2b,c4368b4d-1065-4324-bfd1-73e63d4e55a7,ada3490e-9d0d-41c5-b8f6-ee36f232a592,3.46,40.7
bb4ec150-c1e6-431c-9791-de4ce589cd36,c4368b4d-1065-4324-bfd1-73e63d4e55a7,73ba2336-7a3c-47ec-af09-dc36f47b00fc,3.42,93.05
530aab15-3d49-4402-ba11-af40f433344f,c4368b4d-1065-4324-bfd1-73e63d4e55a7,d5474396-93fa-4ca5-9ce7-c2637eb3b02b,2.48,126.37
c0946b13-ccef-4475-b42d-0a8aea1954ad,c4368b4d-1065-4324-bfd1-73e63d4e55a7,c50ff350-8d5c-44a4-b91f-08c8a0a5c99f,1.97,20.16
5a910a10-5430-46ac-973d-a2a95e411363,e631ebef-71b0-4b69-94dc-5231eb5dc94f,9e466ab4-0753-45f0-b24d-06ca63637b2d,3.9,34.7
1b332dec-5417-4bf1-aa48-95a6f828da36,e631ebef-71b0-4b69-94dc-5231eb5dc94f,ada3490e-9d0d-41c5-b8f6-ee36f232a592,1.22,40.7
35bd20aa-313f-46dd-b758-10a08b5f209f,e631ebef-71b0-4b69-94dc-5231eb5dc94f,aed45e5c-011b-40b3-8e26-d48a1b7a655d,1.67,84.56
c1e0bbb0-b2dd-464c-b389-3b9244f4280c,e631ebef-71b0-4b69-94dc-5231eb5dc94f,28e011b1-cf12-42d0-8034-c80656e0c0d5,4.79,112.53
76b0d2dd-22e6-4dbe-9f7c-afbdd0058b23,e631ebef-71b0-4b69-94dc-5231eb5dc94f,c50ff350-8d5c-44a4-b91f-08c8a0a5c99f,1.76,20.16
3de1caca-c61f-417f-868f-8e463a443779,7ef31c51-e64d-4294-b3a8-9e752da7096e,bf9e355c-e1c9-428e-906d-8e9a455ce885,1.39,37.18
3296f978-9cab-473f-864a-16eff931ef73,7ef31c51-e64d-4294-b3a8-9e752da7096e,ada3490e-9d0d-41c5-b8f6-ee36f232a592,3.44,40.7
5bfd7a5b-8cc0-4c63-bef3-552d7b107581,7ef31c51-e64d-4294-b3a8-9e752da7096e,73ba2336-7a3c-47ec-af09-dc36f47b00fc,2.07,93.05
2e75535e-fe64-4192-8547-60fe02ed7ac0,7ef31c51-e64d-4294-b3a8-9e752da7096e,43feb303-a583-451a-bf7d-b766f4a40b12,2.84,112.1
21d2f86f-b64b-4ece-9b3c-ddf6e0f20e17,7ef31c51-e64d-4294-b3a8-9e752da7096e,c50ff350-8d5c-44a4-b91f-08c8a0a5c99f,2.47,20.16
73eee609-ef1b-49b6-b9c1-c013fe8a1cf4,7ef31c51-e64d-4294-b3a8-9e752da7096e,3cd3d555-a147-44bf-93ea-9a3bff52099e,3.08,95.73
237fc199-bdab-4e1b-aad7-6a4e95b0ee5d,3be62aea-ef86-4fa3-ba6a-ead0ac4b981d,9e466ab4-0753-45f0-b24d-06ca63637b2d,2.41,34.7
532f3a07-5221-4557-94aa-ed4b4183bffa,3be62aea-ef86-4fa3-ba6a-ead0ac4b981d,ada3490e-9d0d-41c5-b8f6-ee36f232a592,1.09,40.7
4a5e8104-afd8-474a-bf26-de40349a8ffe,3be62aea-ef86-4fa3-ba6a-ead0ac4b981d,01cc7f23-cad4-4c40-a54b-fae6740f8e23,4.8,85.06
866b749d-aa8f-4275-9089-debdec07279c,3be62aea-ef86-4fa3-ba6a-ead0ac4b981d,c550a097-fe9a-4708-a8de-917d87890596,1.35,111.72
b17082bb-c570-4a95-b3e3-c5fdfff5529b,3be62aea-ef86-4fa3-ba6a-ead0ac4b981d,32fc637e-f9fe-4fc6-9e2a-675ee8c4feee,2.31,18.76
5ca7b72f-89d8-4bbb-ae54-0c416ed3edc9,83d60ef6-5dc5-4211-b905-9f52d97eb607,513bda1b-657c-4490-9a52-b4bf2f376704,2.03,36.46
c62f7760-2d2f-4c0f-be7d-9b9a7c75b32d,83d60ef6-5dc5-4211-b905-9f52d97eb607,3a552307-6f65-4c3a-a54d-d271c022e93b,4.11,38.15
64111d92-bf63-495a-a778-228debf17099,83d60ef6-5dc5-4211-b905-9f52d97eb607,c8ab7e01-9ce6-44bf-9bcc-a325e05802a4,2.03,41.38
835c4722-efe3-470c-9c0d-3322d8cf1f15,83d60ef6-5dc5-4211-b905-9f52d97eb607,6fcc34f9-1490-4c70-ae89-f338a3157ec6,2.97,50.74
e82afd14-7191-42fe-88cd-4fbe4efaba0e,83d60ef6-5dc5-4211-b905-9f52d97eb607,0ef48ef3-7d47-4f95-93c0-3b5cc71273c0,3.58,73.22
f0dad63f-04d9-4b07-ac16-fbfe6cb7d052,c70d32c3-0a25-4c2a-a6cb-5d8a82fe3d3a,e13af574-1a3d-4d74-a9d2-fcc42f75a927,4.11,30.28
b906f6b5-22ac-47bd-8200-cc2797f7d07f,c70d32c3-0a25-4c2a-a6cb-5d8a82fe3d3a,aafb59e7-4643-44a7-be97-2be664e18e79,1.6,40.54
cb8cb38c-0251-4535-a25c-a49796f4c391,c70d32c3-0a25-4c2a-a6cb-5d8a82fe3d3a,04f54342-120a-43fa-9062-b8d0771ca8a7,2.07,41.13
38249e99-47cd-4d3b-982d-60f23fbc35d7,c70d32c3-0a25-4c2a-a6cb-5d8a82fe3d3a,ef03f9f5-d4ae-43ae-9c98-2b1ac1e2bf87,1.01,60.6
4f4a3949-8f3f-4b6f-80e5-22620b0a01bf,c70d32c3-0a25-4c2a-a6cb-5d8a82fe3d3a,a6f0bc98-cd3d-4600-aa52-1551395a9aee,2.74,83.88
8722903c-1aaa-48d6-bc82-28bc5b03d95e,f0e1f08a-d6a2-4e62-8482-c16c53fc5fd4,e13af574-1a3d-4d74-a9d2-fcc42f75a927,2.33,30.28
44066a98-bae6-4584-b971-36d1d9427118,f0e1f08a-d6a2-4e62-8482-c16c53fc5fd4,590e80bb-af16-404a-9e65-c9a5fb7cd1dd,3.53,35.71
d91829cf-54a5-40bc-b9e7-6aa8bfaa78fa,f0e1f08a-d6a2-4e62-8482-c16c53fc5fd4,c8ab7e01-9ce6-44bf-9bcc-a325e05802a4,1.32,41.38
c42aede3-eed9-4dcd-9be7-6df1e5705b57,f0e1f08a-d6a2-4e62-8482-c16c53fc5fd4,267bcafa-37c4-4b02-92c3-b227652497c8,1.71,47.08
2294d44c-de80-40a9-b727-0e764d93e796,f0e1f08a-d6a2-4e62-8482-c16c53fc5fd4,0ef48ef3-7d47-4f95-93c0-3b5cc71273c0,2.2,73.22
b6d98645-640f-4dee-a666-f4c04645e318,eb40eb10-64a5-4ac3-bf42-e750d33dc504,c8ab7e01-9ce6-44bf-9bcc-a325e05802a4,2.96,41.38
ea1d3bf0-dc87-4dd9-b59c-3375f15561fa,eb40eb10-64a5-4ac3-bf42-e750d33dc504,aae46e83-5eca-4bae-83be-d1af00c5cdc0,3.0,37.81
80abef7b-3cfe-4381-a44d-d8549e85607a,eb40eb10-64a5-4ac3-bf42-e750d33dc504,2cc864b2-ffcd-4cd9-96ea-35cc70b7f01e,1.15,34.73
d3314d3b-0401-4877-adde-d7d2887c2bbe,b2171627-358d-4be4-bf8b-baad599e36d5,c8ab7e01-9ce6-44bf-9bcc-a325e05802a4,1.15,41.38
e6c46703-6d6e-4f60-acda-c583254e40cf,b2171627-358d-4be4-bf8b-baad599e36d5,472f225e-9fd0-4a31-9d3a-970b74e867a1,2.88,45.91
959b79e7-daab-464c-b2c6-e7aa82ddf7e2,b2171627-358d-4be4-bf8b-baad599e36d5,e13af574-1a3d-4d74-a9d2-fcc42f75a927,1.06,30.28
d4d38df8-5831-45ef-966a-213a94605aa1,9d5ee820-6174-466f-bff8-e640955fa897,e7185a39-0261-4ed3-8614-036ab8432fa2,1.25,27.72
381db880-06ca-4531-b07f-da2830945192,9d5ee820-6174-466f-bff8-e640955fa897,c2baad76-3877-4321-9e02-47d4f8e4cc46,2.3,46.61
d9d848aa-8d64-4057-8309-a43a24d181b8,9d5ee820-6174-466f-bff8-e640955fa897,acea3378-4bf7-4d40-8a6e-bab5fadc2196,2.29,34.09
e511ffc0-4592-4a84-9817-9433030f4e5f,9d5ee820-6174-466f-bff8-e640955fa897,469de709-3edd-4ecf-b373-98a004b5f3ae,3.37,61.29
fe99afc4-fc28-47a0-af77-385b329809c2,9d5ee820-6174-466f-bff8-e640955fa897,ac50a9d6-f382-4ee3-af21-25a4d7df3eb5,4.03,83.99
c3f1b73f-8253-4afc-af8d-f43b42fb24ee,9d5ee820-6174-466f-bff8-e640955fa897,29ccbc90-02c5-4cdd-94aa-a6771263620e,1.88,19.58
a3632c3e-252e-4c3c-8e83-c6c3f0a5f684,cda6c357-2d90-4b95-85a8-31cecdc01b78,d58dced7-cfe0-4214-b87d-2cfb44f0ad65,1.03,42.81
19289da2-4739-44b0-aa8b-e2362f4d0eda,cda6c357-2d90-4b95-85a8-31cecdc01b78,84880841-242e-47ad-b889-243a3d69f06a,3.61,34.26
dcddecd9-e1c7-4ed4-bd2d-80047f37dbdf,cda6c357-2d90-4b95-85a8-31cecdc01b78,e39a26e9-549e-4b16-96e2-00865896404e,3.77,142.95
3bc84620-7fae-4296-9632-4e7d608739cf,f04a7435-6978-4fe1-a898-73f15ee54820,88dc8654-525d-4e13-a1c5-26c467b71fdf,4.8,53.29
0c7a1378-e9f9-44ef-8d1f-d4c2bf7610fb,f04a7435-6978-4fe1-a898-73f15ee54820,5f3f1ace-733c-45a8-9015-9c81106d406a,2.2,40.51
d7dd6cdc-5d9f-4b4c-b62c-f9196101f79b,f04a7435-6978-4fe1-a898-73f15ee54820,e39a26e9-549e-4b16-96e2-00865896404e,1.47,142.95
2e357285-10f0-453c-ae5e-dcb0fed62c10,f04a7435-6978-4fe1-a898-73f15ee54820,3a4326ef-cf5f-4283-abaa-a5ee739e5cd3,4.45,66.67
7a2e36fa-3c2e-4113-8334-d55db37ddae0,2fa04a2e-9d82-45c6-b6e7-c5b00a1d6bbc,a0b08496-a82f-4cd0-be10-3ab342d8be86,1.71,43.76
ddf5cf77-9b6e-4831-8c1a-3848137926ac,2fa04a2e-9d82-45c6-b6e7-c5b00a1d6bbc,93e9ec1b-13b4-4518-96f2-a58b6118ade4,1.22,34.99
f696ad75-7e81-4a0a-8605-946de651cdc6,2fa04a2e-9d82-45c6-b6e7-c5b00a1d6bbc,e39a26e9-549e-4b16-96e2-00865896404e,2.34,142.95
9c92f75c-1127-42ba-97c8-16486939578e,2fa04a2e-9d82-45c6-b6e7-c5b00a1d6bbc,60c49867-cdcd-43c3-8ef5-25d932125183,1.42,66.71
95a32daf-5194-4e72-ba75-3dc9d2091ff9,62ebd67a-0e48-4cb0-97a8-e175c7d26faa,90d08764-413b-4792-ac7f-41915db7fab3,4.59,40.94
1997cec8-39a5-472f-ad34-6e53f49d1ef1,62ebd67a-0e48-4cb0-97a8-e175c7d26faa,b4c436be-f3b0-415f-bf41-4043d721bf73,1.2,23.38
3a71bf0d-4cbf-4551-b78a-c64c47ea9046,62ebd67a-0e48-4cb0-97a8-e175c7d26faa,267bcafa-37c4-4b02-92c3-b227652497c8,2.5,47.08
e8ba38e0-9031-4adb-93ec-72adf906366b,62ebd67a-0e48-4cb0-97a8-e175c7d26faa,1b3c4a8b-db3c-47a0-bf6c-b07e358e035a,1.22,57.89
89842487-64ad-441e-a6e1-b3d07ead0caf,9888977b-ba25-4fed-bf70-f21f0160e70b,119171e8-3049-4289-a1e6-20156e6d3e20,1.13,41.62
55860013-3766-41b9-b1b6-d31dc4d56aa1,9888977b-ba25-4fed-bf70-f21f0160e70b,b4c436be-f3b0-415f-bf41-4043d721bf73,2.7,23.38
7188da22-d055-4baa-8695-ba284ee7d272,9888977b-ba25-4fed-bf70-f21f0160e70b,6fcc34f9-1490-4c70-ae89-f338a3157ec6,4.04,50.74
9e1632c7-a80a-4ce7-bec7-431aa32f81ee,9888977b-ba25-4fed-bf70-f21f0160e70b,37de3597-b603-4c63-8ff2-99e7384b7a13,4.16,73.83
73017858-cbdc-419d-a877-c67e604ce7c7,80406585-8dc7-41a2-96d4-946b1fdc44dc,73ba2336-7a3c-47ec-af09-dc36f47b00fc,4.35,93.05
8749ba13-996c-4ab2-84e1-be9571859357,80406585-8dc7-41a2-96d4-946b1fdc44dc,c3495736-91c7-4cc4-809c-67ddabb167ef,1.99,113.5
8bfeb210-2be3-4b5d-9a8c-11879e88c650,80406585-8dc7-41a2-96d4-946b1fdc44dc,1c84fa0c-e043-4a3d-8fe9-cd3d34c99d78,4.66,47.15
4e76e38e-b3e4-4eb5-8df9-54319a08593b,80406585-8dc7-41a2-96d4-946b1fdc44dc,5a442680-9fef-499c-825c-bcbe3ceaedb7,1.08,20.08
d951dfc9-b285-450e-9b69-cc10b5c7280a,80406585-8dc7-41a2-96d4-946b1fdc44dc,ee022739-4180-4dc6-8c2b-20baa685e36e,2.7,48.02
8d13db6d-ea02-498a-bbe2-9f57e5be1ef4,a27e5196-a6ba-4b69-b2d3-dcd6b02bc4f3,119171e8-3049-4289-a1e6-20156e6d3e20,3.59,41.62
99479225-fe16-4ada-b6c8-f31755422829,a27e5196-a6ba-4b69-b2d3-dcd6b02bc4f3,39dac036-1cbb-41e3-9550-b0ec6a31b6eb,1.32,28.69
a6d10639-07c0-4f52-9712-3c6fc7d0fe75,a27e5196-a6ba-4b69-b2d3-dcd6b02bc4f3,ef03f9f5-d4ae-43ae-9c98-2b1ac1e2bf87,3.99,60.6
462f5ad2-6cce-4a1c-bc62-3c06169a2cea,4e28bc50-6044-4de9-993f-65c92d878fa9,90d08764-413b-4792-ac7f-41915db7fab3,2.33,40.94
8d027813-3eab-4eae-93d8-6eb8ff3d04ea,4e28bc50-6044-4de9-993f-65c92d878fa9,39dac036-1cbb-41e3-9550-b0ec6a31b6eb,2.4,28.69
a5263af8-b4a2-4174-b971-2ac4c771b3cc,4e28bc50-6044-4de9-993f-65c92d878fa9,ef03f9f5-d4ae-43ae-9c98-2b1ac1e2bf87,4.18,60.6
8e824e44-9283-4017-8ca9-a349674d73ad,00fd2a23-969a-4fa6-b06a-b97f5b40a31f,5b8c6336-1da2-4e93-a5fb-3781c59c29bb,3.48,39.44
2840a528-5d37-4f84-a73a-6b7a1bc97d03,00fd2a23-969a-4fa6-b06a-b97f5b40a31f,3a50c212-b6a5-4a68-8319-9c27735e8d16,2.41,26.39
0771d641-25d7-45e8-9202-daab6493e371,00fd2a23-969a-4fa6-b06a-b97f5b40a31f,267bcafa-37c4-4b02-92c3-b227652497c8,1.55,47.08
7702fbdd-5519-4ac5-9c39-2a0be36860f3,c607e91a-7598-4b13-94aa-bf3ae0b6ac65,bf9e355c-e1c9-428e-906d-8e9a455ce885,2.11,37.18
0d76056c-3365-4d61-8940-68bb9950ede5,c607e91a-7598-4b13-94aa-bf3ae0b6ac65,e6a04938-5e34-4328-ae59-6d3dc3f1c0f1,2.0,26.69
a68b4b17-1ea9-4ca9-8795-61a471d1985f,c607e91a-7598-4b13-94aa-bf3ae0b6ac65,ef03f9f5-d4ae-43ae-9c98-2b1ac1e2bf87,2.81,60.6
d38ecc2b-985a-4033-807d-42e4cfa6863a,f95eadc9-ff1d-48f2-8619-dc06c5990669,474c4715-f104-4b6d-98d6-3853bd790063,3.79,91.32
300e74c6-984f-468a-900d-f53088df2f61,f95eadc9-ff1d-48f2-8619-dc06c5990669,cdbbec30-7793-4d61-884e-57040023b974,4.81,110.8
70d0292e-3969-4d80-9fce-b77fef031b40,f95eadc9-ff1d-48f2-8619-dc06c5990669,0235d250-aa7c-4dfb-b553-44b4676cb0a9,4.88,51.42
765973cc-5ced-4362-a44c-0552a200039f,f95eadc9-ff1d-48f2-8619-dc06c5990669,6d906107-a0e5-47f2-8799-d65930e76c89,1.84,20.58
ec91e070-df29-4ad4-bed4-b3f6be56553f,d81ca4e8-6b59-4760-8c11-e322d747c4bf,474c4715-f104-4b6d-98d6-3853bd790063,2.94,91.32
4c2d2b18-2f14-4e5a-8be7-2a0042e79c42,d81ca4e8-6b59-4760-8c11-e322d747c4bf,037383ef-6b0c-4d21-91c9-e5c324305667,2.83,106.85
a6b6aef9-9b86-4234-ae32-c32ab09b7d94,d81ca4e8-6b59-4760-8c11-e322d747c4bf,f9d76a86-af1e-436b-ba84-54d2e8a3573e,1.69,42.01
6ec83b99-754d-4448-a0aa-12508de42c2a,d81ca4e8-6b59-4760-8c11-e322d747c4bf,6d906107-a0e5-47f2-8799-d65930e76c89,2.54,20.58
389202a3-834d-4be8-980f-4788a13d66ee,ec8c9fb5-ea01-4eb2-8e04-0ed4abe9ff90,9ecc0d39-ed33-485e-ad18-7a2a707c6d2a,1.65,76.66
efb2a59b-2b0b-448f-878c-15e9d651b443,ec8c9fb5-ea01-4eb2-8e04-0ed4abe9ff90,67c8f787-036a-4e80-bf5c-615d33d60cb8,1.51,119.04
3a2f1441-3c23-4ea2-8317-c845ccbd49db,ec8c9fb5-ea01-4eb2-8e04-0ed4abe9ff90,33b8b450-7c1f-41ce-878c-fb991290c907,1.82,49.25
613728a4-6aba-4ab5-8801-66ea83f49477,ec8c9fb5-ea01-4eb2-8e04-0ed4abe9ff90,431c6fc2-0f8a-4db6-ae8e-8a20bad8a86f,1.3,17.62
69fc3d54-f02c-415c-8b16-8795a4916cd7,ec8c9fb5-ea01-4eb2-8e04-0ed4abe9ff90,a5fe64f7-9a3c-4e55-8f0c-7fc431807fdd,2.21,47.51
8e302b0f-6d97-4150-9eed-61cf58e3bd53,e06b2f9f-4ea4-4481-b4ac-0c86bf889874,48c05eff-6a2c-4517-9f87-23a6d289b906,4.88,33.88
87072f28-3203-4563-8374-65c2551d4216,e06b2f9f-4ea4-4481-b4ac-0c86bf889874,c2baad76-3877-4321-9e02-47d4f8e4cc46,4.2,46.61
bb4a7570-2a42-4699-8488-9ddcfac9922d,e06b2f9f-4ea4-4481-b4ac-0c86bf889874,334f6d5d-6c87-46e3-b054-4261bb3ac1e2,2.35,29.75
143929e8-f714-4633-b32b-52f8e4a12446,d9fe8d82-5013-4ecc-952b-1502f3ea0a5c,48c05eff-6a2c-4517-9f87-23a6d289b906,3.43,33.88
7249701c-b27c-453f-98cf-4c7b840e8b1b,d9fe8d82-5013-4ecc-952b-1502f3ea0a5c,ff6ed914-1af0-4743-a219-3c47dd0455f8,1.78,47.73
8924c536-5da0-45e7-96ea-b928c7a1cd95,d9fe8d82-5013-4ecc-952b-1502f3ea0a5c,334f6d5d-6c87-46e3-b054-4261bb3ac1e2,3.71,29.75
c91826f2-f20a-4718-afaf-acb2b987dbad,d9fe8d82-5013-4ecc-952b-1502f3ea0a5c,ba87582f-c244-431b-a4bd-e5bbdf0cf954,2.58,51.54
f9b14813-9bae-4f33-a31c-11d104f44a6a,83f43cc7-68cf-4f5e-99e0-e6b8ed103577,6d17c338-b0f2-4dbf-b830-b69f9ee86bc7,1.57,25.74
efad9750-1ed4-4779-9439-ddd915dafcca,83f43cc7-68cf-4f5e-99e0-e6b8ed103577,15e9cdb5-ab3a-4a67-b1e4-e8a4e2469815,1.35,61.06
6c7ebbc2-4fba-4752-a8e6-191289bc3959,83f43cc7-68cf-4f5e-99e0-e6b8ed103577,88dc8654-525d-4e13-a1c5-26c467b71fdf,4.21,53.29
744aecdc-0656-470e-8d26-fce72c1e6d81,90f0356f-f7d9-40ae-a4a9-fdd3cc8738fc,f7bc89a4-3acf-4f49-af2d-c878fc6e6f45,4.02,35.19
4ef64eaf-2ac8-48e2-ada3-eaa6b30507eb,90f0356f-f7d9-40ae-a4a9-fdd3cc8738fc,ff6ed914-1af0-4743-a219-3c47dd0455f8,2.66,47.73
ca0b9e2d-cbf3-42dc-81f2-329b71f84a09,90f0356f-f7d9-40ae-a4a9-fdd3cc8738fc,ce228021-e222-4cb4-afed-b4079dd03dde,4.02,34.21
45d918b1-bd24-49fb-9c71-b12502b9ed30,90f0356f-f7d9-40ae-a4a9-fdd3cc8738fc,5fd961c1-53ab-45a2-9703-0568fb7e8304,2.16,30.92
51492c27-782c-4847-af67-619c140a6277,d620855b-71d0-408a-addf-93884ea8d20f,48c05eff-6a2c-4517-9f87-23a6d289b906,1.5,33.88
6b99c12b-1cf6-4171-9e14-b32bfb0e2ff5,d620855b-71d0-408a-addf-93884ea8d20f,ff6ed914-1af0-4743-a219-3c47dd0455f8,2.97,47.73
7346b18e-8f77-4167-a09c-c23b7f9d930b,d620855b-71d0-408a-addf-93884ea8d20f,e7185a39-0261-4ed3-8614-036ab8432fa2,1.11,27.72
8ff85bef-c6bb-4193-94d6-324a28c82ffa,7b60910f-f045-49d0-9151-7a2f87edd3d7,90d08764-413b-4792-ac7f-41915db7fab3,1.07,40.94
25def851-f41a-40e6-954b-7174bd3bb75d,7b60910f-f045-49d0-9151-7a2f87edd3d7,590e80bb-af16-404a-9e65-c9a5fb7cd1dd,1.58,35.71
ab924aca-b7b6-494f-90ef-a75e6b984425,7b60910f-f045-49d0-9151-7a2f87edd3d7,9fde5f92-80d6-4098-9f79-62288afa3012,1.65,44.76
9478625f-3ed9-4390-9ac6-59a178f8df6e,7b60910f-f045-49d0-9151-7a2f87edd3d7,5a442680-9fef-499c-825c-bcbe3ceaedb7,1.1,20.08
ca3ee3ff-8def-41a2-9eff-f777ee364209,fd5745bb-9f29-4d36-9371-e4fae1f60bc1,acea3378-4bf7-4d40-8a6e-bab5fadc2196,2.09,34.09
ea65d9e7-c07d-4faa-87e5-5fb414f5f9b3,fd5745bb-9f29-4d36-9371-e4fae1f60bc1,cd421415-e774-4ace-b0dc-d63a85efee9b,1.38,38.49
b03abf7f-f8a7-4054-b6eb-8a03dd6287be,fd5745bb-9f29-4d36-9371-e4fae1f60bc1,71052cc8-49f3-422f-be43-de34a2259d59,1.55,39.36
9de71871-d7b8-41ec-9a95-59a10ce5a392,fd5745bb-9f29-4d36-9371-e4fae1f60bc1,c6914581-923c-445a-9f9c-eaf0ec5a2c33,1.68,17.46
cf03ca62-39d3-4b9b-a3f9-ff8e92c408d3,fd5745bb-9f29-4d36-9371-e4fae1f60bc1,1b3c4a8b-db3c-47a0-bf6c-b07e358e035a,3.01,57.89
d4905f22-3a80-4dbb-b075-3bc25e3b3474,760fa665-1e4d-4e63-83ca-d8f821a65bbc,19d09fa0-c8b2-4b5c-b5a6-7efe29934bd0,2.64,23.82
b45b4edf-166a-4b98-94aa-2cf6d64f3cd7,760fa665-1e4d-4e63-83ca-d8f821a65bbc,5c70169d-eaed-4e4c-a326-52c3e7c96dac,2.39,50.56
e3e05cbb-763e-47b1-8eb8-1ebf1d752deb,760fa665-1e4d-4e63-83ca-d8f821a65bbc,3548a058-595f-434d-8b3f-a98dc2df2f75,4.56,47.09
c867c743-c975-4779-b4ef-bd57624f82fd,9e64afc0-a264-41eb-9f2f-5db005e16aa1,b4c436be-f3b0-415f-bf41-4043d721bf73,2.96,23.38
275d37ba-278a-4829-ad33-58f844769675,9e64afc0-a264-41eb-9f2f-5db005e16aa1,86cea29e-ba3e-4d48-83e6-50fc57051a44,1.31,59.76
912e1bd8-6ccc-4bc3-8751-f09c942f2114,9e64afc0-a264-41eb-9f2f-5db005e16aa1,d58dced7-cfe0-4214-b87d-2cfb44f0ad65,1.79,42.81
55865eb9-41e5-4db2-928e-239b889c8a0c,9e64afc0-a264-41eb-9f2f-5db005e16aa1,60c49867-cdcd-43c3-8ef5-25d932125183,2.88,66.71
5b810c56-32c5-4d56-bcef-453369d00dfb,47a0e423-06e3-4cac-9ef2-aa37012a7dad,e8e1f6be-df4b-472a-b946-31dfbfb43dd2,3.68,41.2
664809d9-e754-4b0e-89d9-2a63704d041e,47a0e423-06e3-4cac-9ef2-aa37012a7dad,c2baad76-3877-4321-9e02-47d4f8e4cc46,4.38,46.61
8f8a60ea-7d13-4d5d-b41e-1faa8e0910ed,47a0e423-06e3-4cac-9ef2-aa37012a7dad,9fde5f92-80d6-4098-9f79-62288afa3012,2.41,44.76
5d8c0cd6-92ae-4077-bd2f-e2bd3304d5bc,47a0e423-06e3-4cac-9ef2-aa37012a7dad,3d9f95b7-246a-4a03-b972-3edf5dc69656,1.48,19.45
f86f5cf9-09c8-470a-b0b8-f1a6a484dd54,47a0e423-06e3-4cac-9ef2-aa37012a7dad,43d6910f-14b0-4fa4-8763-100d2a5ef4f5,2.06,20.94
7bc1c1a7-0ef3-4f63-a0b1-fed79b594930,89a72a8a-b648-4b88-91a6-99c229162c08,e6a04938-5e34-4328-ae59-6d3dc3f1c0f1,1.88,26.69
74bb24e3-fd0c-47b1-b7e3-bbfd42be3d50,89a72a8a-b648-4b88-91a6-99c229162c08,6fcc34f9-1490-4c70-ae89-f338a3157ec6,4.34,50.74
b0dc9905-1fd4-4150-9bc6-992280783d73,89a72a8a-b648-4b88-91a6-99c229162c08,34119d47-c8c2-4772-b53c-97c701be9620,2.63,53.06
deff08be-4bb1-4d4e-8172-42460e22c735,89a72a8a-b648-4b88-91a6-99c229162c08,1b3c4a8b-db3c-47a0-bf6c-b07e358e035a,1.44,57.89
5cda05eb-f30f-48cc-8f9c-cc1d1eca3a8a,5faca890-f6fc-49ed-91d7-1b7f44cd338e,b99e1dae-48e4-4376-947d-936df1d7d3fd,1.58,25.42
408f9342-2de3-417a-af9a-51e38cab1e8d,5faca890-f6fc-49ed-91d7-1b7f44cd338e,6fcc34f9-1490-4c70-ae89-f338a3157ec6,4.58,50.74
22a79d3f-c875-4752-87ec-7c976d841383,5faca890-f6fc-49ed-91d7-1b7f44cd338e,34119d47-c8c2-4772-b53c-97c701be9620,1.72,53.06
8f52ac79-3203-4b5e-9bdb-a3b10d0c31bb,5faca890-f6fc-49ed-91d7-1b7f44cd338e,bb7150c3-181b-435f-9c77-bee1e39665f5,3.69,24.13
28f9d5d0-2a06-41b3-8a73-10903567153b,98afe395-166f-4c47-b788-8ede5e125e0d,b99e1dae-48e4-4376-947d-936df1d7d3fd,1.68,25.42
286b9a8e-a6b3-43af-ba06-5c449f7fa9cf,98afe395-166f-4c47-b788-8ede5e125e0d,86cea29e-ba3e-4d48-83e6-50fc57051a44,1.93,59.76
77ad8082-77f6-4259-bfdd-758ada7ee949,98afe395-166f-4c47-b788-8ede5e125e0d,4049d501-b0c1-4269-9ebe-1b50c2150384,4.03,47.67
b7c4d9d6-a904-4c1e-93e2-68f87e4ed420,ef4dbc74-3726-401c-8e83-debbe0026db6,19d09fa0-c8b2-4b5c-b5a6-7efe29934bd0,1.24,23.82
92018418-4877-4265-8b74-910a546bf860,ef4dbc74-3726-401c-8e83-debbe0026db6,6fcc34f9-1490-4c70-ae89-f338a3157ec6,1.12,50.74
b7d3283e-61ee-49ac-9845-7f138bacd537,ef4dbc74-3726-401c-8e83-debbe0026db6,a0b08496-a82f-4cd0-be10-3ab342d8be86,3.71,43.76
ac6a3ce6-e2d2-485f-b2fc-670c8485b4d2,af51b2a5-ba2a-405c-9973-887d3ef76992,f2b7b5ef-c8f7-4c34-93ed-2e35f3c536c1,2.96,38.0
5d5e40cd-a245-4849-95ab-77c678a31ae1,af51b2a5-ba2a-405c-9973-887d3ef76992,3a552307-6f65-4c3a-a54d-d271c022e93b,4.81,38.15
87829ddd-29c0-4d04-b220-0508e89d6a2f,af51b2a5-ba2a-405c-9973-887d3ef76992,2afaf5f3-0c2f-43fa-9e3d-c2b394605f1a,2.53,74.62
181a746d-5706-42eb-9044-1fa3a2a23177,af51b2a5-ba2a-405c-9973-887d3ef76992,d2ee5f06-0a65-4618-96e6-c27bc21be525,1.14,100.52
f09989bb-3f5a-4230-b3a1-ec9624db46bc,af51b2a5-ba2a-405c-9973-887d3ef76992,019151cf-91d6-487b-a2fe-afcd1bc9cd70,2.77,19.53
4e00948a-35eb-4566-86c7-51a403601d67,ced5c039-98e0-4420-90a1-eb5bccd1a899,ee4ae226-aca3-4d7c-8291-771300058d27,3.03,39.81
086d280f-7843-4e01-a1b8-c4ea582782c1,ced5c039-98e0-4420-90a1-eb5bccd1a899,3a552307-6f65-4c3a-a54d-d271c022e93b,3.47,38.15
5b3e277d-5ad5-44bb-a461-0583ec235614,ced5c039-98e0-4420-90a1-eb5bccd1a899,30a35155-a204-4dc4-b803-c1c6e3f4b4f6,1.25,75.63
bb1720c3-201c-4db4-91b2-7d787e5c8047,ced5c039-98e0-4420-90a1-eb5bccd1a899,d2ee5f06-0a65-4618-96e6-c27bc21be525,2.4,100.52
27776010-07f3-4e95-b61e-41aab11ac9bc,ced5c039-98e0-4420-90a1-eb5bccd1a899,7b4b3a0e-209c-4217-9a40-96053b050f60,2.53,19.54
399f225b-28aa-43dd-99a1-137b7eaea26c,ced5c039-98e0-4420-90a1-eb5bccd1a899,139302a4-3980-4643-9f18-f7f19af45373,1.39,68.23
12486780-8d50-4109-aaf1-95116621b8b5,8c1f5b26-fbe7-4c67-9342-417dfa3180ff,ee4ae226-aca3-4d7c-8291-771300058d27,2.35,39.81
ec92f1a1-3706-4c99-bc37-c62ff660a43a,8c1f5b26-fbe7-4c67-9342-417dfa3180ff,3a552307-6f65-4c3a-a54d-d271c022e93b,3.63,38.15
dc76b845-af3d-42ff-8347-99ef43f84104,8c1f5b26-fbe7-4c67-9342-417dfa3180ff,2afaf5f3-0c2f-43fa-9e3d-c2b394605f1a,2.07,74.62
4d61ebd9-0ff0-48f0-8df1-9baee2247ebf,8c1f5b26-fbe7-4c67-9342-417dfa3180ff,d2ee5f06-0a65-4618-96e6-c27bc21be525,2.51,100.52
34f89c9c-5c76-4800-9e24-fe91fda29a39,8c1f5b26-fbe7-4c67-9342-417dfa3180ff,5a442680-9fef-499c-825c-bcbe3ceaedb7,1.2,20.08
c9510275-c1d1-4419-a1c4-c7b1542007bc,8c1f5b26-fbe7-4c67-9342-417dfa3180ff,d24fe122-9118-4ac7-a533-519394afeea2,3.7,71.5
6e00ca0c-0c67-48aa-b1c7-e54753c76fea,24364876-ea4d-4261-bdb6-2c548d9827e8,5ac74607-116b-439d-bc3c-14d60fbbf3c9,1.86,41.06
e155ca06-fa6f-4dfc-af5a-df996feccb90,24364876-ea4d-4261-bdb6-2c548d9827e8,3a552307-6f65-4c3a-a54d-d271c022e93b,4.22,38.15
daeba066-f4ea-410d-b85d-86d119dba7a6,24364876-ea4d-4261-bdb6-2c548d9827e8,0edf81e8-0f9f-40e2-bfe7-e4b020cccfd2,1.38,86.28
ee798b5f-02e3-4b4d-ab2a-435f9be2f7ea,24364876-ea4d-4261-bdb6-2c548d9827e8,d2ee5f06-0a65-4618-96e6-c27bc21be525,2.71,100.52
df232fb9-59f1-420d-b5fb-5d4dba10e356,24364876-ea4d-4261-bdb6-2c548d9827e8,10f05ff2-ae9e-42f6-9878-a22a6ac8d86c,2.3,16.94
f178c17e-1749-4911-a8bd-ba53ad4930f2,22aae1cc-5017-4497-8bd4-5313f9ad6c84,d848e305-da92-42ae-a09b-220a4628adde,3.51,34.82
c2d2151c-1c83-4b2b-9b09-a90c75147bbd,22aae1cc-5017-4497-8bd4-5313f9ad6c84,14be1626-52a6-4663-a86f-3e63efc5b7f1,1.85,38.65
b73a10b6-7667-454e-83ba-549a74565ca0,22aae1cc-5017-4497-8bd4-5313f9ad6c84,9e466ab4-0753-45f0-b24d-06ca63637b2d,2.07,34.7
bd328cf4-93e9-4b92-b271-247d9dc8a0d6,22aae1cc-5017-4497-8bd4-5313f9ad6c84,5f7fe85b-a41f-445e-83dd-d16cd8b90fc2,4.74,55.37
236bfcc2-2134-45b0-ad6f-daa1b5d8751b,22aae1cc-5017-4497-8bd4-5313f9ad6c84,0ef48ef3-7d47-4f95-93c0-3b5cc71273c0,3.09,73.22
87077c5b-f0ef-4c32-8f09-6544ede4bcc4,c8eb024e-15d7-41b4-abdc-010b77cd1b6c,513bda1b-657c-4490-9a52-b4bf2f376704,3.58,36.46
6af29689-b137-4010-83be-3b333186676c,c8eb024e-15d7-41b4-abdc-010b77cd1b6c,14be1626-52a6-4663-a86f-3e63efc5b7f1,1.95,38.65
ae46d292-c95a-45bb-ad88-a969256db0c9,c8eb024e-15d7-41b4-abdc-010b77cd1b6c,5638747c-cb25-4b64-9d98-851c2db06d60,2.86,43.15
3304b62c-69c0-4cc2-b067-5a16fb6611af,c8eb024e-15d7-41b4-abdc-010b77cd1b6c,5f7fe85b-a41f-445e-83dd-d16cd8b90fc2,2.69,55.37
d448d9fd-b90a-4009-a9cf-ac2e87115bd9,c8eb024e-15d7-41b4-abdc-010b77cd1b6c,40e1e05d-814d-4a4a-a54a-15d27461ead9,1.64,80.62
3499a062-4766-42ec-a525-785783254416,a9becdf1-e37e-4129-8fcb-58ed3ecf9efc,75b6ac0e-4dbc-44ea-9955-7a0b349e0bb4,2.26,36.31
c427e3fb-2b09-4348-b785-acc0fb132183,a9becdf1-e37e-4129-8fcb-58ed3ecf9efc,14be1626-52a6-4663-a86f-3e63efc5b7f1,4.59,38.65
7d208cb2-836f-4c6a-a2e2-634545797e25,a9becdf1-e37e-4129-8fcb-58ed3ecf9efc,04f54342-120a-43fa-9062-b8d0771ca8a7,4.77,41.13
7674eb94-058b-4a11-9e56-080fd47dcf25,a9becdf1-e37e-4129-8fcb-58ed3ecf9efc,a9adc9d0-b23e-4e5d-be77-825b68788f9f,1.94,54.16
510e9df9-6b5a-48ce-9378-7b78be22ae2c,a9becdf1-e37e-4129-8fcb-58ed3ecf9efc,6d8943b9-0740-4df5-a7a1-5e1755570fc2,4.73,81.28
35bcc060-2920-4c12-91e1-beee2553c97b,50405f75-1516-4b92-835c-f3ddfc627b44,e7185a39-0261-4ed3-8614-036ab8432fa2,4.74,27.72
f17591c6-ba07-4ff4-a1da-0af6e2fcff1e,50405f75-1516-4b92-835c-f3ddfc627b44,590e80bb-af16-404a-9e65-c9a5fb7cd1dd,4.88,35.71
a03edfbd-9dfc-4d8c-ab46-72aeab0a212f,50405f75-1516-4b92-835c-f3ddfc627b44,5638747c-cb25-4b64-9d98-851c2db06d60,2.96,43.15
54940241-d528-4086-87b8-def04a07644a,50405f75-1516-4b92-835c-f3ddfc627b44,86cea29e-ba3e-4d48-83e6-50fc57051a44,2.27,59.76
7842b46d-57a0-4dc6-8126-ca487a4a1afb,50405f75-1516-4b92-835c-f3ddfc627b44,ee4da463-7838-44cc-ba60-059bd0de9197,1.99,70.15
884dad4a-25d5-42d3-9a96-630bcc57e71f,50405f75-1516-4b92-835c-f3ddfc627b44,29ccbc90-02c5-4cdd-94aa-a6771263620e,1.73,19.58
1b5a28db-5176-4c90-870a-478674dc61a7,196e0987-19f8-4036-9f8d-66a4a07f555b,513bda1b-657c-4490-9a52-b4bf2f376704,3.56,36.46
9543e839-6f76-43f0-b957-6db6bc19b3f4,196e0987-19f8-4036-9f8d-66a4a07f555b,a606e6d1-bc53-4773-8d0e-ebb7825f84de,3.14,37.2
e91fc8f0-6e68-4a23-92f5-86f33880273e,196e0987-19f8-4036-9f8d-66a4a07f555b,5638747c-cb25-4b64-9d98-851c2db06d60,4.64,43.15
43b982ac-5eca-4cd9-8c47-93c3db39b9a6,196e0987-19f8-4036-9f8d-66a4a07f555b,58ea5898-e09c-4e6b-81bf-211261419595,2.2,58.74
9ee966c0-175c-49b0-b4b0-efa9baa1ff59,196e0987-19f8-4036-9f8d-66a4a07f555b,c9093b22-8d92-453a-a21a-e917e2a5f225,2.19,70.82
85d65008-9587-4e89-82b9-e6c90ca737be,add4456b-73f7-4371-af4f-1e47f938ed78,34119d47-c8c2-4772-b53c-97c701be9620,3.87,53.06
a8d5d723-fc8a-4402-b1b0-ea90ef180729,add4456b-73f7-4371-af4f-1e47f938ed78,91c9927e-dbc0-4857-b3b3-487f7a5adc1d,3.79,35.04
8db3878d-1f10-49d2-9b04-5dccb2b8e448,add4456b-73f7-4371-af4f-1e47f938ed78,9752f5b8-1a9f-485f-954c-d7c75c88038f,2.81,138.46
e96fcf24-9e4d-41ab-8075-e7621bc60927,add4456b-73f7-4371-af4f-1e47f938ed78,9ef1d91d-cf40-49eb-9260-13cea31fad19,2.26,17.07
ea552b50-f35f-4331-94a4-8b6a86b3b59e,081eb6c8-3a72-409c-a584-fb48c95c35cd,d58dced7-cfe0-4214-b87d-2cfb44f0ad65,4.39,42.81
dcc1ed6d-8e89-4d81-ba37-11ff3d6e8436,081eb6c8-3a72-409c-a584-fb48c95c35cd,2fc6e23e-4b20-4c24-9330-6bf4084694bd,2.81,37.55
36c9caff-abd6-4e47-8748-ad4489429c4e,081eb6c8-3a72-409c-a584-fb48c95c35cd,e619e35d-2c6a-45f8-9a96-6516579ff2ef,3.75,131.34
ce0fa63c-038a-42dc-9737-2e64e732ceee,081eb6c8-3a72-409c-a584-fb48c95c35cd,43d6910f-14b0-4fa4-8763-100d2a5ef4f5,1.17,20.94
0c2dd556-e074-4140-9db0-3bfc7d94ab7c,c847fdae-6b70-4ff2-897c-43362b8ae2e3,02c672a6-e5ef-4c2f-be80-d74b4bdda901,2.05,52.64
0b2ef8c1-fc86-4f8f-9c77-7a61e303e0fc,c847fdae-6b70-4ff2-897c-43362b8ae2e3,265e1ca7-c45b-473b-b818-6c1e60c08a99,3.4,42.37
40aff8be-14ed-49d4-b246-d33c966fcabf,c847fdae-6b70-4ff2-897c-43362b8ae2e3,d9e5f240-1361-45c1-8b4b-b95f01f4c109,4.79,149.05
c57bad1e-cffc-4172-85f7-de7f01c44d35,c847fdae-6b70-4ff2-897c-43362b8ae2e3,ad9a3a2b-8061-4101-9c57-bd2afbbf392c,4.09,50.68
ec9f578e-2be2-49eb-a471-ff1c82cee976,e19a22b2-a8eb-4412-b25b-5f24df2aa20f,9f51b935-07d8-4b4c-8d00-113810aa5770,4.43,46.49
96726554-4474-4bda-b059-364569b7119f,e19a22b2-a8eb-4412-b25b-5f24df2aa20f,e906f01e-ecde-40a5-a44c-9132a164f942,3.91,43.89
bf2d36d3-b59d-4802-82da-46cb0d09ee29,e19a22b2-a8eb-4412-b25b-5f24df2aa20f,e619e35d-2c6a-45f8-9a96-6516579ff2ef,1.12,131.34
1b388be9-3580-4eaf-8409-cdf3d640a3b8,3154f1f8-46d3-48f5-b10a-32edcfab88c4,9f51b935-07d8-4b4c-8d00-113810aa5770,4.9,46.49
5ddc8632-e0e1-4cef-a5f2-836a9b54bfaf,3154f1f8-46d3-48f5-b10a-32edcfab88c4,265e1ca7-c45b-473b-b818-6c1e60c08a99,3.83,42.37
14dd8db7-9d2b-4f4c-afad-501adf929d23,3154f1f8-46d3-48f5-b10a-32edcfab88c4,e619e35d-2c6a-45f8-9a96-6516579ff2ef,3.23,131.34
4813eb71-e09f-42da-bb04-978a777338e5,98c766ee-a589-494a-acae-838cb1558684,9f51b935-07d8-4b4c-8d00-113810aa5770,2.21,46.49
0fef855e-5afb-45eb-a732-aa340669cf79,98c766ee-a589-494a-acae-838cb1558684,265e1ca7-c45b-473b-b818-6c1e60c08a99,3.32,42.37
66a3ef9d-ad1c-4f45-8463-83b7a2be25d2,98c766ee-a589-494a-acae-838cb1558684,9752f5b8-1a9f-485f-954c-d7c75c88038f,4.51,138.46
ed326369-0cd2-4501-9ed2-29d495ce9856,3b67b0b4-80d4-4bac-85c8-598b4cb470e6,acea3378-4bf7-4d40-8a6e-bab5fadc2196,4.61,34.09
f1cf13a1-d5e7-454f-aa27-7d20d42e52d0,3b67b0b4-80d4-4bac-85c8-598b4cb470e6,a25999f5-62a0-4f6a-9365-8884d42cb059,2.03,28.05
2b2e884b-1619-4da9-8817-dbe9947f6dbe,3b67b0b4-80d4-4bac-85c8-598b4cb470e6,58ea5898-e09c-4e6b-81bf-211261419595,4.05,58.74
65a26369-fc00-4098-99a3-826ae9ff36f7,3b67b0b4-80d4-4bac-85c8-598b4cb470e6,ba41f220-5257-44f8-b81b-33288ae7ef35,1.21,65.45
439c5e4a-1143-4f95-9a3f-0300848e13d8,440fbcc8-f013-4ccd-8354-9704ec6876a7,6ceef2d2-1469-48a0-9d65-3453b2d6099a,4.96,41.76
d19909ee-0e94-49fe-bc55-d717262fcc4a,440fbcc8-f013-4ccd-8354-9704ec6876a7,f2c3bde4-f1f1-484c-ab9a-cc85dfc19c06,2.69,22.26
ee31c8e1-2155-4dda-8830-229353384878,440fbcc8-f013-4ccd-8354-9704ec6876a7,cb60bbbe-2069-47d8-b5e7-b3ea327f47f8,1.81,57.6
64339a05-bee8-4004-a76f-35402f560b6c,6e7883ac-5c42-4c23-bad0-18c8a150caaf,474c4715-f104-4b6d-98d6-3853bd790063,2.67,91.32
61f0412f-ba62-452c-8c22-6f398f364535,6e7883ac-5c42-4c23-bad0-18c8a150caaf,c550a097-fe9a-4708-a8de-917d87890596,4.55,111.72
920ad2ea-42a2-48b5-97f6-8a3b9211049a,6e7883ac-5c42-4c23-bad0-18c8a150caaf,26aee757-06a2-4ead-ab16-d1e71fd68f1b,2.58,41.85
6c171e77-73e3-4f32-9d66-f88d51a66609,6e7883ac-5c42-4c23-bad0-18c8a150caaf,6f413aea-b761-4f53-83cc-8909734ca65f,1.31,18.94
684b43a4-017b-424c-a929-12bec81f64de,3ab256d5-57fa-498e-b98c-c88f24837d51,f7bc89a4-3acf-4f49-af2d-c878fc6e6f45,1.52,35.19
f42b0005-0acd-4566-9d54-a45a12b02ecc,3ab256d5-57fa-498e-b98c-c88f24837d51,3a50c212-b6a5-4a68-8319-9c27735e8d16,1.65,26.39
03a01fef-a1ee-402d-82ee-add937994b07,3ab256d5-57fa-498e-b98c-c88f24837d51,58ea5898-e09c-4e6b-81bf-211261419595,1.37,58.74
aefa3620-1cc0-4118-aa6e-bb2dc3df60ca,3ab256d5-57fa-498e-b98c-c88f24837d51,c9813573-f89f-44c9-b0e1-a585d1da29ae,1.18,20.51
01018856-8498-442b-9a56-97d6a4f8d1b1,ea044190-ccb6-420d-861a-0b3f5344650c,6ceef2d2-1469-48a0-9d65-3453b2d6099a,3.94,41.76
dee6a856-6401-4ed1-a01f-36036449c7da,ea044190-ccb6-420d-861a-0b3f5344650c,eeefd9b6-1b40-41ed-ba70-4f51c247226a,1.72,22.23
b6e7c7be-d265-485c-9757-2d4007c7b7a8,ea044190-ccb6-420d-861a-0b3f5344650c,cb60bbbe-2069-47d8-b5e7-b3ea327f47f8,2.96,57.6
84a6d919-356e-4087-93d0-b3424ae26589,d5270570-f983-46b7-8bb5-accd2a092230,0edf81e8-0f9f-40e2-bfe7-e4b020cccfd2,1.16,86.28
8d6e6ca2-dc65-4ee7-9eaf-a4ca8c07f6b2,d5270570-f983-46b7-8bb5-accd2a092230,8c7704b4-3de8-4fbb-92a9-2c64d6d4ecee,3.59,115.4
936e54e5-c8c5-413f-920d-3881d48d4f7a,d5270570-f983-46b7-8bb5-accd2a092230,dcc92c40-ca3b-40c8-9cbf-72290ee7e3a0,3.52,39.11
4bd2aaea-1334-4377-8267-dd4b94ede608,d5270570-f983-46b7-8bb5-accd2a092230,019151cf-91d6-487b-a2fe-afcd1bc9cd70,1.94,19.53
32b43bdf-bb7a-43f7-98d3-b535149f9e1a,c3b30160-e075-43c2-9405-de46db4940e4,0edf81e8-0f9f-40e2-bfe7-e4b020cccfd2,4.67,86.28
666cb1be-b9ae-4b61-9515-57318d47a118,c3b30160-e075-43c2-9405-de46db4940e4,8c7704b4-3de8-4fbb-92a9-2c64d6d4ecee,1.38,115.4
d83e0683-6aac-43a2-97f5-ea2273eedd2b,c3b30160-e075-43c2-9405-de46db4940e4,1fb51520-9238-438a-b8e4-17a7803354a7,2.42,51.23
e8c2c78a-a678-4275-8a94-eb721d895f52,c3b30160-e075-43c2-9405-de46db4940e4,6d906107-a0e5-47f2-8799-d65930e76c89,1.03,20.58
37f3642b-ab63-4110-913f-a78622ed8d4d,c3b30160-e075-43c2-9405-de46db4940e4,ea0ea7fd-6fb0-4eed-b443-80eecde96f61,4.37,66.37
3e7252fc-97ea-4eec-9074-e2ef803a9a80,8f203b0a-3e92-46ba-802f-661d7f705970,474c4715-f104-4b6d-98d6-3853bd790063,1.84,91.32
21b30bbf-6031-459b-a961-52e7415df854,8f203b0a-3e92-46ba-802f-661d7f705970,61196fcb-7d00-4c63-8871-a2da792babf2,4.49,125.07
7cdbef60-48e6-49eb-bf52-93633e68f2ab,8f203b0a-3e92-46ba-802f-661d7f705970,36ac1cb7-c55e-46e9-bdbf-67db44692a6b,2.58,47.76
3d99ff04-f08f-4ce4-80ca-99eea66264dc,8f203b0a-3e92-46ba-802f-661d7f705970,6cdd3db3-dda7-490b-a0bf-c17e5da99590,1.92,19.05
ec013411-7ea4-4ca6-8083-394973d251fe,d4472519-67a3-41da-8dd3-a18c0e8b7e58,0edf81e8-0f9f-40e2-bfe7-e4b020cccfd2,1.76,86.28
5e4da4db-fed0-48b0-8206-299713584d58,d4472519-67a3-41da-8dd3-a18c0e8b7e58,ccc17542-0192-4e15-82a8-2224b628efab,4.44,100.9
33c2bcdd-2404-425a-8405-1d1fe766f9eb,d4472519-67a3-41da-8dd3-a18c0e8b7e58,36ac1cb7-c55e-46e9-bdbf-67db44692a6b,2.74,47.76
201bdf2a-b11d-44ea-89b3-1d4f5b94053d,d4472519-67a3-41da-8dd3-a18c0e8b7e58,ca262023-1ba4-4c5c-b26f-043d23841ff1,1.38,20.34
d5164118-f144-479b-924a-e0a2c5d77ada,1babe19d-7b62-4dec-a83a-e71976edffa8,0edf81e8-0f9f-40e2-bfe7-e4b020cccfd2,3.34,86.28
7154a991-cf31-4d12-b1c0-bae7b48ffd1f,1babe19d-7b62-4dec-a83a-e71976edffa8,8c7704b4-3de8-4fbb-92a9-2c64d6d4ecee,1.2,115.4
25c22c15-161f-48fd-be84-c31a9bfc80d0,1babe19d-7b62-4dec-a83a-e71976edffa8,1fb51520-9238-438a-b8e4-17a7803354a7,4.92,51.23
0ae91eb6-29f5-426c-b05e-bb92433b295b,1babe19d-7b62-4dec-a83a-e71976edffa8,5a442680-9fef-499c-825c-bcbe3ceaedb7,2.19,20.08
994206fe-ae52-4344-888e-e4a2df89b61f,1babe19d-7b62-4dec-a83a-e71976edffa8,ea0ea7fd-6fb0-4eed-b443-80eecde96f61,2.6,66.37
4f5419df-1fb2-4b22-a768-9329083c59b1,58399cbc-8a10-49f6-a488-f5f3bc6c55f5,0c46d491-ceb2-4f60-94c0-c9ee7e6802a3,4.56,97.54
72e4f7e8-1d4d-44e2-b593-f0fd55046e2e,58399cbc-8a10-49f6-a488-f5f3bc6c55f5,8c7704b4-3de8-4fbb-92a9-2c64d6d4ecee,2.79,115.4
7a1fad23-5ea8-42c4-8423-bf4b912deb48,58399cbc-8a10-49f6-a488-f5f3bc6c55f5,36ac1cb7-c55e-46e9-bdbf-67db44692a6b,2.88,47.76
a49917b5-10d5-4a4d-9787-c89492bf2c56,58399cbc-8a10-49f6-a488-f5f3bc6c55f5,6d906107-a0e5-47f2-8799-d65930e76c89,1.44,20.58
939c28bd-2015-4187-bf59-10b6ff9adc1d,6dcf811e-74fc-44dc-af84-a4ecc0f8a05d,474c4715-f104-4b6d-98d6-3853bd790063,3.49,91.32
6c708c48-8c89-45c2-84d7-03cc2e564cc3,6dcf811e-74fc-44dc-af84-a4ecc0f8a05d,25f04353-3717-43fc-8cda-10082eb64989,1.52,93.79
84f7dc55-0c45-4fc0-a288-0a199ec879f7,6dcf811e-74fc-44dc-af84-a4ecc0f8a05d,1c84fa0c-e043-4a3d-8fe9-cd3d34c99d78,2.97,47.15
8a16686b-349d-441e-a652-b7e60d426943,6dcf811e-74fc-44dc-af84-a4ecc0f8a05d,6cdd3db3-dda7-490b-a0bf-c17e5da99590,1.61,19.05
f5fddb6e-9d66-490d-a520-12528144bb8c,e33f43a2-fd6c-495f-9fc2-095346f93264,bf9e355c-e1c9-428e-906d-8e9a455ce885,1.48,37.18
770c2fe9-fe77-44d4-966e-ab24d093437d,e33f43a2-fd6c-495f-9fc2-095346f93264,fc99c491-28ac-40fc-bd3b-edf6d3a3588b,4.14,44.42
f37b3a66-9def-40ef-af6b-5d9befac3372,e33f43a2-fd6c-495f-9fc2-095346f93264,fbcb63ab-7591-4598-83a2-72cc2ef2c603,2.07,36.27
e4a07a86-f8c7-4946-ae31-62dcca5bb606,e33f43a2-fd6c-495f-9fc2-095346f93264,ba87582f-c244-431b-a4bd-e5bbdf0cf954,3.42,51.54
4d3598f7-5103-4732-bddc-03a1b966701c,2bb684c4-da45-4b43-9e01-bb508333c353,474c4715-f104-4b6d-98d6-3853bd790063,1.67,91.32
3b68364c-36c0-4523-ae55-15f34b270b6a,2bb684c4-da45-4b43-9e01-bb508333c353,037383ef-6b0c-4d21-91c9-e5c324305667,1.63,106.85
86559d05-405d-4514-9f9d-fb4a3012b01c,2bb684c4-da45-4b43-9e01-bb508333c353,1fb51520-9238-438a-b8e4-17a7803354a7,4.05,51.23
831bbf6c-a182-45e8-a588-5f2453c37809,2bb684c4-da45-4b43-9e01-bb508333c353,300c236a-5cf1-4646-b74a-bd449ed18374,2.29,17.69
0dcd0613-049f-43ee-b62b-7f34196ce148,a79b894b-ed71-467f-9fab-3e86ac46c950,474c4715-f104-4b6d-98d6-3853bd790063,1.34,91.32
ce6ae1c1-8162-40df-bb12-86a8a70fd329,a79b894b-ed71-467f-9fab-3e86ac46c950,d2ee5f06-0a65-4618-96e6-c27bc21be525,3.52,100.52
ca8419f9-fc75-43d9-b509-abe8b313052d,a79b894b-ed71-467f-9fab-3e86ac46c950,dcc92c40-ca3b-40c8-9cbf-72290ee7e3a0,2.69,39.11
162eaab0-56eb-4dc0-9005-0ea124b43006,a79b894b-ed71-467f-9fab-3e86ac46c950,c6914581-923c-445a-9f9c-eaf0ec5a2c33,2.84,17.46
d9b8767a-5dfc-4304-8aee-48610c89a6b9,a610bd56-41f4-45a1-b2b1-39f68b85a811,acea3378-4bf7-4d40-8a6e-bab5fadc2196,4.93,34.09
f543abc8-76be-40da-8ff6-14b3a9d86120,a610bd56-41f4-45a1-b2b1-39f68b85a811,c2baad76-3877-4321-9e02-47d4f8e4cc46,3.64,46.61
438fabc4-d125-481e-b755-df1a61610f9a,a610bd56-41f4-45a1-b2b1-39f68b85a811,d848e305-da92-42ae-a09b-220a4628adde,4.91,34.82
3063236a-5da2-4180-9717-456e5302f7a8,ec601616-3297-4522-bc6f-67df4c25ce07,acea3378-4bf7-4d40-8a6e-bab5fadc2196,4.6,34.09
76d748ab-aee8-4428-a7b4-f28c9ec9895a,ec601616-3297-4522-bc6f-67df4c25ce07,c2baad76-3877-4321-9e02-47d4f8e4cc46,2.78,46.61
372310cd-d18b-4d4a-95b9-7edf9b7bd8c2,ec601616-3297-4522-bc6f-67df4c25ce07,ce228021-e222-4cb4-afed-b4079dd03dde,3.79,34.21
40712eaa-76a9-49ed-abb6-6843384b65dc,03d426db-b5c4-4d2c-bc45-07e22a293fca,acea3378-4bf7-4d40-8a6e-bab5fadc2196,3.09,34.09
fde36e6e-d037-41b6-8422-15411286ea48,03d426db-b5c4-4d2c-bc45-07e22a293fca,c2baad76-3877-4321-9e02-47d4f8e4cc46,4.56,46.61
7ed64720-92da-4ede-a7a7-6f652e533df1,03d426db-b5c4-4d2c-bc45-07e22a293fca,dcc92c40-ca3b-40c8-9cbf-72290ee7e3a0,3.91,39.11
0e308faa-813d-4fd7-9c07-2450f9de84d7,03d426db-b5c4-4d2c-bc45-07e22a293fca,9e62c28d-8fc0-432a-b85d-e57755b7a392,2.46,15.82
d67c2070-4e8b-4a63-ad22-2e91e7c3690d,03d426db-b5c4-4d2c-bc45-07e22a293fca,3a4326ef-cf5f-4283-abaa-a5ee739e5cd3,1.5,66.67
9d1cc416-e7a7-493d-9807-f988669d41cb,bd2c53b0-cd7c-4f87-a885-b8bf69d098b4,acea3378-4bf7-4d40-8a6e-bab5fadc2196,3.86,34.09
aec3f9a5-3a2b-4095-8519-676aa90c06ac,bd2c53b0-cd7c-4f87-a885-b8bf69d098b4,c2baad76-3877-4321-9e02-47d4f8e4cc46,3.07,46.61
58c73b56-2b9a-4aae-8982-836fbf8b39f5,bd2c53b0-cd7c-4f87-a885-b8bf69d098b4,334f6d5d-6c87-46e3-b054-4261bb3ac1e2,1.39,29.75
9dc55d59-b0cb-48d0-9fa8-6e7ad0e2cd66,efa74033-d604-48cc-8683-994aa9657d99,fd8c9d08-eb21-41d5-9636-2248c81282bf,3.35,89.15
c31bc95e-8a9b-4fd2-bc46-861144593021,efa74033-d604-48cc-8683-994aa9657d99,40dc9d92-f58c-4d7d-9147-c68c24af66b3,3.34,108.38
5750613b-c8bc-4a4b-ae75-b83127465a9c,efa74033-d604-48cc-8683-994aa9657d99,1fb51520-9238-438a-b8e4-17a7803354a7,3.76,51.23
f743e876-a9ca-425b-9cdd-8ee8ab549939,efa74033-d604-48cc-8683-994aa9657d99,c6914581-923c-445a-9f9c-eaf0ec5a2c33,2.65,17.46
51168b31-c527-43f7-8135-2f2f33f2fef4,89676bc2-c639-4c15-8953-d6dcf00a768d,0c46d491-ceb2-4f60-94c0-c9ee7e6802a3,3.99,97.54
2754d60c-b79c-4c36-b282-bece94fda68c,89676bc2-c639-4c15-8953-d6dcf00a768d,40dc9d92-f58c-4d7d-9147-c68c24af66b3,3.41,108.38
5388c535-9075-4d06-b2bb-031887deab1b,89676bc2-c639-4c15-8953-d6dcf00a768d,26aee757-06a2-4ead-ab16-d1e71fd68f1b,2.48,41.85
471290bb-2b61-42fb-9f4b-2bc4d93d3795,89676bc2-c639-4c15-8953-d6dcf00a768d,300c236a-5cf1-4646-b74a-bd449ed18374,1.74,17.69
adbcb4ff-5293-4341-9f46-8c72231d9f28,6562c62a-5cf9-4884-83ad-c459fe607d36,01cc7f23-cad4-4c40-a54b-fae6740f8e23,1.73,85.06
f23e90d5-4c4c-416d-a403-783355f1244b,6562c62a-5cf9-4884-83ad-c459fe607d36,40dc9d92-f58c-4d7d-9147-c68c24af66b3,1.27,108.38
5a1b2fb9-bd7c-44c4-a85c-d56dd36e3330,6562c62a-5cf9-4884-83ad-c459fe607d36,af0f56de-c9ad-4e77-9616-63f500df272d,3.29,42.09
e93c614c-4366-4960-9117-33ac2cb07e99,6562c62a-5cf9-4884-83ad-c459fe607d36,32fc637e-f9fe-4fc6-9e2a-675ee8c4feee,1.95,18.76
48f41641-42cf-452b-80f1-7d3549f25d7a,6562c62a-5cf9-4884-83ad-c459fe607d36,e83f625e-4033-46b8-b595-e7f5d55bab20,3.02,54.09
e5b81d29-6882-4f3b-ba1a-647d81a4f7f7,062225d5-54a4-47a0-b2cd-da15418f6013,3917a229-00ce-4f07-ab63-a7dfc2cd82df,1.68,27.35
64a51637-4cc9-4626-b74e-02e25771715e,062225d5-54a4-47a0-b2cd-da15418f6013,8925d13b-14fa-4779-863a-25811e076e6a,3.94,48.81
d74601b6-04f9-4b62-bdc5-f0845efe8764,062225d5-54a4-47a0-b2cd-da15418f6013,631a1e24-52d6-4900-a14f-f38ab19822d4,1.1,54.85
649f9eb1-8ceb-497e-97af-3cb59832bace,35cdf1e5-0e9c-4c76-8eb0-0acec0ec54fb,3917a229-00ce-4f07-ab63-a7dfc2cd82df,2.01,27.35
3e9ecbe5-fb37-4a2b-88e7-dcb1059f1318,35cdf1e5-0e9c-4c76-8eb0-0acec0ec54fb,15e9cdb5-ab3a-4a67-b1e4-e8a4e2469815,1.72,61.06
e16ca316-b4b9-42ca-a835-dbb4dbd9ede8,35cdf1e5-0e9c-4c76-8eb0-0acec0ec54fb,02c672a6-e5ef-4c2f-be80-d74b4bdda901,4.32,52.64
866987f1-ecc9-41cd-88af-32bad49ac352,35cdf1e5-0e9c-4c76-8eb0-0acec0ec54fb,e83f625e-4033-46b8-b595-e7f5d55bab20,4.23,54.09
be5e5af4-0c04-43cf-8b5a-5c07e5e32302,a3d85e31-4978-4646-9ee7-6eb7f3615229,30a35155-a204-4dc4-b803-c1c6e3f4b4f6,2.53,75.63
914bc499-d934-40a9-9a26-886e41a8bbe8,a3d85e31-4978-4646-9ee7-6eb7f3615229,5dedc130-d37a-4fce-8a23-c2c6186c790f,1.67,104.59
f297ddf5-48ed-451a-8651-8c07872df30a,a3d85e31-4978-4646-9ee7-6eb7f3615229,cb56deaa-8d41-4adc-8a3f-3bdf869aed1e,4.07,47.21
257c486e-68f2-432d-a131-11cd70ee6c25,a3d85e31-4978-4646-9ee7-6eb7f3615229,749c4ddf-974f-4931-a100-4225142185fc,1.12,18.26
09a7b559-f8fc-4f35-abf1-ce90574b3c13,a3d85e31-4978-4646-9ee7-6eb7f3615229,4db9e4de-ce3d-41d7-bdf4-3931e7243df5,1.11,76.83
38c7eb36-30b9-4a89-ba72-7c9fbc8e2fd6,6e6f723c-2b92-4c00-a819-18910c5542e5,f7bc89a4-3acf-4f49-af2d-c878fc6e6f45,1.95,35.19
1cd192fe-d8ad-49ce-ac95-7e7f3e466382,6e6f723c-2b92-4c00-a819-18910c5542e5,6d17c338-b0f2-4dbf-b830-b69f9ee86bc7,1.77,25.74
837b22d0-4959-431f-8592-58d3632df2d7,6e6f723c-2b92-4c00-a819-18910c5542e5,15e9cdb5-ab3a-4a67-b1e4-e8a4e2469815,3.21,61.06
5a4e00d7-463f-4f96-a59a-e1ea6505d4dd,6e6f723c-2b92-4c00-a819-18910c5542e5,97d5ca4f-3b66-4ca0-8ad0-5e170c9e8af1,2.83,18.59
24d04c4f-4ea9-4333-b0e9-d075603df567,76677d99-cd64-4f19-b4d6-f91763432ed1,1bb87e6c-1ef0-4ba0-9166-0a2eb7a7df7e,4.39,35.66
d111f733-b9d0-4b15-831d-fa267fbd33e9,76677d99-cd64-4f19-b4d6-f91763432ed1,c2baad76-3877-4321-9e02-47d4f8e4cc46,2.49,46.61
394aae11-ebce-44c1-8a99-02f95388cef2,76677d99-cd64-4f19-b4d6-f91763432ed1,c1825c45-0d7b-4a7a-8dcb-9551977f9a86,4.81,78.59
e5cf4330-cbca-4f4b-8963-d192eb598c1f,76677d99-cd64-4f19-b4d6-f91763432ed1,c550a097-fe9a-4708-a8de-917d87890596,1.0,111.72
7f911f8d-b524-4906-90ce-c75d108d6e6e,76677d99-cd64-4f19-b4d6-f91763432ed1,019151cf-91d6-487b-a2fe-afcd1bc9cd70,2.31,19.53
db5f71fa-23d8-4780-a34b-fb0647ef1f1b,8cab8283-6c82-43ef-aee2-e433f84e4cad,acea3378-4bf7-4d40-8a6e-bab5fadc2196,1.18,34.09
f3dd5a84-ca6a-4c01-aa29-b4375c467224,8cab8283-6c82-43ef-aee2-e433f84e4cad,aafb59e7-4643-44a7-be97-2be664e18e79,1.36,40.54
9b99070f-6d32-46d7-b2ff-3d30c763fc9d,8cab8283-6c82-43ef-aee2-e433f84e4cad,c1825c45-0d7b-4a7a-8dcb-9551977f9a86,5.0,78.59
b426b6d0-7bdc-464c-b5a3-119094262d47,8cab8283-6c82-43ef-aee2-e433f84e4cad,c550a097-fe9a-4708-a8de-917d87890596,4.54,111.72
9c5307a2-6c06-4eaf-a950-5e0580067a5b,8cab8283-6c82-43ef-aee2-e433f84e4cad,32fc637e-f9fe-4fc6-9e2a-675ee8c4feee,1.55,18.76
6177e6e0-2939-415d-af65-92061eed1dc0,36fd085a-4932-4960-a6a9-322d07e298c8,1bb87e6c-1ef0-4ba0-9166-0a2eb7a7df7e,3.69,35.66
535ca048-da40-4c2b-8daf-5afd6e0490fc,36fd085a-4932-4960-a6a9-322d07e298c8,deb77a6a-d2ec-4d3c-8fc3-f9c307c2c6ff,2.52,24.94
f8bd07c7-c500-4ab4-8e75-0d912b67d866,36fd085a-4932-4960-a6a9-322d07e298c8,0f8e2979-fd0e-4891-afd3-3b4a418d17c1,3.15,49.01
42a8c413-1241-4165-9340-2b74bec54a46,36fd085a-4932-4960-a6a9-322d07e298c8,83ca398d-72d2-4e50-b32e-53acfaf9f224,3.69,77.3
1ae22cc2-3c74-4610-8a46-8b2dd4c7696b,d936fd8c-a047-4870-8383-a81ad934229e,1bb87e6c-1ef0-4ba0-9166-0a2eb7a7df7e,2.78,35.66
a3947f44-0f0c-4230-8c45-724d2fd11f2f,d936fd8c-a047-4870-8383-a81ad934229e,aafb59e7-4643-44a7-be97-2be664e18e79,3.72,40.54
745aa47a-93c3-4271-9000-b8d6aa754d15,d936fd8c-a047-4870-8383-a81ad934229e,c1825c45-0d7b-4a7a-8dcb-9551977f9a86,3.5,78.59
e3ac5acf-5cf4-4a13-8bea-57348342d4c1,d936fd8c-a047-4870-8383-a81ad934229e,c550a097-fe9a-4708-a8de-917d87890596,4.87,111.72
66b1bc2d-3697-4a7f-8a46-53e98d0c932f,d936fd8c-a047-4870-8383-a81ad934229e,9343e411-1342-4af6-b84c-49ab26ee23f0,1.01,17.66
f33f8470-3889-4e5b-88d8-dd75178dcc48,85928a15-65ef-43fd-b07b-0e956cdf7528,1bb87e6c-1ef0-4ba0-9166-0a2eb7a7df7e,1.51,35.66
bbfadb6b-ab7a-4c65-98f7-64a32195cf3e,85928a15-65ef-43fd-b07b-0e956cdf7528,3a552307-6f65-4c3a-a54d-d271c022e93b,1.77,38.15
2bf90cc4-d5b7-425e-9ceb-7b8e1cb62b45,85928a15-65ef-43fd-b07b-0e956cdf7528,c1825c45-0d7b-4a7a-8dcb-9551977f9a86,3.46,78.59
f8b4ce42-64ed-4d2e-b4c8-7c1c75a990f5,85928a15-65ef-43fd-b07b-0e956cdf7528,5dab8803-0ab8-4447-a6f6-08365aa53ddb,4.75,111.21
05414682-4558-4c26-88e4-1c3885c67852,85928a15-65ef-43fd-b07b-0e956cdf7528,d7fe6fa6-3558-4d24-830f-7b3e26266011,2.71,15.47
685b49bc-7788-4803-a6ef-7717bb401bcb,85928a15-65ef-43fd-b07b-0e956cdf7528,de3294f9-be62-4d28-b20b-e8c0b1924b62,2.1,74.69
b87031c0-ff01-4b47-9591-fc9d8c3f6f10,5f8c7034-827d-4a2b-b4b2-03e7f0fc72d1,d58dced7-cfe0-4214-b87d-2cfb44f0ad65,2.34,42.81
209c6460-508e-4efe-8f0a-16685b4f2aeb,5f8c7034-827d-4a2b-b4b2-03e7f0fc72d1,84880841-242e-47ad-b889-243a3d69f06a,1.9,34.26
4e39fa60-724e-43f5-9c91-a3f819b840af,5f8c7034-827d-4a2b-b4b2-03e7f0fc72d1,7a7c4c3b-cbaa-425a-94c8-f3bcd4fe371d,2.0,117.52
c2077049-d12c-48b9-9cc2-729dbb8b6205,5f8c7034-827d-4a2b-b4b2-03e7f0fc72d1,104009cc-da4b-4dee-a460-f070c98af59a,1.11,25.8
92b9711a-8876-4028-a4c9-8f5ee2e8a941,11e35812-83fc-4f82-beea-1eb511476536,4049d501-b0c1-4269-9ebe-1b50c2150384,4.18,47.67
9143a3ce-ff2f-4e5c-9cd5-1ed8c18a8ff4,11e35812-83fc-4f82-beea-1eb511476536,9b60151d-2d71-442a-b900-6cead41b6a44,2.75,37.12
1ae3a432-9396-4690-ad1a-64745b5ac3ed,11e35812-83fc-4f82-beea-1eb511476536,e619e35d-2c6a-45f8-9a96-6516579ff2ef,1.34,131.34
b2cd217c-d429-499e-b3e7-66c145fa5b04,11e35812-83fc-4f82-beea-1eb511476536,27b7bd08-eb19-4d34-8cc6-3e49ea12d010,4.56,99.73
ba552e6d-e78f-4489-a3c3-31fb6303886f,bf73f7b2-c4d3-46b4-a513-ad683c076398,fbcb63ab-7591-4598-83a2-72cc2ef2c603,1.21,36.27
84ea7685-c0fe-419b-a920-6d84c921636d,bf73f7b2-c4d3-46b4-a513-ad683c076398,cd421415-e774-4ace-b0dc-d63a85efee9b,1.93,38.49
64754eed-0183-451c-850f-d548b6d70151,bf73f7b2-c4d3-46b4-a513-ad683c076398,6e1f18a9-7abb-46a0-81bd-8f86711777f3,2.81,34.65
5f868380-945b-4318-994f-3ce600034bdb,bf73f7b2-c4d3-46b4-a513-ad683c076398,cb60bbbe-2069-47d8-b5e7-b3ea327f47f8,2.36,57.6
9c0cd30d-d012-426f-a3ed-79fbc30f5594,bf73f7b2-c4d3-46b4-a513-ad683c076398,8a79f0bd-7f06-4ca9-80fe-75a8a001957d,3.07,80.93
e175af93-9f44-4d93-8c30-b33a39494723,065b8f2d-8dd3-4752-8978-bd522d443206,3548a058-595f-434d-8b3f-a98dc2df2f75,2.93,47.09
ec96d397-9f64-4f1d-ab26-fe77d5f3ff42,065b8f2d-8dd3-4752-8978-bd522d443206,29678b9f-85cc-4478-80dd-b15bfdc3fc2f,4.19,35.44
73690939-e105-4e96-830b-80e9f954a432,065b8f2d-8dd3-4752-8978-bd522d443206,d9e5f240-1361-45c1-8b4b-b95f01f4c109,3.05,149.05
59f00c2b-b220-4dbb-8b80-aef1ddce3043,15a756df-464c-4ca3-afd0-7e5deb20a3c6,119171e8-3049-4289-a1e6-20156e6d3e20,3.07,41.62
1c3553fb-d70f-4531-a60a-d2ec9a56d66c,15a756df-464c-4ca3-afd0-7e5deb20a3c6,c2baad76-3877-4321-9e02-47d4f8e4cc46,1.23,46.61
a1601aca-5956-46c9-8dbb-5730f451a38b,15a756df-464c-4ca3-afd0-7e5deb20a3c6,c1825c45-0d7b-4a7a-8dcb-9551977f9a86,4.43,78.59
dc632e82-9cda-4342-b79b-7c50910eef70,15a756df-464c-4ca3-afd0-7e5deb20a3c6,cdbbec30-7793-4d61-884e-57040023b974,3.56,110.8
043dade1-b944-4887-b43e-b546b84fc26f,15a756df-464c-4ca3-afd0-7e5deb20a3c6,5a442680-9fef-499c-825c-bcbe3ceaedb7,2.34,20.08
ad85ac54-4966-407c-9865-67401ed51aec,15a756df-464c-4ca3-afd0-7e5deb20a3c6,2092e6e4-cc99-42b1-9022-3773df7a65e3,3.77,28.88
d8d1d767-13f0-425b-89a7-69def09f8459,703961df-183a-4550-bf2a-6ff50b1ec154,3548a058-595f-434d-8b3f-a98dc2df2f75,1.89,47.09
7a9a7f59-1a15-493d-9ebe-dfe79d8e81ea,703961df-183a-4550-bf2a-6ff50b1ec154,29678b9f-85cc-4478-80dd-b15bfdc3fc2f,2.92,35.44
dd6b7660-ab4e-40b6-80b0-f60118eeb536,703961df-183a-4550-bf2a-6ff50b1ec154,e39a26e9-549e-4b16-96e2-00865896404e,3.96,142.95
f372bd9b-e92a-4d07-ba50-33e7cfeb7d01,703961df-183a-4550-bf2a-6ff50b1ec154,4db9e4de-ce3d-41d7-bdf4-3931e7243df5,4.3,76.83
2028e209-272b-48e9-8b7a-c6ef68dda1c3,11838048-06ca-4e39-9693-13f1b7608e0c,5638747c-cb25-4b64-9d98-851c2db06d60,1.79,43.15
b744e2d9-4646-445b-8a05-fea7de03fd46,11838048-06ca-4e39-9693-13f1b7608e0c,e6a04938-5e34-4328-ae59-6d3dc3f1c0f1,1.68,26.69
e1c2634f-fc5c-4069-9263-f588513476ac,11838048-06ca-4e39-9693-13f1b7608e0c,6fcc34f9-1490-4c70-ae89-f338a3157ec6,1.78,50.74
beafc9f8-7774-436e-b7b5-6193eef99e84,33baf3bd-08b7-47d4-8c70-83de5f515588,119171e8-3049-4289-a1e6-20156e6d3e20,2.48,41.62
cb488978-006f-400b-a721-2d310deb20d8,33baf3bd-08b7-47d4-8c70-83de5f515588,3a50c212-b6a5-4a68-8319-9c27735e8d16,2.95,26.39
92408ddf-8efd-49a0-99d4-8c69bab4cc7e,33baf3bd-08b7-47d4-8c70-83de5f515588,5f7fe85b-a41f-445e-83dd-d16cd8b90fc2,4.51,55.37
84915c2b-f2fe-4af1-b895-f1c245f98471,1cdc2616-8bde-4bce-84e7-44d5ee3cc32f,c8ab7e01-9ce6-44bf-9bcc-a325e05802a4,3.35,41.38
b5ad8296-434e-4d58-b57f-3177d9ba9a6d,1cdc2616-8bde-4bce-84e7-44d5ee3cc32f,b4c436be-f3b0-415f-bf41-4043d721bf73,1.66,23.38
2fe4cf33-497b-4631-a025-bbc7c38dd8ba,1cdc2616-8bde-4bce-84e7-44d5ee3cc32f,58ea5898-e09c-4e6b-81bf-211261419595,4.49,58.74
5146d61a-5726-4d5f-b3c0-c2e7358aed6d,b5f5520c-d14c-440a-8642-c7d67440091f,5ac74607-116b-439d-bc3c-14d60fbbf3c9,2.86,41.06
c7cdca75-f039-4cdd-9113-d8475091ac8e,b5f5520c-d14c-440a-8642-c7d67440091f,0921c244-e74f-43b4-b909-08651f21641e,3.86,37.16
5a86ec96-8783-4125-b136-5263382ea9cd,b5f5520c-d14c-440a-8642-c7d67440091f,cb56deaa-8d41-4adc-8a3f-3bdf869aed1e,3.32,47.21
4cf286a9-3e3b-4c85-a5b1-8b409c423dc7,b5f5520c-d14c-440a-8642-c7d67440091f,5a442680-9fef-499c-825c-bcbe3ceaedb7,2.3,20.08
25a51be6-ed6c-41bb-8210-1dbafeab5327,03b2cd0a-07aa-4f0e-9a50-475af60fc601,478565a6-134b-43e0-99c5-454f4ff7cbf0,1.54,91.55
60a5f4f8-24da-4ee4-809d-248919a3ad2a,03b2cd0a-07aa-4f0e-9a50-475af60fc601,5dedc130-d37a-4fce-8a23-c2c6186c790f,1.92,104.59
c52f3596-aad0-47b7-b292-3be05b98a55f,03b2cd0a-07aa-4f0e-9a50-475af60fc601,dcc92c40-ca3b-40c8-9cbf-72290ee7e3a0,3.48,39.11
a19717cc-0635-452c-bd49-09b0b74fb0fc,03b2cd0a-07aa-4f0e-9a50-475af60fc601,0de12161-675e-4cbb-96b4-0107237dd341,1.87,17.19
b8385884-c50f-48c6-a2a4-868a69b1af8d,f8fc19d8-1074-4309-9d69-74082a77ec38,3d4ce172-6260-4dfa-9af8-74eeb46f6ae1,4.37,80.22
749bbfef-e180-4b9b-88f8-6cf221f67ddc,f8fc19d8-1074-4309-9d69-74082a77ec38,5dedc130-d37a-4fce-8a23-c2c6186c790f,4.71,104.59
6d409afa-212c-4f7f-8efb-1a42f5ec4adb,f8fc19d8-1074-4309-9d69-74082a77ec38,7869a02c-ef9c-4865-b4e9-b8e9c7d06af4,2.44,49.08
dd6d8d27-89b1-49a1-99ba-4f64c76ae4fc,f8fc19d8-1074-4309-9d69-74082a77ec38,6f413aea-b761-4f53-83cc-8909734ca65f,1.39,18.94
7295bac9-7ba4-4524-80f0-cc33626ad3ed,80bd9930-89e9-4dd1-aa8d-7525e584a6d2,acea3378-4bf7-4d40-8a6e-bab5fadc2196,4.29,34.09
d6fcc1e8-b27e-4f70-9036-a7191323e992,80bd9930-89e9-4dd1-aa8d-7525e584a6d2,0921c244-e74f-43b4-b909-08651f21641e,4.29,37.16
cfa1efec-4e68-4b8f-b2c5-70002e53b339,80bd9930-89e9-4dd1-aa8d-7525e584a6d2,71052cc8-49f3-422f-be43-de34a2259d59,2.89,39.36
cf508c67-00d6-4b14-b4d5-de93e2bcfa44,80bd9930-89e9-4dd1-aa8d-7525e584a6d2,300c236a-5cf1-4646-b74a-bd449ed18374,2.73,17.69
64fd07af-b8cc-425e-b7f3-222688ab783a,2756c2c7-3974-48d9-bca2-0253586b7098,30a35155-a204-4dc4-b803-c1c6e3f4b4f6,4.38,75.63
e8dfbffd-0b85-4af2-a0c0-6e337b987999,2756c2c7-3974-48d9-bca2-0253586b7098,28e011b1-cf12-42d0-8034-c80656e0c0d5,1.84,112.53
e6da41f0-a84b-4450-9171-dfabb2b4a1f5,2756c2c7-3974-48d9-bca2-0253586b7098,70e90051-397e-40bf-833c-120d977f7445,1.12,42.37
663c3e81-a230-429d-9117-7a6f4a0e690f,2756c2c7-3974-48d9-bca2-0253586b7098,300c236a-5cf1-4646-b74a-bd449ed18374,1.61,17.69
4429bff4-19fe-4fa0-8181-bf48bdd5b0b6,e40c6d54-97db-4eac-8544-8ceafb02e3ee,30a35155-a204-4dc4-b803-c1c6e3f4b4f6,4.14,75.63
94fd7567-2972-403a-8e84-698fb501295c,e40c6d54-97db-4eac-8544-8ceafb02e3ee,5dedc130-d37a-4fce-8a23-c2c6186c790f,3.27,104.59
431fb5f4-d020-4a20-917a-ef096f3d84f2,e40c6d54-97db-4eac-8544-8ceafb02e3ee,1c84fa0c-e043-4a3d-8fe9-cd3d34c99d78,3.3,47.15
21a1f421-dd44-438f-ad50-cd38b1f228b4,e40c6d54-97db-4eac-8544-8ceafb02e3ee,32fc637e-f9fe-4fc6-9e2a-675ee8c4feee,1.41,18.76
dbf20f36-2c97-4663-804d-6e2c525af6da,76b0fdc9-ecd5-4ad2-b8ba-a5d1a81031a1,bf9e355c-e1c9-428e-906d-8e9a455ce885,1.13,37.18
dee9451f-a659-4bc3-aafb-b3e1281ced28,76b0fdc9-ecd5-4ad2-b8ba-a5d1a81031a1,fc99c491-28ac-40fc-bd3b-edf6d3a3588b,1.8,44.42
f629ad05-7771-4f51-9edb-dc60fe3529c8,76b0fdc9-ecd5-4ad2-b8ba-a5d1a81031a1,0031e56a-e740-4991-af49-d3cac14a83eb,1.93,33.43
13eb6bb8-da96-45ca-a01a-1b9e8f47b0ee,9c8b19e4-bbe9-46ce-942b-d5597876dd64,bf9e355c-e1c9-428e-906d-8e9a455ce885,2.91,37.18
aa8acbd2-7ff4-45e3-a56d-e3b4a106013a,9c8b19e4-bbe9-46ce-942b-d5597876dd64,0921c244-e74f-43b4-b909-08651f21641e,1.52,37.16
ed29fa33-6af8-4254-9db9-07adc82b3e06,9c8b19e4-bbe9-46ce-942b-d5597876dd64,0031e56a-e740-4991-af49-d3cac14a83eb,1.64,33.43
374d5f2b-8628-454e-b7f4-42a1659fb9ce,9c8b19e4-bbe9-46ce-942b-d5597876dd64,ae9fd366-c734-40ed-a400-bcb11499a529,3.35,102.44
9c5e61b2-7a9d-4dc0-9d8b-c33566ed9bf8,f8159a69-60cd-4745-abac-f4eb90d7f4c3,0994cb89-90be-4944-806b-eeefe4d6eabb,2.84,41.4
7e3f9792-04c1-4901-afbd-827240539825,f8159a69-60cd-4745-abac-f4eb90d7f4c3,e906f01e-ecde-40a5-a44c-9132a164f942,3.59,43.89
159e117e-1b5a-43e3-96e1-191855906871,f8159a69-60cd-4745-abac-f4eb90d7f4c3,a7290bdd-22fb-4a4d-a4a4-c2bf75c7ab09,2.56,122.31
c7e25e84-e85d-4ce0-8679-8a4698456a15,fdeea3ab-25ba-40d6-8f6b-6b1b91d6fd24,bf9e355c-e1c9-428e-906d-8e9a455ce885,1.96,37.18
8a3c3068-142f-41c3-be8d-e6e12e6a2ed4,fdeea3ab-25ba-40d6-8f6b-6b1b91d6fd24,aae46e83-5eca-4bae-83be-d1af00c5cdc0,3.67,37.81
833e6e8c-ad44-4586-8d3f-441299e34f3f,fdeea3ab-25ba-40d6-8f6b-6b1b91d6fd24,cabd7ff0-1bed-4ba5-bf93-93b2b0f3cc62,4.63,45.87
b368c443-565b-4685-80c1-c10440ec7989,fdeea3ab-25ba-40d6-8f6b-6b1b91d6fd24,9e62c28d-8fc0-432a-b85d-e57755b7a392,2.99,15.82
29f5d4eb-0502-4a55-ae53-71f9793da524,576001db-a8a1-4cca-ac5a-3c6a2d3c81b5,119171e8-3049-4289-a1e6-20156e6d3e20,3.56,41.62
fd35acf3-97af-41d2-a548-de4a218a3b04,576001db-a8a1-4cca-ac5a-3c6a2d3c81b5,aae46e83-5eca-4bae-83be-d1af00c5cdc0,3.98,37.81
6cfab26e-a169-4bee-9459-f92aa53e96d8,576001db-a8a1-4cca-ac5a-3c6a2d3c81b5,2be07e4c-3dbf-42e5-90c3-26540a177fd1,1.15,47.69
dc5a46db-c920-4de0-8db5-a551d2515522,576001db-a8a1-4cca-ac5a-3c6a2d3c81b5,300c236a-5cf1-4646-b74a-bd449ed18374,1.65,17.69
e26c2cce-c918-4955-af4b-39353d22ff2b,576001db-a8a1-4cca-ac5a-3c6a2d3c81b5,e83f625e-4033-46b8-b595-e7f5d55bab20,1.33,54.09
83bf3362-6100-4050-976a-db8aff46a874,c8a133a8-66f2-4e22-9994-df98fe68873e,acea3378-4bf7-4d40-8a6e-bab5fadc2196,1.5,34.09
8fc67f6d-121f-425a-ba63-53eac402d939,c8a133a8-66f2-4e22-9994-df98fe68873e,3917a229-00ce-4f07-ab63-a7dfc2cd82df,2.35,27.35
eeaba97d-6c3e-443c-b46c-f9c8d995afdb,c8a133a8-66f2-4e22-9994-df98fe68873e,a9adc9d0-b23e-4e5d-be77-825b68788f9f,3.86,54.16
6d435af1-c50e-4501-b3df-32729992f870,c8a133a8-66f2-4e22-9994-df98fe68873e,3ee84a7d-619b-4ebd-a86f-6e73e1aa0f56,1.43,17.64
cb06a25f-a55e-4129-a229-d8d89e95400f,f3840c77-74c7-48f3-bdc6-e25689b5b52a,1bb87e6c-1ef0-4ba0-9166-0a2eb7a7df7e,2.5,35.66
6a786b61-66c7-46ff-b0e2-510dab7d0def,f3840c77-74c7-48f3-bdc6-e25689b5b52a,aae46e83-5eca-4bae-83be-d1af00c5cdc0,1.11,37.81
4f60ad71-791d-41f4-931c-5a101f2ea72b,f3840c77-74c7-48f3-bdc6-e25689b5b52a,cabd7ff0-1bed-4ba5-bf93-93b2b0f3cc62,3.72,45.87
5c7281a7-842a-4f04-bd29-969412700c83,f3840c77-74c7-48f3-bdc6-e25689b5b52a,9e62c28d-8fc0-432a-b85d-e57755b7a392,2.59,15.82
296b5dae-6ce3-43ac-8098-a08b4d433a73,88df8c67-a9a4-44bc-a669-5783aa9ab85e,5638747c-cb25-4b64-9d98-851c2db06d60,4.74,43.15
65e6a733-51f9-41cc-b1b4-1a6afa5f288a,88df8c67-a9a4-44bc-a669-5783aa9ab85e,aae46e83-5eca-4bae-83be-d1af00c5cdc0,1.86,37.81
70f421ae-b5c2-41de-8fbc-3ca32043b442,88df8c67-a9a4-44bc-a669-5783aa9ab85e,33b8b450-7c1f-41ce-878c-fb991290c907,1.06,49.25
204c1551-ba00-4001-b28e-89b703a2520b,88df8c67-a9a4-44bc-a669-5783aa9ab85e,300c236a-5cf1-4646-b74a-bd449ed18374,1.92,17.69
77f9c742-2e5d-4fcb-9748-318c86d5efc3,5b98abca-a0c8-4fa0-9b66-73498b3c86e0,5ac74607-116b-439d-bc3c-14d60fbbf3c9,4.17,41.06
b6f880b8-b4b5-45e4-9a92-ce6493b0fc7b,5b98abca-a0c8-4fa0-9b66-73498b3c86e0,aae46e83-5eca-4bae-83be-d1af00c5cdc0,4.84,37.81
050131f9-4674-47d6-a696-3c788706168c,5b98abca-a0c8-4fa0-9b66-73498b3c86e0,2be07e4c-3dbf-42e5-90c3-26540a177fd1,3.71,47.69
fbf700b1-84de-4dba-a543-f04b4975b75c,5b98abca-a0c8-4fa0-9b66-73498b3c86e0,6f413aea-b761-4f53-83cc-8909734ca65f,1.35,18.94
4492adb4-f34f-4fa0-b366-ce7368e185ba,5b98abca-a0c8-4fa0-9b66-73498b3c86e0,f41418e2-b35c-40cc-aad0-8cd036569dfe,2.93,29.4
6d7547e5-f3d2-4fa4-8e21-a475611c1973,28953df4-c62f-4a7a-931f-e055e58518c0,588f8f78-1d77-4989-b8cd-3e0869658448,1.62,25.95
8f10cc57-fbe2-4a2f-82b9-bd8ebc89a504,28953df4-c62f-4a7a-931f-e055e58518c0,0f8e2979-fd0e-4891-afd3-3b4a418d17c1,1.24,49.01
9528e93a-3941-4c12-88d3-b678e9c95a3f,28953df4-c62f-4a7a-931f-e055e58518c0,53375854-801f-4fc4-9bca-a764bf6963fe,1.81,42.95
dd93a236-2da3-4e15-bf96-e925af0c5971,17417889-a07e-4c05-9789-d7eab3b86adf,93e72030-6ff8-43c4-8fed-6ec2084ee35e,2.3,25.94
0b0b7b98-e5f2-4928-87c6-301e603567ad,17417889-a07e-4c05-9789-d7eab3b86adf,0f8e2979-fd0e-4891-afd3-3b4a418d17c1,2.37,49.01
f8883022-2a94-405e-9e8f-d60085bc67bf,17417889-a07e-4c05-9789-d7eab3b86adf,d58dced7-cfe0-4214-b87d-2cfb44f0ad65,4.63,42.81
c62c5cd9-e1b5-479a-9bb1-fb9ab15d6570,17417889-a07e-4c05-9789-d7eab3b86adf,1bdc298b-761f-486b-b642-592ca600704a,3.43,26.06
62511da2-d700-4fb7-ac89-2c214706dc08,ef533122-914d-46d6-80ef-dad530d64c6a,588f8f78-1d77-4989-b8cd-3e0869658448,2.88,25.95
1ec27415-2012-40c7-9390-b2fbe473e311,ef533122-914d-46d6-80ef-dad530d64c6a,0f8e2979-fd0e-4891-afd3-3b4a418d17c1,1.95,49.01
ed0c088a-0c94-4e03-8f2e-03eac5e0168a,ef533122-914d-46d6-80ef-dad530d64c6a,631a1e24-52d6-4900-a14f-f38ab19822d4,2.87,54.85
0dfbd33e-45e8-4a11-a924-25adb1a2d670,c2482b50-68a4-4047-b24b-2d13aff4f9b8,deb77a6a-d2ec-4d3c-8fc3-f9c307c2c6ff,1.16,24.94
1d0c29b2-5ca2-480c-b5f4-122b68b45de7,c2482b50-68a4-4047-b24b-2d13aff4f9b8,0f8e2979-fd0e-4891-afd3-3b4a418d17c1,2.88,49.01
84a567a9-cb27-4656-a258-026643ecbe83,c2482b50-68a4-4047-b24b-2d13aff4f9b8,88dc8654-525d-4e13-a1c5-26c467b71fdf,3.94,53.29
78acc2bd-18cb-4b6d-8596-9d393b514a79,c2482b50-68a4-4047-b24b-2d13aff4f9b8,4d5ef443-7417-46f6-bed0-97173a7829e5,1.08,54.01
09a5be8a-2287-421e-8847-ab6f61355355,8f417fbf-f989-4234-a3f6-cfafa1cbfb67,9e466ab4-0753-45f0-b24d-06ca63637b2d,1.29,34.7
677326d3-dd1a-4e18-8a14-55fec09700e7,8f417fbf-f989-4234-a3f6-cfafa1cbfb67,ada3490e-9d0d-41c5-b8f6-ee36f232a592,4.66,40.7
434c1b28-06a8-428d-9412-2731b753e9d6,8f417fbf-f989-4234-a3f6-cfafa1cbfb67,73697b54-c6e2-44c9-8814-663dd2d9dba7,2.97,85.22
1db30a08-abed-4ad9-a1f3-4e2a06d072ec,8f417fbf-f989-4234-a3f6-cfafa1cbfb67,d2ee5f06-0a65-4618-96e6-c27bc21be525,2.54,100.52
36428e62-23ce-48cc-87cb-887d8febbe7d,8f417fbf-f989-4234-a3f6-cfafa1cbfb67,5a442680-9fef-499c-825c-bcbe3ceaedb7,1.14,20.08
68de40d4-6571-4d65-8fa2-46058af9f6f8,8f417fbf-f989-4234-a3f6-cfafa1cbfb67,b8258701-7eba-4efa-be89-1236720808da,2.54,95.26
6ecc0d76-806a-4533-97fc-ac896a8295d6,78c01abf-e2a4-4e54-b422-c94120d94f15,1bb87e6c-1ef0-4ba0-9166-0a2eb7a7df7e,1.97,35.66
f9d43a56-7001-4b43-8fa4-7f945cfda584,78c01abf-e2a4-4e54-b422-c94120d94f15,472f225e-9fd0-4a31-9d3a-970b74e867a1,3.79,45.91
5ea0613e-8ba4-41ae-b07f-2bd3070edac8,78c01abf-e2a4-4e54-b422-c94120d94f15,73ba2336-7a3c-47ec-af09-dc36f47b00fc,4.78,93.05
42f55c67-a60d-4b8d-9e0a-5a94896fcb6e,78c01abf-e2a4-4e54-b422-c94120d94f15,28e011b1-cf12-42d0-8034-c80656e0c0d5,4.81,112.53
c381a3fb-6ab4-4c3d-95dc-5107e7af5889,78c01abf-e2a4-4e54-b422-c94120d94f15,7b4b3a0e-209c-4217-9a40-96053b050f60,1.23,19.54
0e3aba66-f033-44d6-b6a1-eaa6f2193a0b,74da64c9-1d66-4a3d-aba0-8ab468d02e78,90d08764-413b-4792-ac7f-41915db7fab3,4.87,40.94
0f06490d-018a-4450-911d-e3158c6d4e71,74da64c9-1d66-4a3d-aba0-8ab468d02e78,ada3490e-9d0d-41c5-b8f6-ee36f232a592,3.94,40.7
c68b8e57-5621-4b4c-8688-95168d8c945f,74da64c9-1d66-4a3d-aba0-8ab468d02e78,478565a6-134b-43e0-99c5-454f4ff7cbf0,1.44,91.55
5a6ae52a-a75f-4bdf-962b-6c7a9948123b,74da64c9-1d66-4a3d-aba0-8ab468d02e78,f001e0a4-8020-4880-8626-0a0c1e822852,2.08,104.44
67734214-b001-472b-9df7-34c558561841,74da64c9-1d66-4a3d-aba0-8ab468d02e78,32fc637e-f9fe-4fc6-9e2a-675ee8c4feee,2.4,18.76
828cdc99-dbc1-481d-8ae9-9234cbe601c9,74da64c9-1d66-4a3d-aba0-8ab468d02e78,4db9e4de-ce3d-41d7-bdf4-3931e7243df5,4.27,76.83
f7a680f8-2dbb-474d-a5da-3550482402f9,aa8b7ab7-bb4a-410b-ab7e-1b7e2d4a99ac,9e466ab4-0753-45f0-b24d-06ca63637b2d,1.79,34.7
cf3a19e0-8f58-44be-80da-3c5f878661b6,aa8b7ab7-bb4a-410b-ab7e-1b7e2d4a99ac,fc99c491-28ac-40fc-bd3b-edf6d3a3588b,3.27,44.42
aaa55c0a-5d05-43b2-bed2-2b8742e3a2ce,aa8b7ab7-bb4a-410b-ab7e-1b7e2d4a99ac,73ba2336-7a3c-47ec-af09-dc36f47b00fc,4.24,93.05
e6f839f5-b157-4893-8dc2-a469b1f5567e,aa8b7ab7-bb4a-410b-ab7e-1b7e2d4a99ac,28e011b1-cf12-42d0-8034-c80656e0c0d5,2.76,112.53
2ce5b832-65b1-4779-ace7-f8ab6afda1cf,aa8b7ab7-bb4a-410b-ab7e-1b7e2d4a99ac,9e62c28d-8fc0-432a-b85d-e57755b7a392,2.74,15.82
b7a0ea22-9efd-4d68-9e09-a626dd4c43d7,cbefdd04-ffd8-4c9d-a8a4-5e2015f10c85,2cc864b2-ffcd-4cd9-96ea-35cc70b7f01e,1.24,34.73
89f1cc2c-c94d-4f5c-8b33-091b858390f4,cbefdd04-ffd8-4c9d-a8a4-5e2015f10c85,ef1edfc3-47b7-4fd4-83d6-8e411458ec16,1.39,35.81
65863ada-5cf9-4b09-b487-8ad89648baf7,cbefdd04-ffd8-4c9d-a8a4-5e2015f10c85,5ac74607-116b-439d-bc3c-14d60fbbf3c9,3.08,41.06
b67e768d-e3a2-4d35-8765-eebc0e21b8b8,cbefdd04-ffd8-4c9d-a8a4-5e2015f10c85,028a6f74-cbb2-4589-8fa2-ca3fba159ad4,2.89,56.2
478f4e89-5e5a-41a9-9b57-809102f7cef5,cbefdd04-ffd8-4c9d-a8a4-5e2015f10c85,9d1653d7-c14d-409f-8b0a-e199ffe4499d,3.73,76.13
ab145c42-dc61-41c2-9f1c-6c9e45fdd701,cbefdd04-ffd8-4c9d-a8a4-5e2015f10c85,87375ac9-631a-474b-b827-a0d25831f6cc,4.76,67.85
7438f06e-ff90-4718-aff8-fdd1da3f8abf,7e3f2a2e-b5b8-46f6-9360-439d507ea13b,6dfa977d-ac40-4b0c-9944-77f5fc5892c4,1.1,47.7
480aec90-060b-4fc9-9a9d-6f337444d84d,7e3f2a2e-b5b8-46f6-9360-439d507ea13b,1a485340-f614-4da7-9953-4cbb2f709dc6,2.47,41.07
8267bbf8-2d78-4db4-b2b4-c99a4e3cdd43,7e3f2a2e-b5b8-46f6-9360-439d507ea13b,93972ebd-a548-446c-a61e-54abc0d9eb7a,3.06,142.62
1c919438-103c-47bc-9377-c184b8394ab3,dcf3761a-00bb-4004-8058-333f603afd73,d6bbbbbd-5bb9-4372-86a3-876b161d74ed,2.6,32.92
352286e1-c1f0-42b6-beb8-1768d3eacb89,dcf3761a-00bb-4004-8058-333f603afd73,0921c244-e74f-43b4-b909-08651f21641e,4.76,37.16
79bbbe12-5d97-4771-8945-61e7e4a434af,dcf3761a-00bb-4004-8058-333f603afd73,5ac74607-116b-439d-bc3c-14d60fbbf3c9,4.43,41.06
587c7696-a50a-42f9-a8be-3f181a7291a5,dcf3761a-00bb-4004-8058-333f603afd73,ffb35857-5a01-4e4d-b7f3-e4dba8ebcf4b,3.43,47.34
d2373966-abab-4607-ae1e-7e5ded64afb2,dcf3761a-00bb-4004-8058-333f603afd73,8b414293-228c-404f-aedb-2bfc01e00016,4.14,70.8
415a0dd7-1b02-4a86-9931-fc86ae8ad7a8,dcf3761a-00bb-4004-8058-333f603afd73,61994682-174b-47e1-a92b-8d56e543416b,4.19,65.45
552f8630-5e98-43b6-821e-60b0056d5847,e328a304-b62b-48d6-a601-924b88268553,16d265ed-77a0-4a24-afb5-719cba043ada,1.42,47.75
9cccf27f-faf5-4aa4-b5fc-138a5f3fa176,e328a304-b62b-48d6-a601-924b88268553,84880841-242e-47ad-b889-243a3d69f06a,4.61,34.26
2cc9724f-9edb-49f3-949b-9dff7f2175af,e328a304-b62b-48d6-a601-924b88268553,1565d3db-fa61-4937-9a95-61ffa16b52f8,3.66,141.88
39ca52d1-8e3a-4047-b770-2ed000cf2dc4,6318a73b-c976-4e7e-88e1-2434ab456548,88dc8654-525d-4e13-a1c5-26c467b71fdf,1.26,53.29
d7cf536a-c180-434b-bac4-b3d071058b04,6318a73b-c976-4e7e-88e1-2434ab456548,84880841-242e-47ad-b889-243a3d69f06a,3.94,34.26
c72c39fe-3ef9-47da-a362-4d564750545e,6318a73b-c976-4e7e-88e1-2434ab456548,1565d3db-fa61-4937-9a95-61ffa16b52f8,4.23,141.88
8c7bdaad-05ce-4bbf-9176-38ae147ecb73,6318a73b-c976-4e7e-88e1-2434ab456548,ab1b7d49-94b3-4a3a-aa89-6ff904cccd84,1.45,75.3
7039b34c-ca3c-42c0-8fea-cacdfae1f888,9cfd9cb2-369e-4e73-8fb9-7ff637625f8f,88dc8654-525d-4e13-a1c5-26c467b71fdf,4.39,53.29
1c4dfedc-9be7-42a1-9ddd-75c6f315e10c,9cfd9cb2-369e-4e73-8fb9-7ff637625f8f,2fc6e23e-4b20-4c24-9330-6bf4084694bd,4.09,37.55
a29bead3-66b3-4f98-b844-bce832a9639a,9cfd9cb2-369e-4e73-8fb9-7ff637625f8f,d9e5f240-1361-45c1-8b4b-b95f01f4c109,3.08,149.05
23f534a5-29da-422a-a3d0-ca94f332bd1f,9cfd9cb2-369e-4e73-8fb9-7ff637625f8f,3cd3d555-a147-44bf-93ea-9a3bff52099e,1.43,95.73
aa6bca60-f836-4108-8ce7-68afbe08acb1,3bacce85-8db9-41a2-949a-1ef5ac9a5ae6,88dc8654-525d-4e13-a1c5-26c467b71fdf,3.4,53.29
de8e42b0-6891-4dcb-ae17-f5d781f4e9ad,3bacce85-8db9-41a2-949a-1ef5ac9a5ae6,84880841-242e-47ad-b889-243a3d69f06a,1.49,34.26
0e0a5028-dfc5-42f5-bddf-151187729510,3bacce85-8db9-41a2-949a-1ef5ac9a5ae6,93972ebd-a548-446c-a61e-54abc0d9eb7a,3.52,142.62
993c4dde-29c0-4b0a-beb2-289fe46fb61b,2244b034-d49a-4166-9ac7-50f255831628,631a1e24-52d6-4900-a14f-f38ab19822d4,2.57,54.85
9a4bc204-34b7-4898-a1f2-4e58cd1ec671,2244b034-d49a-4166-9ac7-50f255831628,0f39696d-33be-4ab3-98ce-dfbfa4d9b7e5,4.65,35.13
8f320c19-b455-4c37-ae18-86c367299bed,2244b034-d49a-4166-9ac7-50f255831628,93972ebd-a548-446c-a61e-54abc0d9eb7a,2.35,142.62
238d97da-1ba6-4bdf-954b-3433cd813151,a2a4054b-1960-424a-8fcb-6aee9eebc4b0,88dc8654-525d-4e13-a1c5-26c467b71fdf,4.4,53.29
c041e560-ff47-4078-9f02-b925e9eb6177,a2a4054b-1960-424a-8fcb-6aee9eebc4b0,1a485340-f614-4da7-9953-4cbb2f709dc6,3.62,41.07
664d4292-1ed7-4859-9bf8-6f173a0e2e52,a2a4054b-1960-424a-8fcb-6aee9eebc4b0,93972ebd-a548-446c-a61e-54abc0d9eb7a,2.16,142.62
4b004c8a-720e-4823-80f5-87757dd0b649,a2a4054b-1960-424a-8fcb-6aee9eebc4b0,f7034ed5-d9d4-433b-982e-4c12f95f649e,4.22,76.52
53b6ec4a-9e8c-4a4a-ae5c-279af31c1ab0,34f2d204-5c94-4cdf-8619-e078a72fc7db,6dfa977d-ac40-4b0c-9944-77f5fc5892c4,4.7,47.7
dd993263-d9a3-4923-977d-2b030cebb1e3,34f2d204-5c94-4cdf-8619-e078a72fc7db,1a485340-f614-4da7-9953-4cbb2f709dc6,1.72,41.07
884b0acf-4f74-4905-96c1-f0de8ef454ec,34f2d204-5c94-4cdf-8619-e078a72fc7db,795061e1-6f7c-4d90-a042-3f0f8849e2dd,2.35,122.8
045c51f2-0505-48c9-a464-8a8e0b6e0b32,ce6414d7-898b-43c9-bedd-b1e54579738d,119171e8-3049-4289-a1e6-20156e6d3e20,4.11,41.62
6c0ac173-cb18-4286-a7bd-e0e01f53957a,ce6414d7-898b-43c9-bedd-b1e54579738d,b99e1dae-48e4-4376-947d-936df1d7d3fd,1.55,25.42
a8097068-ec99-4a01-b423-1cbc60217599,ce6414d7-898b-43c9-bedd-b1e54579738d,028a6f74-cbb2-4589-8fa2-ca3fba159ad4,1.05,56.2
64ac3f07-24f7-40b2-9434-6c4d5fe822c7,8b664691-0d5b-42bd-b209-aade089d039a,798ae4e6-fad9-4806-8971-c892a9483220,4.18,27.32
9e827bd7-c204-4125-83ff-31f64278d059,8b664691-0d5b-42bd-b209-aade089d039a,3a552307-6f65-4c3a-a54d-d271c022e93b,2.19,38.15
70b64947-f73f-4626-8761-1e4ee0a94750,8b664691-0d5b-42bd-b209-aade089d039a,ee4ae226-aca3-4d7c-8291-771300058d27,2.62,39.81
096ce3dd-3df8-4126-a8df-596161366176,8b664691-0d5b-42bd-b209-aade089d039a,4cc80ba9-1884-4b13-8df8-b093b3882660,3.22,59.94
bfd6f923-7844-4487-bc54-2bd16b105f82,8b664691-0d5b-42bd-b209-aade089d039a,6d8943b9-0740-4df5-a7a1-5e1755570fc2,2.95,81.28
da97e3da-fe6e-4a28-9fc8-be25e9dd35e6,8b664691-0d5b-42bd-b209-aade089d039a,3a34d1a4-8f79-4d3b-8d81-bb5fd72a1b3a,4.01,50.08
86fa4ca3-2b9d-4c57-a364-b1856a394270,069fb7ef-711b-4eec-9efe-cb0107709635,ee4ae226-aca3-4d7c-8291-771300058d27,3.61,39.81
a7ce79cd-86bf-4f2d-a43f-8e35d0830655,069fb7ef-711b-4eec-9efe-cb0107709635,a25999f5-62a0-4f6a-9365-8884d42cb059,2.7,28.05
8c6b44d1-553c-4946-98c3-e4be422c29d3,069fb7ef-711b-4eec-9efe-cb0107709635,86cea29e-ba3e-4d48-83e6-50fc57051a44,3.02,59.76
c31dba29-5fbd-4b61-97dc-be8c63bb9af0,431600f8-ad49-4815-b8bb-84423448812d,73697b54-c6e2-44c9-8814-663dd2d9dba7,3.09,85.22
1e9dd6cc-065b-4e9d-a329-0e9548ae6003,431600f8-ad49-4815-b8bb-84423448812d,43feb303-a583-451a-bf7d-b766f4a40b12,3.04,112.1
9e44ccdf-bf91-402f-8871-f915bcf38f5f,431600f8-ad49-4815-b8bb-84423448812d,2858bb15-902c-497e-a053-466c6becf391,1.95,44.12
567b5a8d-8809-4e81-9f56-0985f168bc8a,431600f8-ad49-4815-b8bb-84423448812d,9c21e0d1-367d-46e5-8ddf-c5c2e66c5178,2.91,18.53
3810a95f-af92-41fb-9516-ac91f76af141,431600f8-ad49-4815-b8bb-84423448812d,d74863d0-49fd-4224-a133-7612b158140e,2.11,57.18
b4a2f110-d3e4-447f-84eb-e01700e45343,97f42667-f68f-48a3-bd0f-839a3f5fc50c,73697b54-c6e2-44c9-8814-663dd2d9dba7,3.71,85.22
b5ba0499-e863-4159-a0df-628b6cafe1b5,97f42667-f68f-48a3-bd0f-839a3f5fc50c,5dab8803-0ab8-4447-a6f6-08365aa53ddb,1.28,111.21
926742e5-1462-4aff-bd84-95bcef3a6655,97f42667-f68f-48a3-bd0f-839a3f5fc50c,cabd7ff0-1bed-4ba5-bf93-93b2b0f3cc62,3.86,45.87
0467f14f-ff25-4b09-a485-886052caa12c,97f42667-f68f-48a3-bd0f-839a3f5fc50c,431c6fc2-0f8a-4db6-ae8e-8a20bad8a86f,2.21,17.62
0b152bf3-e938-4096-b83a-e29c110d714d,d0792eb5-274b-46af-bbdb-fec3c977dc43,73697b54-c6e2-44c9-8814-663dd2d9dba7,1.26,85.22
4974d67f-33f3-4815-adc1-fd90d371a2a7,d0792eb5-274b-46af-bbdb-fec3c977dc43,f001e0a4-8020-4880-8626-0a0c1e822852,4.11,104.44
6cf073ba-ceb6-4ea3-87d7-b0254c7ec2e0,d0792eb5-274b-46af-bbdb-fec3c977dc43,cb56deaa-8d41-4adc-8a3f-3bdf869aed1e,1.04,47.21
1746c8df-ef59-4cfb-9c80-1095ef132c1d,d0792eb5-274b-46af-bbdb-fec3c977dc43,32fc637e-f9fe-4fc6-9e2a-675ee8c4feee,2.9,18.76
14432c2c-87e4-42b8-abcf-f2104cba91c0,2b37cdcb-11bf-4b6f-bee6-92785c70e849,6ceef2d2-1469-48a0-9d65-3453b2d6099a,1.68,41.76
8a1afc22-5d5e-4f16-8390-eb57618454fd,2b37cdcb-11bf-4b6f-bee6-92785c70e849,cd421415-e774-4ace-b0dc-d63a85efee9b,4.22,38.49
4993567f-493b-4b3b-99ff-163fa46847db,2b37cdcb-11bf-4b6f-bee6-92785c70e849,fbcb63ab-7591-4598-83a2-72cc2ef2c603,3.21,36.27
ca30761d-1298-4730-a395-39840057767b,2b37cdcb-11bf-4b6f-bee6-92785c70e849,2948b4d3-301f-481d-8a28-8fbc91814afa,2.04,44.21
6ac7d38b-e4e3-48d9-b971-ae88abb387c9,cd97173d-624e-46f3-a9ed-37cec7af225c,6ceef2d2-1469-48a0-9d65-3453b2d6099a,1.73,41.76
5b346c04-a794-4c9a-9f56-772a7d369434,cd97173d-624e-46f3-a9ed-37cec7af225c,aae46e83-5eca-4bae-83be-d1af00c5cdc0,2.1,37.81
6e38d509-e722-4f4c-8662-6034ccd13bba,cd97173d-624e-46f3-a9ed-37cec7af225c,e7185a39-0261-4ed3-8614-036ab8432fa2,2.22,27.72
e63b2e61-4151-40d1-ade0-f74a25fd0956,cd97173d-624e-46f3-a9ed-37cec7af225c,4ac755cc-3384-4c38-89bd-810d4afee67e,4.08,60.84
3ef647a4-361a-4dbe-82c4-4bb9c1b9ee86,580b4b92-cea1-452b-89d2-1c178d642d55,f5ecb502-edeb-4f3d-9b76-0d53f2ba0bcf,3.71,36.94
dc2bcbe7-73ba-469b-a1ea-d38ff80116c8,580b4b92-cea1-452b-89d2-1c178d642d55,cd421415-e774-4ace-b0dc-d63a85efee9b,3.06,38.49
a66c16c3-fe68-4784-89b5-7b615a5775f4,580b4b92-cea1-452b-89d2-1c178d642d55,fbcb63ab-7591-4598-83a2-72cc2ef2c603,3.79,36.27
32bb8b3b-21fd-43d0-b286-dbb32cef85d4,580b4b92-cea1-452b-89d2-1c178d642d55,c2e712d4-fa5d-4331-96a6-e1b4233c081b,1.03,58.11
43bfb01f-2f25-4748-b149-6a3eb923e5cc,13e4f83d-a176-47fd-bbbe-3f9cef1eaef4,6ceef2d2-1469-48a0-9d65-3453b2d6099a,3.7,41.76
2007f5d3-8029-40a1-ae16-f364970d8c3a,13e4f83d-a176-47fd-bbbe-3f9cef1eaef4,cd421415-e774-4ace-b0dc-d63a85efee9b,1.7,38.49
20120b4e-f908-4ea4-843f-5e418b3593c5,13e4f83d-a176-47fd-bbbe-3f9cef1eaef4,ca810efa-f2ec-4c94-85c8-746258ad8064,3.05,28.57
4ec5941e-6f59-44f4-810c-8692ebc7a8c4,41a81e05-c062-4ba0-bb73-4ca73fa262fa,6ceef2d2-1469-48a0-9d65-3453b2d6099a,2.06,41.76
29cc2735-2b42-4d65-b44e-c17885afd424,41a81e05-c062-4ba0-bb73-4ca73fa262fa,cd421415-e774-4ace-b0dc-d63a85efee9b,1.87,38.49
9aa0c67b-42d3-4960-ae5a-57e607b09d01,41a81e05-c062-4ba0-bb73-4ca73fa262fa,e9fb161f-634a-44fb-9050-efc22a610c33,4.3,36.77
773b2df4-1001-4d10-a8f1-89429080c364,41a81e05-c062-4ba0-bb73-4ca73fa262fa,c2e712d4-fa5d-4331-96a6-e1b4233c081b,4.39,58.11
19c07eb5-ba86-4ff8-9bd1-f9f3579c8eb3,3cf8173d-5e5b-4ea5-9351-8967b25222c1,6ceef2d2-1469-48a0-9d65-3453b2d6099a,2.97,41.76
8f462cae-8243-4842-b438-fe89fb405735,3cf8173d-5e5b-4ea5-9351-8967b25222c1,cd421415-e774-4ace-b0dc-d63a85efee9b,2.64,38.49
fa899308-c5ed-404d-9aa0-0cb66fb3da6b,3cf8173d-5e5b-4ea5-9351-8967b25222c1,2cc864b2-ffcd-4cd9-96ea-35cc70b7f01e,1.62,34.73
abd177a6-3266-4232-b274-85ad6e96f46c,3cf8173d-5e5b-4ea5-9351-8967b25222c1,9c684ad3-ee07-4119-a505-2110e78a5f34,2.5,27.35
d34515a4-8553-45a2-a97a-3ee18bd3b2bd,9826c83a-34fa-41ed-80d0-122c2ee31021,48c05eff-6a2c-4517-9f87-23a6d289b906,1.44,33.88
272cfe89-ba79-4312-8948-96e708bcc77c,9826c83a-34fa-41ed-80d0-122c2ee31021,ff6ed914-1af0-4743-a219-3c47dd0455f8,3.98,47.73
70e76a13-6d9a-43a3-addc-1d333237f137,9826c83a-34fa-41ed-80d0-122c2ee31021,36ac1cb7-c55e-46e9-bdbf-67db44692a6b,4.79,47.76
6d3641bd-18ad-4eec-8a84-7af6613758ca,9826c83a-34fa-41ed-80d0-122c2ee31021,9c21e0d1-367d-46e5-8ddf-c5c2e66c5178,1.24,18.53
2b3e6b2e-79c9-4629-8305-7ebe24a823d2,ef5ad98f-4d06-40ab-ae8b-1a9670b7a129,6e1f18a9-7abb-46a0-81bd-8f86711777f3,1.5,34.65
4db9b199-f6f5-47d7-9bdf-178be400cf5d,ef5ad98f-4d06-40ab-ae8b-1a9670b7a129,ff6ed914-1af0-4743-a219-3c47dd0455f8,1.21,47.73
0b2c5425-da29-4f9e-a859-a6d7e394e19f,ef5ad98f-4d06-40ab-ae8b-1a9670b7a129,36ac1cb7-c55e-46e9-bdbf-67db44692a6b,2.74,47.76
e4fa12a3-55b8-4ab3-b878-b0ca233cd17f,ef5ad98f-4d06-40ab-ae8b-1a9670b7a129,6cdd3db3-dda7-490b-a0bf-c17e5da99590,1.17,19.05
e39a29c4-1ea2-499e-ae55-07f4e138c538,c98e34a2-d2c5-477f-99d9-3d885b96deaa,48c05eff-6a2c-4517-9f87-23a6d289b906,3.8,33.88
7825202b-8b80-4299-89d5-2c4ca1d7a830,c98e34a2-d2c5-477f-99d9-3d885b96deaa,ff6ed914-1af0-4743-a219-3c47dd0455f8,1.92,47.73
0915afe2-b8da-463c-b57e-c58dc6b8740c,c98e34a2-d2c5-477f-99d9-3d885b96deaa,36ac1cb7-c55e-46e9-bdbf-67db44692a6b,4.72,47.76
a8726f80-aaa2-44e5-bde3-0b4b52b7c3e1,c98e34a2-d2c5-477f-99d9-3d885b96deaa,3d9f95b7-246a-4a03-b972-3edf5dc69656,1.4,19.45
13b8fe3f-6d05-4af2-bae9-898335a7b4ca,84edddfc-2cae-42dd-9c0b-01db98247ebc,48c05eff-6a2c-4517-9f87-23a6d289b906,3.58,33.88
da03e775-64ab-42d6-8a55-e307b54164a4,84edddfc-2cae-42dd-9c0b-01db98247ebc,ff6ed914-1af0-4743-a219-3c47dd0455f8,4.77,47.73
108cbde4-65eb-4518-a4ef-e03f0beb1fb2,84edddfc-2cae-42dd-9c0b-01db98247ebc,0edf81e8-0f9f-40e2-bfe7-e4b020cccfd2,1.73,86.28
fd2efbaa-192e-4ec2-a9c9-91f8fd9ebc69,84edddfc-2cae-42dd-9c0b-01db98247ebc,037383ef-6b0c-4d21-91c9-e5c324305667,1.85,106.85
9053ee52-78e9-4e93-a0f2-91e6bab47541,84edddfc-2cae-42dd-9c0b-01db98247ebc,3d9f95b7-246a-4a03-b972-3edf5dc69656,1.2,19.45
6d9aa42f-80dd-4d02-bf6c-77ade7df524c,dd722324-e5d9-44a7-bf05-f07861dfc5e0,48c05eff-6a2c-4517-9f87-23a6d289b906,3.97,33.88
0bbad392-cff6-4ddf-b164-18208e357964,dd722324-e5d9-44a7-bf05-f07861dfc5e0,ff6ed914-1af0-4743-a219-3c47dd0455f8,3.6,47.73
be7a5474-d308-466e-88cb-840379312db9,dd722324-e5d9-44a7-bf05-f07861dfc5e0,36ac1cb7-c55e-46e9-bdbf-67db44692a6b,1.52,47.76
01225647-358b-4ca3-92c5-178409a192ad,dd722324-e5d9-44a7-bf05-f07861dfc5e0,9e62c28d-8fc0-432a-b85d-e57755b7a392,1.08,15.82
0f65f94b-2c17-4362-9b65-2d5e052019a3,caf9fdab-6961-4678-82ca-6dce2bd12517,5638747c-cb25-4b64-9d98-851c2db06d60,3.13,43.15
1b5853da-c9b8-48da-ace6-e48497831357,caf9fdab-6961-4678-82ca-6dce2bd12517,ff6ed914-1af0-4743-a219-3c47dd0455f8,3.2,47.73
faa47b00-15ca-4ab3-80f0-c9492bd66589,caf9fdab-6961-4678-82ca-6dce2bd12517,70e90051-397e-40bf-833c-120d977f7445,4.9,42.37
5d70a4fb-440d-41c2-a775-348db6228a31,caf9fdab-6961-4678-82ca-6dce2bd12517,0de12161-675e-4cbb-96b4-0107237dd341,2.26,17.19
b2bc7549-dd45-4e61-8cb8-554992361f94,915bc420-c5ad-4a14-b9ad-57a66d669ab2,c72fff1a-1cca-48c8-8569-0e230d5647fd,2.59,27.88
51774cd9-029f-4fda-ba2e-ab23bdfb85f1,915bc420-c5ad-4a14-b9ad-57a66d669ab2,4cc80ba9-1884-4b13-8df8-b093b3882660,2.98,59.94
34f4a305-641c-4564-8615-781352259de4,915bc420-c5ad-4a14-b9ad-57a66d669ab2,4049d501-b0c1-4269-9ebe-1b50c2150384,4.89,47.67
71d5cb83-d6c9-4dc2-8349-422d13792f7a,915bc420-c5ad-4a14-b9ad-57a66d669ab2,4985cb8a-2526-4b48-9622-96507fd818ac,2.54,63.22
c9dc144e-d5d0-45af-b5f0-0c16375480a8,8f262b62-f5d0-407a-8aa2-251a02e6fe61,0c04e9e0-bb76-47a7-a14d-f2eff4f256d8,2.01,27.65
3e6181b5-11a7-4d02-b100-ef0d0c8b32ec,8f262b62-f5d0-407a-8aa2-251a02e6fe61,f725f521-e54b-4b98-bef4-b645547b1610,2.19,52.62
593ea5b6-9f46-4e89-8d93-c7defec326c1,8f262b62-f5d0-407a-8aa2-251a02e6fe61,9f51b935-07d8-4b4c-8d00-113810aa5770,1.68,46.49
c1a545de-a711-4681-89c8-18618095c2f1,8f262b62-f5d0-407a-8aa2-251a02e6fe61,cc42fd2a-523e-4640-b4b1-35a7abc2ad6e,2.17,70.49
6700193e-197c-48d9-8b9c-bbc79d6c7b1c,6aa2312b-f922-4a85-896f-921b5068f51d,9d200418-2fc9-4275-afd3-387660366ffb,2.27,26.0
0a7ef68b-c1e2-4b67-b2b4-c39ffb35bb68,6aa2312b-f922-4a85-896f-921b5068f51d,15e9cdb5-ab3a-4a67-b1e4-e8a4e2469815,3.89,61.06
a055d806-706e-4c39-8fbd-56d89e5a13c6,6aa2312b-f922-4a85-896f-921b5068f51d,88dc8654-525d-4e13-a1c5-26c467b71fdf,2.18,53.29
98957678-b31d-4ea8-bab0-4216122a694e,6aa2312b-f922-4a85-896f-921b5068f51d,1b3c4a8b-db3c-47a0-bf6c-b07e358e035a,4.3,57.89
d1e34490-23f8-4026-bdc1-c087085f298f,2e12dd24-845c-4439-99d2-9de6c1c482f2,c8ab7e01-9ce6-44bf-9bcc-a325e05802a4,1.82,41.38
7b221587-90fa-484a-83f1-e76765d119e2,2e12dd24-845c-4439-99d2-9de6c1c482f2,ada3490e-9d0d-41c5-b8f6-ee36f232a592,1.62,40.7
112fade0-3023-4fa0-93b6-0907655774e7,2e12dd24-845c-4439-99d2-9de6c1c482f2,9fde5f92-80d6-4098-9f79-62288afa3012,1.59,44.76
a6b55def-7e18-4cb3-862c-a0c3a6e9c65e,2e12dd24-845c-4439-99d2-9de6c1c482f2,c50ff350-8d5c-44a4-b91f-08c8a0a5c99f,1.37,20.16
ad125e8e-f02f-4976-863e-13cf748b930d,795fb6ba-1ee7-49c0-9512-80df4fe62e9f,c8ab7e01-9ce6-44bf-9bcc-a325e05802a4,1.29,41.38
87ade0f8-0223-4f43-9a26-cb80a5903c41,795fb6ba-1ee7-49c0-9512-80df4fe62e9f,ada3490e-9d0d-41c5-b8f6-ee36f232a592,1.4,40.7
a24e93ca-e91b-462a-b50a-f667b0318682,795fb6ba-1ee7-49c0-9512-80df4fe62e9f,10a2f7b5-2629-4dff-b0d1-9d3c4c954908,3.41,72.38
9b08e028-7f96-4269-838e-5dbc5272420a,795fb6ba-1ee7-49c0-9512-80df4fe62e9f,25f04353-3717-43fc-8cda-10082eb64989,4.05,93.79
fd66a085-05bc-4730-841d-93b0ef671b97,795fb6ba-1ee7-49c0-9512-80df4fe62e9f,c50ff350-8d5c-44a4-b91f-08c8a0a5c99f,2.54,20.16
679ac696-aa54-432f-9387-0e1d7426f2d4,795fb6ba-1ee7-49c0-9512-80df4fe62e9f,1b3c4a8b-db3c-47a0-bf6c-b07e358e035a,4.17,57.89
3eec4494-5143-403a-889e-eedbf6ba2929,9686cc56-5cae-437b-bc66-b78bc6c6a1ff,c8ab7e01-9ce6-44bf-9bcc-a325e05802a4,1.62,41.38
575ec661-d2da-40b5-bdd1-2f207d83df12,9686cc56-5cae-437b-bc66-b78bc6c6a1ff,3a552307-6f65-4c3a-a54d-d271c022e93b,3.51,38.15
f64412e2-2cbc-4d84-af1d-2356deeba9e2,9686cc56-5cae-437b-bc66-b78bc6c6a1ff,dc34e374-8390-4aec-9210-3712476ff78f,3.18,81.73
7a0457d8-b95e-40cf-832d-42a47173f63d,9686cc56-5cae-437b-bc66-b78bc6c6a1ff,28e011b1-cf12-42d0-8034-c80656e0c0d5,1.57,112.53
cbf6b0a9-7f7f-4760-a1e4-f4df67fe9c5e,9686cc56-5cae-437b-bc66-b78bc6c6a1ff,c50ff350-8d5c-44a4-b91f-08c8a0a5c99f,1.77,20.16
ed42ae22-7e08-4be0-8212-930a9eb76b14,06dead06-ac94-4d5f-97b8-352f559c650d,af72cf78-266e-4f86-a454-6c44b31ab17c,1.31,32.48
ff7ae997-a332-4023-99f0-e749728c3079,06dead06-ac94-4d5f-97b8-352f559c650d,ff6ed914-1af0-4743-a219-3c47dd0455f8,4.58,47.73
7717417e-3eb2-4cea-b8e6-ad7ead05482a,06dead06-ac94-4d5f-97b8-352f559c650d,48c05eff-6a2c-4517-9f87-23a6d289b906,3.4,33.88
254c1177-176a-42a2-82e3-a07c8be7203a,06dead06-ac94-4d5f-97b8-352f559c650d,ffb35857-5a01-4e4d-b7f3-e4dba8ebcf4b,3.5,47.34
8758e888-2fb9-472a-b470-a248be2b2fe2,06dead06-ac94-4d5f-97b8-352f559c650d,fae9ed8b-df33-4c78-bb32-8de8a0abed79,2.08,73.47
08e44d1d-8f20-4f8f-8579-1fe76bf2b597,b296f773-36da-479c-a72b-891fedc8580c,48c05eff-6a2c-4517-9f87-23a6d289b906,4.26,33.88
d391b456-ca24-48b8-b9cc-a3efa498e6df,b296f773-36da-479c-a72b-891fedc8580c,6d17c338-b0f2-4dbf-b830-b69f9ee86bc7,1.29,25.74
ee4c1359-7e16-4032-8ee7-42e827b10910,b296f773-36da-479c-a72b-891fedc8580c,ffb35857-5a01-4e4d-b7f3-e4dba8ebcf4b,2.41,47.34
c17583c8-db2b-4c5d-8094-bdbd723f647f,21c25483-2a3c-48b2-b110-f35e2a9fcf1d,fbcb63ab-7591-4598-83a2-72cc2ef2c603,2.99,36.27
4632c95a-eafc-4e64-a843-cafb4827c83a,21c25483-2a3c-48b2-b110-f35e2a9fcf1d,ff6ed914-1af0-4743-a219-3c47dd0455f8,2.54,47.73
0c012b46-5feb-434d-9fa2-51368127cc36,21c25483-2a3c-48b2-b110-f35e2a9fcf1d,48c05eff-6a2c-4517-9f87-23a6d289b906,3.81,33.88
3ecab16e-7333-438b-83e2-0f7695f82593,21c25483-2a3c-48b2-b110-f35e2a9fcf1d,ffb35857-5a01-4e4d-b7f3-e4dba8ebcf4b,2.45,47.34
b9dad6f4-9166-47c0-b9ec-1fbad53eba03,21c25483-2a3c-48b2-b110-f35e2a9fcf1d,5047cd9e-3e7c-4353-9a40-985fe62f9d23,4.68,66.91
0625022d-5d96-49e4-86ca-841f90a68de6,ab335575-7305-4fee-a761-cbc09c10f182,d58dced7-cfe0-4214-b87d-2cfb44f0ad65,3.99,42.81
1e562d2a-0d12-4494-989c-e2440b77e01c,ab335575-7305-4fee-a761-cbc09c10f182,84880841-242e-47ad-b889-243a3d69f06a,3.82,34.26
201faec5-f675-4862-9fbe-6eb41450665e,ab335575-7305-4fee-a761-cbc09c10f182,93972ebd-a548-446c-a61e-54abc0d9eb7a,2.49,142.62
e4d3a5a3-a5c5-4323-bd61-ea9c52918725,aacc5d14-a3bd-4892-84e5-fa9843ca735a,0edf81e8-0f9f-40e2-bfe7-e4b020cccfd2,1.6,86.28
6f3361f9-7272-4282-befa-c44f5ddf0b02,aacc5d14-a3bd-4892-84e5-fa9843ca735a,cdbbec30-7793-4d61-884e-57040023b974,3.79,110.8
ac8aefa2-c459-4cd0-88f2-fa61048b4c1c,aacc5d14-a3bd-4892-84e5-fa9843ca735a,1fb51520-9238-438a-b8e4-17a7803354a7,2.78,51.23
d83a3593-9523-4fc1-ae3d-41b1cfbee5d9,aacc5d14-a3bd-4892-84e5-fa9843ca735a,7b4b3a0e-209c-4217-9a40-96053b050f60,1.57,19.54
3872f354-0d8a-45f5-8cc1-43a73f695797,aacc5d14-a3bd-4892-84e5-fa9843ca735a,9c684ad3-ee07-4119-a505-2110e78a5f34,3.42,27.35
efa87dca-88aa-4678-b365-a3ed4202befc,c119f829-990a-43c2-af26-1af30ffa369a,88dc8654-525d-4e13-a1c5-26c467b71fdf,2.69,53.29
f396c165-5653-4276-b9ea-0405b8de9966,c119f829-990a-43c2-af26-1af30ffa369a,265e1ca7-c45b-473b-b818-6c1e60c08a99,3.09,42.37
f92e694a-c402-4a42-a7b0-21ff2decd085,c119f829-990a-43c2-af26-1af30ffa369a,38725919-c9be-41de-a4ce-7ca2b20d2220,2.6,126.54
c2b601e5-b3ce-447d-9aa0-846c7cecb8c0,a5ed4a86-a0f3-46ea-a2e1-c80c99d5a5e1,fd8c9d08-eb21-41d5-9636-2248c81282bf,4.31,89.15
8295e43c-6162-40fc-8332-142ed00ee908,a5ed4a86-a0f3-46ea-a2e1-c80c99d5a5e1,40dc9d92-f58c-4d7d-9147-c68c24af66b3,2.7,108.38
72ebf766-30e5-40b2-bd06-5732cb9ad5fa,a5ed4a86-a0f3-46ea-a2e1-c80c99d5a5e1,1fb51520-9238-438a-b8e4-17a7803354a7,3.41,51.23
2aed3e49-70ad-4f95-a4ba-3a68c4a72ac5,a5ed4a86-a0f3-46ea-a2e1-c80c99d5a5e1,7b4b3a0e-209c-4217-9a40-96053b050f60,1.48,19.54
deabea8e-60a1-4f1d-9ab8-09a80a00323b,8a4a9b90-fefe-444b-808f-0b4ed2c03f66,88dc8654-525d-4e13-a1c5-26c467b71fdf,4.91,53.29
2f2ff9f3-1c24-417b-b883-4a6ec7e65a2e,8a4a9b90-fefe-444b-808f-0b4ed2c03f66,9b60151d-2d71-442a-b900-6cead41b6a44,4.95,37.12
e4f94fe2-b3b3-4d8b-9338-b492ca0b22f3,8a4a9b90-fefe-444b-808f-0b4ed2c03f66,38725919-c9be-41de-a4ce-7ca2b20d2220,4.77,126.54
c5d3a5de-ad5d-4980-b416-5612bf6739a2,84e6d154-0f72-48f6-a6ae-ea902c5f1f04,88dc8654-525d-4e13-a1c5-26c467b71fdf,3.01,53.29
9cea2dbf-709d-484c-ba61-c7839ab3da52,84e6d154-0f72-48f6-a6ae-ea902c5f1f04,93e9ec1b-13b4-4518-96f2-a58b6118ade4,3.35,34.99
e3fbd41f-f60e-440c-a3e5-9dfa483fa708,84e6d154-0f72-48f6-a6ae-ea902c5f1f04,38725919-c9be-41de-a4ce-7ca2b20d2220,2.16,126.54
8af11a4d-10e9-415b-bac6-084a73043a9d,f9244966-3f6c-4c83-9885-ae0417aa796d,a0b08496-a82f-4cd0-be10-3ab342d8be86,2.79,43.76
7e396fd4-e6b1-4ba4-aa7e-fe38b9ebec66,f9244966-3f6c-4c83-9885-ae0417aa796d,9b60151d-2d71-442a-b900-6cead41b6a44,1.16,37.12
f44125b6-d244-445c-85e2-58971b6895f6,f9244966-3f6c-4c83-9885-ae0417aa796d,32c03fc7-af45-4e88-8af6-93a873e81ad5,1.84,120.62
63d1eb18-138f-4acc-acda-a7081c40e50a,cad1ecef-06ff-4a8b-92af-558bf12e0922,0994cb89-90be-4944-806b-eeefe4d6eabb,4.13,41.4
d4fc976d-ab7d-4561-80bc-374977ef2d00,cad1ecef-06ff-4a8b-92af-558bf12e0922,9b60151d-2d71-442a-b900-6cead41b6a44,1.68,37.12
26e8d59a-4b54-45ce-8269-1ee4d418d345,cad1ecef-06ff-4a8b-92af-558bf12e0922,2cc99e1e-63fc-4e40-9cde-50fc6471f804,2.41,131.23
a45d270f-6687-4a3f-b4d1-8f7c2b3356b4,cad1ecef-06ff-4a8b-92af-558bf12e0922,d6793f9d-f087-485a-a0e0-09ea5616fcef,1.52,21.12
7795f12f-9347-4744-8afd-5573c238d3b7,ed6568c1-9d37-447c-aa31-c4eb2d7c3eab,16d265ed-77a0-4a24-afb5-719cba043ada,2.64,47.75
02569497-c69e-4e42-bfea-e206baf69eca,ed6568c1-9d37-447c-aa31-c4eb2d7c3eab,1a485340-f614-4da7-9953-4cbb2f709dc6,2.47,41.07
41378dee-8935-473a-a892-a3e0f671a573,ed6568c1-9d37-447c-aa31-c4eb2d7c3eab,38725919-c9be-41de-a4ce-7ca2b20d2220,1.33,126.54
87a9f36d-66c4-4d0b-a5fd-700c10a8d86c,726ade74-8b41-449a-98e9-f6b1f2efe8d7,acea3378-4bf7-4d40-8a6e-bab5fadc2196,2.5,34.09
e4eb913d-8e83-4a71-adaa-d1d93e2a35d3,726ade74-8b41-449a-98e9-f6b1f2efe8d7,588f8f78-1d77-4989-b8cd-3e0869658448,1.78,25.95
e6a767ad-b0d1-43b6-82b4-23b9f8a3e79b,726ade74-8b41-449a-98e9-f6b1f2efe8d7,8925d13b-14fa-4779-863a-25811e076e6a,2.87,48.81
f1147295-bd93-4f0f-becf-fa29db7f0764,2aa2ab54-5edf-4761-a73e-d3a5511fb47d,3917a229-00ce-4f07-ab63-a7dfc2cd82df,1.68,27.35
5c3813d1-65ac-4adc-a104-e8892c6f2021,2aa2ab54-5edf-4761-a73e-d3a5511fb47d,a9adc9d0-b23e-4e5d-be77-825b68788f9f,1.46,54.16
d8e707c8-7e50-43e6-b831-a28bc3db458e,2aa2ab54-5edf-4761-a73e-d3a5511fb47d,631a1e24-52d6-4900-a14f-f38ab19822d4,1.58,54.85
d53b4a5f-987b-4ff5-8a66-ec4b1fe402bf,183f78b8-f923-4ee1-9b0c-c9abe0626e6f,0c46d491-ceb2-4f60-94c0-c9ee7e6802a3,4.81,97.54
d972e335-4e58-41ad-956d-b552d379237b,183f78b8-f923-4ee1-9b0c-c9abe0626e6f,40dc9d92-f58c-4d7d-9147-c68c24af66b3,1.33,108.38
48277d48-99ac-4f21-8a4d-0359cb969ac5,183f78b8-f923-4ee1-9b0c-c9abe0626e6f,2be07e4c-3dbf-42e5-90c3-26540a177fd1,1.33,47.69
254f46d7-5126-471a-8727-9dab861ed6ab,183f78b8-f923-4ee1-9b0c-c9abe0626e6f,749c4ddf-974f-4931-a100-4225142185fc,2.05,18.26
d729a17f-4fc5-4163-9b91-44a73e390bbe,22c18c23-1e69-48e5-9282-0c9ee14dcf64,3917a229-00ce-4f07-ab63-a7dfc2cd82df,1.96,27.35
baa0dd2e-356c-4486-b39c-9dc5795abdef,22c18c23-1e69-48e5-9282-0c9ee14dcf64,5f7fe85b-a41f-445e-83dd-d16cd8b90fc2,2.42,55.37
f0911a5d-49dd-4ace-b100-fe3b9b82f908,22c18c23-1e69-48e5-9282-0c9ee14dcf64,631a1e24-52d6-4900-a14f-f38ab19822d4,3.24,54.85
a783554e-0db2-4825-824a-03526a991028,c35954fe-244f-450e-8959-9102bee4490a,91cc837c-d604-411e-809c-ace8df152781,3.0,42.04
9643e503-4921-40f3-9f5c-93d6c0095956,c35954fe-244f-450e-8959-9102bee4490a,ff6ed914-1af0-4743-a219-3c47dd0455f8,2.05,47.73
d39f0cde-91ff-46d5-9ae9-fed4b3a59820,c35954fe-244f-450e-8959-9102bee4490a,ca810efa-f2ec-4c94-85c8-746258ad8064,3.54,28.57
02bd94c6-5fda-4e13-ad9e-2c5042b84b8b,e60e9670-e2bd-48bd-b5ee-7f3f3f0c3359,a0b08496-a82f-4cd0-be10-3ab342d8be86,1.84,43.76
f0ff0249-9e66-4aab-86ad-227da3568961,e60e9670-e2bd-48bd-b5ee-7f3f3f0c3359,93e9ec1b-13b4-4518-96f2-a58b6118ade4,2.48,34.99
b9fee9b6-5111-434f-be99-aa6928875765,e60e9670-e2bd-48bd-b5ee-7f3f3f0c3359,2cc99e1e-63fc-4e40-9cde-50fc6471f804,3.01,131.23
ccf2c21e-9661-472c-8047-4ab2a0b1f459,e60e9670-e2bd-48bd-b5ee-7f3f3f0c3359,61994682-174b-47e1-a92b-8d56e543416b,5.0,65.45
6a6e8040-4fdb-4a50-8dce-6cc2d6eafea6,8a93cdad-ca38-4747-a875-37db393c5af9,9e466ab4-0753-45f0-b24d-06ca63637b2d,3.21,34.7
ad022b1f-be83-45a8-ba74-42d94bc6ed42,8a93cdad-ca38-4747-a875-37db393c5af9,ada3490e-9d0d-41c5-b8f6-ee36f232a592,4.38,40.7
3f2e049c-046b-4524-bc27-e52bbd30eb31,8a93cdad-ca38-4747-a875-37db393c5af9,2cc864b2-ffcd-4cd9-96ea-35cc70b7f01e,3.81,34.73
4846cc8e-a883-45a8-a314-1272f648ba2d,e1767f77-74ff-4f6b-b79f-ee8dc2c17b5d,c8ab7e01-9ce6-44bf-9bcc-a325e05802a4,4.71,41.38
43a38b7e-e8f8-4a1c-bdb1-49a1b3ca533f,e1767f77-74ff-4f6b-b79f-ee8dc2c17b5d,ada3490e-9d0d-41c5-b8f6-ee36f232a592,3.67,40.7
2b678101-fb5c-4b04-a3c0-946b255b12cd,e1767f77-74ff-4f6b-b79f-ee8dc2c17b5d,2cc864b2-ffcd-4cd9-96ea-35cc70b7f01e,3.21,34.73
ab9bab3c-1364-401a-9dcd-540b57821c96,d649cebb-9bd8-424a-b0aa-83d31e6e8b55,e9fb161f-634a-44fb-9050-efc22a610c33,2.13,36.77
1c8b3ed4-b3ab-45da-ac78-c2a70c3de6f8,d649cebb-9bd8-424a-b0aa-83d31e6e8b55,3a552307-6f65-4c3a-a54d-d271c022e93b,2.23,38.15
52cf92d1-534b-4ae1-b2ee-105b8f9b85c4,d649cebb-9bd8-424a-b0aa-83d31e6e8b55,1bb87e6c-1ef0-4ba0-9166-0a2eb7a7df7e,1.02,35.66
6a6684b0-0102-453a-83c4-d03b0c50fae9,d649cebb-9bd8-424a-b0aa-83d31e6e8b55,86cea29e-ba3e-4d48-83e6-50fc57051a44,1.61,59.76
f2f3769c-2be2-4b1b-b767-d2455891d4ba,d649cebb-9bd8-424a-b0aa-83d31e6e8b55,dcbedb32-e346-4e18-89ee-3858c173c294,2.27,76.12
2ffc1928-3c1d-4cd8-b44d-ac9282e2577b,68cd49d5-a558-4d53-9968-2be6e85e4a2f,334f6d5d-6c87-46e3-b054-4261bb3ac1e2,4.91,29.75
4b232adf-a679-40d6-9048-11680be34771,68cd49d5-a558-4d53-9968-2be6e85e4a2f,14be1626-52a6-4663-a86f-3e63efc5b7f1,3.07,38.65
16ce8a9c-b157-4998-aaf5-664e09fb8f89,68cd49d5-a558-4d53-9968-2be6e85e4a2f,6e1f18a9-7abb-46a0-81bd-8f86711777f3,3.02,34.65
b61e4bc6-19ef-47c0-bd00-e9bb80cffad9,68cd49d5-a558-4d53-9968-2be6e85e4a2f,58ea5898-e09c-4e6b-81bf-211261419595,4.35,58.74
387221b8-58ff-45a7-b8a9-9c7c7a2536b1,68cd49d5-a558-4d53-9968-2be6e85e4a2f,6d8943b9-0740-4df5-a7a1-5e1755570fc2,1.37,81.28
27501edc-2eba-4869-a848-c9cb4ec997c2,68cd49d5-a558-4d53-9968-2be6e85e4a2f,2be74d63-62ec-47aa-b946-d35f63ed3b81,1.11,61.01
95043d84-6ef7-4e73-bb39-75da82871097,0a3b12e5-fcbe-4046-b271-b6c4e77549b9,e7185a39-0261-4ed3-8614-036ab8432fa2,2.19,27.72
dcc01993-805a-4819-8a50-f4abcfd246ae,0a3b12e5-fcbe-4046-b271-b6c4e77549b9,a30967de-2eeb-4230-9552-7c88ededd081,3.91,42.09
eab92e94-981a-44f8-b300-4d57133b71f4,0a3b12e5-fcbe-4046-b271-b6c4e77549b9,6e1f18a9-7abb-46a0-81bd-8f86711777f3,3.64,34.65
fad1cf2e-b9ae-4418-ade0-e64151c014ff,0a3b12e5-fcbe-4046-b271-b6c4e77549b9,cb60bbbe-2069-47d8-b5e7-b3ea327f47f8,3.55,57.6
ec44a5ba-6b04-44cd-83a2-3494ce238e9d,0a3b12e5-fcbe-4046-b271-b6c4e77549b9,6d8943b9-0740-4df5-a7a1-5e1755570fc2,4.71,81.28
c5dce8a5-8144-47d3-9dfc-a9914080340a,0a3b12e5-fcbe-4046-b271-b6c4e77549b9,ae9fd366-c734-40ed-a400-bcb11499a529,4.58,102.44
b4fdecb7-e1c3-4061-90b1-f399560d0184,e0688c39-d429-4043-b998-019b0eeae2b0,119171e8-3049-4289-a1e6-20156e6d3e20,1.84,41.62
de57da73-212a-4222-9215-c9da38820972,e0688c39-d429-4043-b998-019b0eeae2b0,14be1626-52a6-4663-a86f-3e63efc5b7f1,3.53,38.65
426147c2-b3b9-471e-a014-2ddd6ed74d6c,e0688c39-d429-4043-b998-019b0eeae2b0,276a8aee-f723-43f4-91c4-12ca00eebe1c,1.04,45.98
5cbc2c55-2691-405d-82ce-f58f5447edf1,e0688c39-d429-4043-b998-019b0eeae2b0,431c6fc2-0f8a-4db6-ae8e-8a20bad8a86f,2.71,17.62
5ab0d4cf-368e-4d83-b2ef-1f6375a82351,903ea817-d4cb-4bce-97c2-5ab0f4be1dc5,6e1f18a9-7abb-46a0-81bd-8f86711777f3,3.07,34.65
0e9acb2d-7b98-4444-a386-c4288abace64,903ea817-d4cb-4bce-97c2-5ab0f4be1dc5,0921c244-e74f-43b4-b909-08651f21641e,4.47,37.16
a1a6d9a6-3b18-412a-bea4-2788c625f795,903ea817-d4cb-4bce-97c2-5ab0f4be1dc5,276a8aee-f723-43f4-91c4-12ca00eebe1c,1.55,45.98
710839c8-2ee3-412b-8047-c4b47f77ef0d,903ea817-d4cb-4bce-97c2-5ab0f4be1dc5,300c236a-5cf1-4646-b74a-bd449ed18374,1.54,17.69
e2a4cb5e-0332-4368-bd68-9a7e260df6ba,903ea817-d4cb-4bce-97c2-5ab0f4be1dc5,f44d292e-2536-44e1-8fc6-4f01e4c1a342,3.83,44.94
4d05c672-3747-42d6-96ca-5ebc4c5adb22,d5705a58-1a8c-4202-b043-13a394a3d01c,0031e56a-e740-4991-af49-d3cac14a83eb,4.85,33.43
d4c2de7a-bc23-4808-93d3-b602901e78d1,d5705a58-1a8c-4202-b043-13a394a3d01c,aae46e83-5eca-4bae-83be-d1af00c5cdc0,1.66,37.81
699c32cb-8bba-4226-9b81-8a597c447029,d5705a58-1a8c-4202-b043-13a394a3d01c,f5ecb502-edeb-4f3d-9b76-0d53f2ba0bcf,4.53,36.94
ccec1729-89eb-49dc-8e3c-b0aeef04d5e3,d5705a58-1a8c-4202-b043-13a394a3d01c,cd06b865-9bda-4bc4-aa63-0b5cc0ad3bdb,3.49,49.15
9909ded0-f169-444c-9de8-65b343ef0db4,d5705a58-1a8c-4202-b043-13a394a3d01c,6d8943b9-0740-4df5-a7a1-5e1755570fc2,2.5,81.28
3d6cda8d-b066-4f67-b6bb-4080471c6b31,467017f7-775c-476a-b806-08937042db3c,c72fff1a-1cca-48c8-8569-0e230d5647fd,2.62,27.88
2616f8ad-08cc-42ae-835d-7c6a4952a2c6,467017f7-775c-476a-b806-08937042db3c,267bcafa-37c4-4b02-92c3-b227652497c8,1.29,47.08
db85fb79-e41a-4c90-82ab-cddd592e409f,467017f7-775c-476a-b806-08937042db3c,a0b08496-a82f-4cd0-be10-3ab342d8be86,1.49,43.76
a09f1b06-fede-4817-b94f-596555399858,467017f7-775c-476a-b806-08937042db3c,d24fe122-9118-4ac7-a533-519394afeea2,1.86,71.5
c0cfb9e0-1bb5-493e-9e1a-fbbfc2701e73,9a7d5400-f6d6-4817-a093-3b5c9bd62bac,c72fff1a-1cca-48c8-8569-0e230d5647fd,2.15,27.88
dad1300e-b8b8-4c8d-b5b9-bd34423a0901,9a7d5400-f6d6-4817-a093-3b5c9bd62bac,5f7fe85b-a41f-445e-83dd-d16cd8b90fc2,2.27,55.37
d05dd8a8-1bc8-405f-bce8-0e614d4a0fd2,9a7d5400-f6d6-4817-a093-3b5c9bd62bac,a0b08496-a82f-4cd0-be10-3ab342d8be86,2.99,43.76
7937dd72-6b02-49d6-b5df-5030071852c8,151abcd9-e57e-4278-b97c-0c7a27295273,c72fff1a-1cca-48c8-8569-0e230d5647fd,2.82,27.88
16e2e708-cf06-4fa9-9fc6-e98f0a4d0897,151abcd9-e57e-4278-b97c-0c7a27295273,4cc80ba9-1884-4b13-8df8-b093b3882660,1.15,59.94
f524b617-1818-4ecf-812c-1663d8b4014d,151abcd9-e57e-4278-b97c-0c7a27295273,a0b08496-a82f-4cd0-be10-3ab342d8be86,3.58,43.76
f96682b7-9deb-4011-b1ec-a4e744f07c97,151abcd9-e57e-4278-b97c-0c7a27295273,b8258701-7eba-4efa-be89-1236720808da,4.32,95.26
2fef081f-fee9-4a6c-827c-d96f8e2e8bb0,b75c7ee7-25e3-46fe-a4f4-1271d3d1cf5e,c72fff1a-1cca-48c8-8569-0e230d5647fd,2.39,27.88
47813355-472a-410d-b017-cf9d4da75cdb,b75c7ee7-25e3-46fe-a4f4-1271d3d1cf5e,86cea29e-ba3e-4d48-83e6-50fc57051a44,4.37,59.76
2f09b959-6e82-4ba5-810b-6c4769826a74,b75c7ee7-25e3-46fe-a4f4-1271d3d1cf5e,02c672a6-e5ef-4c2f-be80-d74b4bdda901,1.19,52.64
416eb97f-db95-4f10-9939-f857e8193054,574e13cc-5bee-42af-b200-f69a6cc153e8,c72fff1a-1cca-48c8-8569-0e230d5647fd,1.22,27.88
a0583436-c3f1-4601-bb70-e5abbd41bcd7,574e13cc-5bee-42af-b200-f69a6cc153e8,8925d13b-14fa-4779-863a-25811e076e6a,3.75,48.81
02695cb7-f4af-4690-aa96-36a6f5c58093,574e13cc-5bee-42af-b200-f69a6cc153e8,02c672a6-e5ef-4c2f-be80-d74b4bdda901,4.7,52.64
c58eb008-2418-46f5-a475-c2470fc77e5e,574e13cc-5bee-42af-b200-f69a6cc153e8,644cb430-839e-4d94-abc5-2aefa812d87c,4.45,26.86
53633283-3da9-42b7-a687-920cfe8889fb,15e2cc81-e9b4-4432-be43-6456154d9cf8,1bb87e6c-1ef0-4ba0-9166-0a2eb7a7df7e,1.37,35.66
cdc34389-a553-4354-a36d-663ce8b381e2,15e2cc81-e9b4-4432-be43-6456154d9cf8,cd421415-e774-4ace-b0dc-d63a85efee9b,3.23,38.49
4e560605-94cf-4ea7-bc9b-db3bdbc1b926,15e2cc81-e9b4-4432-be43-6456154d9cf8,01cc7f23-cad4-4c40-a54b-fae6740f8e23,3.78,85.06
93126b24-3348-4606-887e-473dfcfce1ef,15e2cc81-e9b4-4432-be43-6456154d9cf8,40dc9d92-f58c-4d7d-9147-c68c24af66b3,1.05,108.38
0b154e8e-a27c-42a2-8058-0ef9e390dd79,15e2cc81-e9b4-4432-be43-6456154d9cf8,9343e411-1342-4af6-b84c-49ab26ee23f0,1.98,17.66
b3e0ecaa-4d7c-41d7-b873-4f3796fba9f4,0aebca87-7f80-4e18-b59b-9a703941dc0e,631a1e24-52d6-4900-a14f-f38ab19822d4,2.54,54.85
d75bb173-1291-4f2f-82d8-b5105c6d95b5,0aebca87-7f80-4e18-b59b-9a703941dc0e,9b60151d-2d71-442a-b900-6cead41b6a44,3.05,37.12
23859139-0c4b-4c2b-9b96-92700975ac53,0aebca87-7f80-4e18-b59b-9a703941dc0e,32c03fc7-af45-4e88-8af6-93a873e81ad5,1.27,120.62
2bc634e1-daed-4dc6-af59-5586189cdce0,0aebca87-7f80-4e18-b59b-9a703941dc0e,ae9fd366-c734-40ed-a400-bcb11499a529,4.81,102.44
2edc6d08-6cbe-4541-835d-117ee7b6bbf8,0247eeba-bf41-42f7-9e31-c837e57cd1f0,631a1e24-52d6-4900-a14f-f38ab19822d4,2.41,54.85
d7da02a5-94f3-47b7-85fc-5e0c428c2944,0247eeba-bf41-42f7-9e31-c837e57cd1f0,3fb4e8d6-0eb4-427b-bc00-84dd6f15806c,1.34,42.19
091c8daa-a9c7-450d-8603-197df761b0f6,0247eeba-bf41-42f7-9e31-c837e57cd1f0,d9e5f240-1361-45c1-8b4b-b95f01f4c109,2.59,149.05
6d96f313-3017-4a55-b62c-32cb9866206e,0247eeba-bf41-42f7-9e31-c837e57cd1f0,5be7f0f5-1d12-45f3-b308-f664330e8da7,1.21,94.17
3f5ee454-825d-4933-bb9d-3dbbde2d67a2,29697adf-c1a8-44be-b9c1-5024db2eec4a,631a1e24-52d6-4900-a14f-f38ab19822d4,3.12,54.85
d021c93c-6960-4a48-8362-4bedf390babf,29697adf-c1a8-44be-b9c1-5024db2eec4a,600ad2a1-c479-41cb-ae59-1f480c14eca6,1.44,40.88
1901cb1b-5ce2-4e9e-b3bb-39699913a2ac,29697adf-c1a8-44be-b9c1-5024db2eec4a,32c03fc7-af45-4e88-8af6-93a873e81ad5,4.84,120.62
125acf86-4bef-43c0-bf05-c6048b12a651,33404f44-0b0f-4d8d-a483-033e9840c2d4,e7185a39-0261-4ed3-8614-036ab8432fa2,3.94,27.72
bce2f59e-52b7-4010-96e9-7b822a838a1a,33404f44-0b0f-4d8d-a483-033e9840c2d4,3a552307-6f65-4c3a-a54d-d271c022e93b,2.98,38.15
2e4fc3d5-55d6-4e62-b9ab-d08ced58a8d2,33404f44-0b0f-4d8d-a483-033e9840c2d4,90d08764-413b-4792-ac7f-41915db7fab3,2.15,40.94
b67c07a7-78c3-4217-a8d2-47782cbd6372,33404f44-0b0f-4d8d-a483-033e9840c2d4,cb60bbbe-2069-47d8-b5e7-b3ea327f47f8,1.38,57.6
4807f81b-74b5-4aa9-9f3e-b9756fd516f8,33404f44-0b0f-4d8d-a483-033e9840c2d4,a6f0bc98-cd3d-4600-aa52-1551395a9aee,3.96,83.88
b8e73c04-a094-40fc-b5d7-55d53c19691c,33404f44-0b0f-4d8d-a483-033e9840c2d4,a4ef8596-5999-4b27-a3fe-44558bcaa2df,2.26,74.5
54af60c4-e64a-47f7-b1e6-96e04aa0309e,423e40a1-890b-4e79-8e81-cdf0b23f86ee,5b8c6336-1da2-4e93-a5fb-3781c59c29bb,4.53,39.44
3de1f604-f9cb-40ad-9d6e-52a81070d81f,423e40a1-890b-4e79-8e81-cdf0b23f86ee,b4c436be-f3b0-415f-bf41-4043d721bf73,2.19,23.38
c38959a7-f169-45de-bd78-bfeb8c6c004a,423e40a1-890b-4e79-8e81-cdf0b23f86ee,ef03f9f5-d4ae-43ae-9c98-2b1ac1e2bf87,1.0,60.6
8b9f4994-c00f-487b-be36-9a36911dacb8,c943d1dc-5781-4870-9cfc-aedd12aa3435,798ae4e6-fad9-4806-8971-c892a9483220,2.22,27.32
c2c5e7a3-f3b3-4a2d-92fa-e32df3c8a635,c943d1dc-5781-4870-9cfc-aedd12aa3435,fc99c491-28ac-40fc-bd3b-edf6d3a3588b,2.96,44.42
142934f3-4f65-457c-9bc3-dfdbbc032eec,c943d1dc-5781-4870-9cfc-aedd12aa3435,90d08764-413b-4792-ac7f-41915db7fab3,2.95,40.94
94cd21e4-bea9-4bf7-86a1-e5d9a267b00d,c943d1dc-5781-4870-9cfc-aedd12aa3435,cb60bbbe-2069-47d8-b5e7-b3ea327f47f8,4.31,57.6
33aefc95-01ac-4e26-84be-c0c6ba7f2130,c943d1dc-5781-4870-9cfc-aedd12aa3435,b28cb93f-5655-4e05-ab35-b46ab2e434bc,1.45,76.47
c66dbd06-f0c1-4465-b1c2-8b10d9248681,d8f1f3de-5550-4d9a-a1bb-b58035a9461c,03a12456-7dd7-4331-bc0e-492c739b4247,2.44,31.86
d1489f29-6a12-4967-9b37-b2c8e7c15724,d8f1f3de-5550-4d9a-a1bb-b58035a9461c,0921c244-e74f-43b4-b909-08651f21641e,4.68,37.16
ed04e1e9-2692-4bbb-bf57-cec17ca0f716,d8f1f3de-5550-4d9a-a1bb-b58035a9461c,5b8c6336-1da2-4e93-a5fb-3781c59c29bb,4.51,39.44
4b8fe4eb-5df7-4f3b-b92e-fff52535b5b2,d8f1f3de-5550-4d9a-a1bb-b58035a9461c,8925d13b-14fa-4779-863a-25811e076e6a,4.95,48.81
7de4c267-a267-4027-9693-e9a0195da34e,d8f1f3de-5550-4d9a-a1bb-b58035a9461c,b28cb93f-5655-4e05-ab35-b46ab2e434bc,4.55,76.47
129567f0-6e6d-4149-a8d1-cf3df55388f2,d8f1f3de-5550-4d9a-a1bb-b58035a9461c,27b7bd08-eb19-4d34-8cc6-3e49ea12d010,4.78,99.73
ffd1bb1c-71fe-4d74-872e-3f92ce014ab2,e54c8389-9317-4d08-9b2a-021fbd3b4afb,48c05eff-6a2c-4517-9f87-23a6d289b906,3.0,33.88
c6fc2624-c83b-41fc-a71b-011724cccf3b,e54c8389-9317-4d08-9b2a-021fbd3b4afb,ff6ed914-1af0-4743-a219-3c47dd0455f8,3.09,47.73
b1b48b00-faf6-46d8-b560-3df1a7d3c882,e54c8389-9317-4d08-9b2a-021fbd3b4afb,fbcb63ab-7591-4598-83a2-72cc2ef2c603,3.66,36.27
88321c9d-722d-4dfd-8c32-fa50be3e1f5d,e54c8389-9317-4d08-9b2a-021fbd3b4afb,ae9fd366-c734-40ed-a400-bcb11499a529,1.26,102.44
e71cdb3a-cbc6-4121-85af-8bd566f4046f,47393b39-27b0-4451-8423-8d99553a6854,48c05eff-6a2c-4517-9f87-23a6d289b906,1.2,33.88
41b6d193-5429-4796-9d59-9c96f25fef95,47393b39-27b0-4451-8423-8d99553a6854,c2baad76-3877-4321-9e02-47d4f8e4cc46,4.81,46.61
553e0205-f567-485b-aa59-88641d757c50,47393b39-27b0-4451-8423-8d99553a6854,ca810efa-f2ec-4c94-85c8-746258ad8064,4.98,28.57
e8b50e87-4c7e-4c82-b4a0-dd2a916cff61,47393b39-27b0-4451-8423-8d99553a6854,02e5b404-20cc-418d-a7b0-36017ac6406e,4.67,103.06
5f2ff038-a90a-41ec-9855-93f1ed05f5f1,e59fa9c1-80b4-499a-864d-c9a0c603c091,acea3378-4bf7-4d40-8a6e-bab5fadc2196,3.39,34.09
460e74f8-5cd0-446e-85c6-99b7a495cd47,e59fa9c1-80b4-499a-864d-c9a0c603c091,ff6ed914-1af0-4743-a219-3c47dd0455f8,4.22,47.73
46c738b1-11cd-4f66-a3bc-56f8b00c9cd6,e59fa9c1-80b4-499a-864d-c9a0c603c091,e13af574-1a3d-4d74-a9d2-fcc42f75a927,2.0,30.28
02d06909-d864-477f-983d-5d48ab581e86,52cb1fe9-c4c0-4306-8aba-8b878dec426a,16d265ed-77a0-4a24-afb5-719cba043ada,1.38,47.75
3b6563d8-cb8a-4c34-8e69-33e7c3edca30,52cb1fe9-c4c0-4306-8aba-8b878dec426a,84880841-242e-47ad-b889-243a3d69f06a,2.25,34.26
6b7a8c30-862e-4391-ae82-8426b429aa65,52cb1fe9-c4c0-4306-8aba-8b878dec426a,93972ebd-a548-446c-a61e-54abc0d9eb7a,2.42,142.62
995f1b04-2b48-4305-8a52-f9425a4b8bb1,74fa0611-c41c-47bc-8c74-a446e3e4fc79,0994cb89-90be-4944-806b-eeefe4d6eabb,1.97,41.4
47a8006f-2c81-4a10-a368-7e0aa95165b2,74fa0611-c41c-47bc-8c74-a446e3e4fc79,91c9927e-dbc0-4857-b3b3-487f7a5adc1d,3.48,35.04
ccfd1b5f-47a8-42eb-92d4-65976b82eb36,74fa0611-c41c-47bc-8c74-a446e3e4fc79,a7290bdd-22fb-4a4d-a4a4-c2bf75c7ab09,4.02,122.31
40df8f8a-5f47-46e4-9d19-6c58c970f779,f1a21c17-08ff-454b-a460-4ec026b6092c,54e68afd-8558-4ef5-85a1-3e2ff3b0d76a,3.26,28.68
b688bc70-d64e-4c09-a194-0ba03f4c7176,f1a21c17-08ff-454b-a460-4ec026b6092c,590e80bb-af16-404a-9e65-c9a5fb7cd1dd,1.49,35.71
406a44c2-9d5f-4357-8a5f-101965bc5548,f1a21c17-08ff-454b-a460-4ec026b6092c,90d08764-413b-4792-ac7f-41915db7fab3,1.21,40.94
7f2e951e-9a3b-45fc-9d3d-320c87dad9a5,f1a21c17-08ff-454b-a460-4ec026b6092c,a9adc9d0-b23e-4e5d-be77-825b68788f9f,3.25,54.16
1608e4c6-0726-4512-8a9f-3c2a05ac80fd,f1a21c17-08ff-454b-a460-4ec026b6092c,c9093b22-8d92-453a-a21a-e917e2a5f225,2.2,70.82
06cbffb4-87e0-4866-8059-70f266a21616,f1a21c17-08ff-454b-a460-4ec026b6092c,104009cc-da4b-4dee-a460-f070c98af59a,4.22,25.8
a83b22d3-36cf-4051-a66d-518578ec40d7,0615e5a2-37a8-42c6-aeb3-8585e8cb5179,5b8c6336-1da2-4e93-a5fb-3781c59c29bb,1.1,39.44
0fe3bd3d-e12a-4e28-8d58-686c64aefb2a,0615e5a2-37a8-42c6-aeb3-8585e8cb5179,b4c436be-f3b0-415f-bf41-4043d721bf73,1.6,23.38
bfd890fd-9989-4b15-8062-a6e3225e5f39,0615e5a2-37a8-42c6-aeb3-8585e8cb5179,6fcc34f9-1490-4c70-ae89-f338a3157ec6,4.28,50.74
706d4f94-6ebc-4b09-9ba9-130382eafa46,a6465aa0-b88f-4c3a-b90f-228df5afa56a,e7185a39-0261-4ed3-8614-036ab8432fa2,1.68,27.72
e31363ad-3151-4489-91be-479564b1b09e,a6465aa0-b88f-4c3a-b90f-228df5afa56a,0921c244-e74f-43b4-b909-08651f21641e,2.9,37.16
9504735f-8948-4150-b514-d5bf2bf04623,a6465aa0-b88f-4c3a-b90f-228df5afa56a,f7bc89a4-3acf-4f49-af2d-c878fc6e6f45,2.97,35.19
7d8424ac-c351-4584-8726-f9e240535b37,a6465aa0-b88f-4c3a-b90f-228df5afa56a,4cc80ba9-1884-4b13-8df8-b093b3882660,2.54,59.94
65956f56-09da-42c5-88e8-4415cf1a75d9,a6465aa0-b88f-4c3a-b90f-228df5afa56a,b28cb93f-5655-4e05-ab35-b46ab2e434bc,1.59,76.47
1c401aae-4c43-4fe6-876e-afa169934531,6ebdd573-56fe-4d54-989d-e4c57cffa8e5,48c05eff-6a2c-4517-9f87-23a6d289b906,4.85,33.88
bca46c6e-7d30-447d-9c44-57dfcb54a3dc,6ebdd573-56fe-4d54-989d-e4c57cffa8e5,a25999f5-62a0-4f6a-9365-8884d42cb059,1.02,28.05
1861d8ba-9911-4b4c-b774-6179761b6e05,6ebdd573-56fe-4d54-989d-e4c57cffa8e5,f725f521-e54b-4b98-bef4-b645547b1610,4.42,52.62
b1e18a02-7db3-4adf-9009-dafcd6867adc,6ebdd573-56fe-4d54-989d-e4c57cffa8e5,37de3597-b603-4c63-8ff2-99e7384b7a13,3.05,73.83
6ab869ac-20af-418e-8810-a5d9e2c2bfa4,ff8b1078-0f97-4088-89be-6ab70ee199b3,119171e8-3049-4289-a1e6-20156e6d3e20,4.66,41.62
cd80c1da-11c1-4b89-9563-e4915c9b52a0,ff8b1078-0f97-4088-89be-6ab70ee199b3,39dac036-1cbb-41e3-9550-b0ec6a31b6eb,2.21,28.69
f5182ecd-7e1d-4504-b8fe-65850a9e71d6,ff8b1078-0f97-4088-89be-6ab70ee199b3,f725f521-e54b-4b98-bef4-b645547b1610,4.1,52.62
d216dcb8-3939-417d-875c-af5f48ba3848,d8b96bd4-00a9-4a00-a4be-c74f116e6697,90d08764-413b-4792-ac7f-41915db7fab3,1.64,40.94
5b5471cc-5b4d-418c-94ed-27275d39c0de,d8b96bd4-00a9-4a00-a4be-c74f116e6697,3a50c212-b6a5-4a68-8319-9c27735e8d16,1.95,26.39
b1db07b7-b49a-4478-b740-bbef33bc7aaa,d8b96bd4-00a9-4a00-a4be-c74f116e6697,0f8ffc1d-42dd-4b60-a223-644c0eb7d1c4,1.42,62.63
567a5546-532f-4ef0-8c53-4a7ed911914d,a110b5c3-9346-44ba-8367-89db15268050,0c46d491-ceb2-4f60-94c0-c9ee7e6802a3,4.69,97.54
629df73d-9707-4e5d-85c9-d702419a185f,a110b5c3-9346-44ba-8367-89db15268050,43feb303-a583-451a-bf7d-b766f4a40b12,1.53,112.1
bf928f92-ced4-494c-8c2b-8e7d17b41c6f,a110b5c3-9346-44ba-8367-89db15268050,70e90051-397e-40bf-833c-120d977f7445,1.8,42.37
b871ff70-a314-436a-8db3-116e8dea855c,a110b5c3-9346-44ba-8367-89db15268050,749c4ddf-974f-4931-a100-4225142185fc,1.45,18.26
3976c801-46bb-4416-962a-04bb330f3fcc,1d140449-e58c-4de9-9c38-ae967ef5743f,10a2f7b5-2629-4dff-b0d1-9d3c4c954908,2.44,72.38
7350a219-aaca-41c1-95e5-c125c0755e4e,1d140449-e58c-4de9-9c38-ae967ef5743f,40dc9d92-f58c-4d7d-9147-c68c24af66b3,2.36,108.38
94e86060-04a3-4da1-87f2-4ca5378dd616,1d140449-e58c-4de9-9c38-ae967ef5743f,dcc92c40-ca3b-40c8-9cbf-72290ee7e3a0,2.98,39.11
9e60bd68-f98f-46a8-aaab-55c92864e1cb,1d140449-e58c-4de9-9c38-ae967ef5743f,749c4ddf-974f-4931-a100-4225142185fc,2.0,18.26
1d1b0461-ae6c-497e-975a-ef8955162828,3778f970-74c0-4d67-9be0-74cada8320c0,3d4ce172-6260-4dfa-9af8-74eeb46f6ae1,1.4,80.22
ae9acd3a-d485-422d-9ab5-401d41739248,3778f970-74c0-4d67-9be0-74cada8320c0,40dc9d92-f58c-4d7d-9147-c68c24af66b3,1.09,108.38
12963ba0-49c8-4ff9-bcec-c6c9f3ce4783,3778f970-74c0-4d67-9be0-74cada8320c0,f9d76a86-af1e-436b-ba84-54d2e8a3573e,4.69,42.01
5cf39724-10dd-4e83-9ce3-0de10310c06e,3778f970-74c0-4d67-9be0-74cada8320c0,10f05ff2-ae9e-42f6-9878-a22a6ac8d86c,2.74,16.94
b33249c9-4104-4260-a1f8-3135488343aa,aa565149-bae7-4338-8425-aae1906afb0f,0c46d491-ceb2-4f60-94c0-c9ee7e6802a3,3.33,97.54
f129b9b5-8cfe-4caf-82ef-84a0853dbbfb,aa565149-bae7-4338-8425-aae1906afb0f,40dc9d92-f58c-4d7d-9147-c68c24af66b3,1.12,108.38
aaa24812-3812-4356-8dac-29db0d10b579,aa565149-bae7-4338-8425-aae1906afb0f,cb56deaa-8d41-4adc-8a3f-3bdf869aed1e,1.8,47.21
e1979b3c-dfe5-46a3-94b0-c50ad808c745,aa565149-bae7-4338-8425-aae1906afb0f,300c236a-5cf1-4646-b74a-bd449ed18374,2.09,17.69
46fb625a-480d-490b-9359-3c65edb5813e,6a5a5a5e-120c-4a52-a67d-41f900e0f8f7,75b6ac0e-4dbc-44ea-9955-7a0b349e0bb4,4.8,36.31
4d433355-6bb0-4b9c-89be-20a4bc06bed1,6a5a5a5e-120c-4a52-a67d-41f900e0f8f7,aae46e83-5eca-4bae-83be-d1af00c5cdc0,4.55,37.81
97d9f6f5-1b9c-4fed-8af0-5cc78d1cd5fa,6a5a5a5e-120c-4a52-a67d-41f900e0f8f7,91cc837c-d604-411e-809c-ace8df152781,2.08,42.04
47e7df4e-1eef-40f2-af3e-fbd56ab5a696,6a5a5a5e-120c-4a52-a67d-41f900e0f8f7,a9adc9d0-b23e-4e5d-be77-825b68788f9f,3.6,54.16
6cdf25e4-33ee-4ac2-bc01-9c0996a88fb7,6a5a5a5e-120c-4a52-a67d-41f900e0f8f7,5047cd9e-3e7c-4353-9a40-985fe62f9d23,1.09,66.91
58435e5a-555e-4bd8-bcc2-e1e94746161b,24274a9e-2eb3-4fb8-9760-d2e0526d2664,e8e1f6be-df4b-472a-b946-31dfbfb43dd2,2.75,41.2
6bc7a6ad-27e0-43a7-a5cf-6e0c0736ec54,24274a9e-2eb3-4fb8-9760-d2e0526d2664,cd421415-e774-4ace-b0dc-d63a85efee9b,2.41,38.49
6683f85d-56e2-4dd2-9978-e265ff54e37f,24274a9e-2eb3-4fb8-9760-d2e0526d2664,d848e305-da92-42ae-a09b-220a4628adde,1.95,34.82
eb7589af-2cb7-4c19-adf4-5b14559c6e5e,24274a9e-2eb3-4fb8-9760-d2e0526d2664,2fd004c8-0a2f-4ef5-a7d2-64e91931e920,1.91,80.82
10bb2355-2ba2-466d-b5e0-7434bc4f924f,d34837d5-cca3-4e3b-8faf-4095b3249d62,04f54342-120a-43fa-9062-b8d0771ca8a7,1.17,41.13
239e807b-7d07-457d-9247-7204be665086,d34837d5-cca3-4e3b-8faf-4095b3249d62,a30967de-2eeb-4230-9552-7c88ededd081,4.99,42.09
f7a9b3dc-f961-4454-95fa-b583f43ab5b1,d34837d5-cca3-4e3b-8faf-4095b3249d62,478565a6-134b-43e0-99c5-454f4ff7cbf0,3.63,91.55
07fa393d-a00e-48a6-a035-2aa06c7f7cb5,d34837d5-cca3-4e3b-8faf-4095b3249d62,ccc17542-0192-4e15-82a8-2224b628efab,2.98,100.9
d384397f-9d3b-4345-9eb4-59283acdc3cb,d34837d5-cca3-4e3b-8faf-4095b3249d62,431c6fc2-0f8a-4db6-ae8e-8a20bad8a86f,2.8,17.62
fe1cc6ef-6b0b-4ea9-93d1-b78faf7c1406,d34837d5-cca3-4e3b-8faf-4095b3249d62,d6793f9d-f087-485a-a0e0-09ea5616fcef,2.43,21.12
949d328c-33b6-4399-8607-8f667cf721fc,1f86d66f-48f2-447b-8a0d-497413715b70,04f54342-120a-43fa-9062-b8d0771ca8a7,3.82,41.13
e314c8a8-ca3b-4ac7-b49a-84437f913596,1f86d66f-48f2-447b-8a0d-497413715b70,ef1edfc3-47b7-4fd4-83d6-8e411458ec16,4.65,35.81
1d5de6c4-1da6-49fe-8f39-241b500caa07,1f86d66f-48f2-447b-8a0d-497413715b70,e9fb161f-634a-44fb-9050-efc22a610c33,1.92,36.77
4334eb30-fad2-4425-a2c2-b1abd5cf9cca,1f86d66f-48f2-447b-8a0d-497413715b70,61994682-174b-47e1-a92b-8d56e543416b,3.9,65.45
8a304abc-ed0b-492d-899a-95b3afe89e53,35c072bf-917c-4ebb-a294-4d8527ccc2bf,04f54342-120a-43fa-9062-b8d0771ca8a7,2.2,41.13
acc7893b-fc8b-4d63-bca9-3e279af93437,35c072bf-917c-4ebb-a294-4d8527ccc2bf,590e80bb-af16-404a-9e65-c9a5fb7cd1dd,2.12,35.71
ffb4dcb9-5842-48aa-9e84-dc2732181085,35c072bf-917c-4ebb-a294-4d8527ccc2bf,73ba2336-7a3c-47ec-af09-dc36f47b00fc,1.08,93.05
489ef50b-d5fd-4268-bab9-0302cea12773,35c072bf-917c-4ebb-a294-4d8527ccc2bf,d5474396-93fa-4ca5-9ce7-c2637eb3b02b,1.18,126.37
57ea848f-9a9f-45d9-86d2-568588add43f,35c072bf-917c-4ebb-a294-4d8527ccc2bf,c6914581-923c-445a-9f9c-eaf0ec5a2c33,2.06,17.46
ce9cb25b-9ff3-4ad0-959d-c83dd47fc2bd,35c072bf-917c-4ebb-a294-4d8527ccc2bf,3f85cf21-51b3-4ff1-bcb6-e1e762386094,2.08,21.94
85a15323-a287-4ad6-951c-39637f9e9fb9,43a54b0e-0bcb-4354-97cc-95f9b4f94655,f5ecb502-edeb-4f3d-9b76-0d53f2ba0bcf,4.46,36.94
09753808-c657-4458-8fcc-96ad6be4e864,43a54b0e-0bcb-4354-97cc-95f9b4f94655,590e80bb-af16-404a-9e65-c9a5fb7cd1dd,4.23,35.71
2275073e-5866-48c7-9ea4-8debe908652a,43a54b0e-0bcb-4354-97cc-95f9b4f94655,3d4ce172-6260-4dfa-9af8-74eeb46f6ae1,4.43,80.22
371613fb-b60d-458a-a699-27c0576373f0,43a54b0e-0bcb-4354-97cc-95f9b4f94655,d5474396-93fa-4ca5-9ce7-c2637eb3b02b,2.7,126.37
1003a8a9-9a38-44b6-9892-6909d6aab0d1,43a54b0e-0bcb-4354-97cc-95f9b4f94655,9c21e0d1-367d-46e5-8ddf-c5c2e66c5178,1.33,18.53
16695648-bda5-445b-baaa-413ee291b9c1,9e0abb5e-97b8-457c-9fba-67e030975266,acea3378-4bf7-4d40-8a6e-bab5fadc2196,2.35,34.09
c624d71c-1f46-4469-98bb-28a82e99345f,9e0abb5e-97b8-457c-9fba-67e030975266,3a552307-6f65-4c3a-a54d-d271c022e93b,2.45,38.15
58922ef9-34f2-4421-9623-19a471c1d210,9e0abb5e-97b8-457c-9fba-67e030975266,2afaf5f3-0c2f-43fa-9e3d-c2b394605f1a,4.24,74.62
bea77753-8058-4347-b9d7-07518d59cf49,9e0abb5e-97b8-457c-9fba-67e030975266,c550a097-fe9a-4708-a8de-917d87890596,2.23,111.72
66abca0a-7157-41c8-b2c5-20cbab7024a9,9e0abb5e-97b8-457c-9fba-67e030975266,749c4ddf-974f-4931-a100-4225142185fc,1.89,18.26
4b9eb962-e551-49c2-9726-b91b7d001e8e,ce46bb7b-6bc6-43c4-b9e5-18ef922ed0ae,f7bc89a4-3acf-4f49-af2d-c878fc6e6f45,4.76,35.19
47ac0416-faca-45ee-8041-183fdfa115ca,ce46bb7b-6bc6-43c4-b9e5-18ef922ed0ae,14be1626-52a6-4663-a86f-3e63efc5b7f1,4.81,38.65
8b57d4b6-1436-4cae-9950-3425fd2f86c7,ce46bb7b-6bc6-43c4-b9e5-18ef922ed0ae,70e90051-397e-40bf-833c-120d977f7445,2.04,42.37
ad2df5b6-57cb-4afe-9c19-45e9bc013328,ce46bb7b-6bc6-43c4-b9e5-18ef922ed0ae,c6914581-923c-445a-9f9c-eaf0ec5a2c33,1.29,17.46
f1c77f1e-a7a0-49fe-b291-54a89272b66b,5d7bb3da-7b45-44e3-a9c8-fdf851b71be2,5ac74607-116b-439d-bc3c-14d60fbbf3c9,3.87,41.06
fb194b94-bef8-4cfa-bb91-c4709505b356,5d7bb3da-7b45-44e3-a9c8-fdf851b71be2,3a552307-6f65-4c3a-a54d-d271c022e93b,4.9,38.15
d240b224-419e-4e7f-8571-113e1de97027,5d7bb3da-7b45-44e3-a9c8-fdf851b71be2,9fde5f92-80d6-4098-9f79-62288afa3012,3.16,44.76
bf73901d-6c22-408c-8a06-0bbf6cb3332f,5d7bb3da-7b45-44e3-a9c8-fdf851b71be2,c6914581-923c-445a-9f9c-eaf0ec5a2c33,1.15,17.46
15e09058-6c7c-43b1-a994-50a21cda4423,20b479ce-3717-4851-8443-efbc33aea7c3,acea3378-4bf7-4d40-8a6e-bab5fadc2196,1.57,34.09
aa99bf81-4408-403f-83b8-00693ffa20d0,20b479ce-3717-4851-8443-efbc33aea7c3,cd421415-e774-4ace-b0dc-d63a85efee9b,2.34,38.49
cabb428f-fe7f-45c2-a59e-349e06f6b972,20b479ce-3717-4851-8443-efbc33aea7c3,af0f56de-c9ad-4e77-9616-63f500df272d,4.77,42.09
e67875cd-f075-48d3-a9a7-2ec812879179,20b479ce-3717-4851-8443-efbc33aea7c3,c6914581-923c-445a-9f9c-eaf0ec5a2c33,1.09,17.46
04d7a888-4d03-4156-ba6c-28abcad42589,a0b32f57-576c-4803-bd9e-2e7c357ffb3c,fd8c9d08-eb21-41d5-9636-2248c81282bf,4.32,89.15
357849a3-afbd-44dd-875b-a7b781429f0f,a0b32f57-576c-4803-bd9e-2e7c357ffb3c,f001e0a4-8020-4880-8626-0a0c1e822852,2.52,104.44
eea65f70-f558-435b-8a01-261cd2d6ce36,a0b32f57-576c-4803-bd9e-2e7c357ffb3c,70e90051-397e-40bf-833c-120d977f7445,4.83,42.37
2739b968-a27c-4f9c-a886-4e1679819dfd,a0b32f57-576c-4803-bd9e-2e7c357ffb3c,c6914581-923c-445a-9f9c-eaf0ec5a2c33,2.08,17.46
15b327ba-14c2-4a4a-8989-75458a780a6c,346c215b-e492-4f6f-b0b2-76805b976551,3a50c212-b6a5-4a68-8319-9c27735e8d16,2.82,26.39
a40d0b5c-5585-4d33-b68a-f620d3a5b0bd,346c215b-e492-4f6f-b0b2-76805b976551,028a6f74-cbb2-4589-8fa2-ca3fba159ad4,1.92,56.2
28b7cd3e-058a-4fc1-9028-0810ed4b6088,346c215b-e492-4f6f-b0b2-76805b976551,9f51b935-07d8-4b4c-8d00-113810aa5770,3.77,46.49
f36c0e17-0fae-4549-87e2-adcc512179a5,b70c1fbf-7421-424d-a8e5-804338c4e9cf,588f8f78-1d77-4989-b8cd-3e0869658448,2.14,25.95
9ddb5b4d-3c7b-411d-8d4b-2cadf356d1d6,b70c1fbf-7421-424d-a8e5-804338c4e9cf,a9adc9d0-b23e-4e5d-be77-825b68788f9f,4.7,54.16
38d023c2-850d-4184-b523-47b9cededde8,b70c1fbf-7421-424d-a8e5-804338c4e9cf,16d265ed-77a0-4a24-afb5-719cba043ada,3.7,47.75
a309f005-7866-4e42-b01f-d596ba9434dc,b70c1fbf-7421-424d-a8e5-804338c4e9cf,b784d501-caa1-4dbd-baa2-881e03e8d313,2.37,28.81
94142158-d513-416f-b201-588c91d6278f,384f2651-0401-4392-ade3-680c7583f38e,9d200418-2fc9-4275-afd3-387660366ffb,1.84,26.0
36c68e99-36ed-422e-985d-4bf4021767f6,384f2651-0401-4392-ade3-680c7583f38e,5c70169d-eaed-4e4c-a326-52c3e7c96dac,3.97,50.56
ab11396e-c2ec-4f34-ab0b-1b4d4ce81be2,384f2651-0401-4392-ade3-680c7583f38e,d58dced7-cfe0-4214-b87d-2cfb44f0ad65,4.34,42.81
8aeebfeb-5a85-45e8-8e35-c1817e29b44b,1d1390b7-7cc6-497c-aa37-8b447cc49c79,19d09fa0-c8b2-4b5c-b5a6-7efe29934bd0,1.67,23.82
01f3cdc7-db15-4b2c-8d45-9ab163c25ec0,1d1390b7-7cc6-497c-aa37-8b447cc49c79,cd06b865-9bda-4bc4-aa63-0b5cc0ad3bdb,3.37,49.15
b84f51f4-0d66-4e38-8fd3-a53b5b65d31c,1d1390b7-7cc6-497c-aa37-8b447cc49c79,631a1e24-52d6-4900-a14f-f38ab19822d4,1.18,54.85
1a28615d-5f25-455b-b015-14be11ddac32,98a7e837-9f57-4135-93f0-ceff0c16f77c,f7bc89a4-3acf-4f49-af2d-c878fc6e6f45,4.67,35.19
efaa9957-7ce0-403f-a3db-e4af097fc6ca,98a7e837-9f57-4135-93f0-ceff0c16f77c,3a552307-6f65-4c3a-a54d-d271c022e93b,3.37,38.15
7c46a0b5-2b9d-4274-9714-4ac6574b6cb1,98a7e837-9f57-4135-93f0-ceff0c16f77c,2afaf5f3-0c2f-43fa-9e3d-c2b394605f1a,2.28,74.62
fbcfdd1b-1a77-492f-babe-6a0f88717065,98a7e837-9f57-4135-93f0-ceff0c16f77c,61196fcb-7d00-4c63-8871-a2da792babf2,4.78,125.07
7a5ea3f6-fc7c-4940-b0ee-b0ac291957f4,98a7e837-9f57-4135-93f0-ceff0c16f77c,019151cf-91d6-487b-a2fe-afcd1bc9cd70,1.99,19.53
eb4b2627-b2bd-452f-acb8-813b1518e514,62b88eca-6255-44e1-af49-eeeefa70d2d1,e6a04938-5e34-4328-ae59-6d3dc3f1c0f1,2.91,26.69
913b8dfe-ca7b-4f51-ba92-9a37d67bdf7f,62b88eca-6255-44e1-af49-eeeefa70d2d1,267bcafa-37c4-4b02-92c3-b227652497c8,2.72,47.08
3104c7da-e44b-4e62-95f4-9702b05f7904,62b88eca-6255-44e1-af49-eeeefa70d2d1,88dc8654-525d-4e13-a1c5-26c467b71fdf,2.26,53.29
b6cd3ff8-d09a-4957-9f1a-da9011066070,90628f07-81f2-490f-8db5-084a96ddda37,1bb87e6c-1ef0-4ba0-9166-0a2eb7a7df7e,3.67,35.66
f19b1fbf-a16d-453c-af26-cf735367689e,90628f07-81f2-490f-8db5-084a96ddda37,3a552307-6f65-4c3a-a54d-d271c022e93b,1.11,38.15
d2ea626e-e8bf-4265-97c1-0d7780fe90f7,90628f07-81f2-490f-8db5-084a96ddda37,c1825c45-0d7b-4a7a-8dcb-9551977f9a86,3.15,78.59
775eb517-4ee5-4fc9-95e5-03e22108153e,90628f07-81f2-490f-8db5-084a96ddda37,d2ee5f06-0a65-4618-96e6-c27bc21be525,2.48,100.52
fe7ad245-492a-4654-9fdc-d69444903c7e,90628f07-81f2-490f-8db5-084a96ddda37,5a442680-9fef-499c-825c-bcbe3ceaedb7,1.85,20.08
d97b465f-cde9-4016-b54c-ece6f049dfa8,90628f07-81f2-490f-8db5-084a96ddda37,fee147d1-51c3-40ae-a709-35b54c350331,4.32,70.18
d8f122fb-be4f-483e-aaef-1c9bf4c863d4,3da4b63f-fa16-4bb2-9de8-3f0878f73011,1bb87e6c-1ef0-4ba0-9166-0a2eb7a7df7e,3.91,35.66
d4ec2fe1-2b0c-4d19-807e-f52205b6e755,3da4b63f-fa16-4bb2-9de8-3f0878f73011,3a552307-6f65-4c3a-a54d-d271c022e93b,2.81,38.15
b70f48bb-03b3-474c-a720-054781086c77,3da4b63f-fa16-4bb2-9de8-3f0878f73011,478565a6-134b-43e0-99c5-454f4ff7cbf0,3.83,91.55
6b0b79d9-f179-444a-aeb9-87156eb9b488,3da4b63f-fa16-4bb2-9de8-3f0878f73011,28e011b1-cf12-42d0-8034-c80656e0c0d5,1.4,112.53
00b9cb57-e661-48d0-9671-06db0fe9aebb,3da4b63f-fa16-4bb2-9de8-3f0878f73011,6d906107-a0e5-47f2-8799-d65930e76c89,1.64,20.58
b4a532a7-8b8f-43da-a6ff-c319a933358e,3da4b63f-fa16-4bb2-9de8-3f0878f73011,60c49867-cdcd-43c3-8ef5-25d932125183,4.8,66.71
78b4f899-66da-498b-892d-adca3b53356f,9857b2c1-382f-475a-938a-270a96360d7e,deb77a6a-d2ec-4d3c-8fc3-f9c307c2c6ff,2.63,24.94
d5aebfb3-4e5c-461c-90a2-719940aaf2be,9857b2c1-382f-475a-938a-270a96360d7e,ffb35857-5a01-4e4d-b7f3-e4dba8ebcf4b,1.53,47.34
18c4b260-fa6d-48a9-bc27-28368cdba9f2,9857b2c1-382f-475a-938a-270a96360d7e,9f51b935-07d8-4b4c-8d00-113810aa5770,4.8,46.49
602a9c6e-ef77-4443-9172-06d39c0b8e4e,9857b2c1-382f-475a-938a-270a96360d7e,85c12524-3123-4562-93a4-a52c898f4518,1.01,70.42
c294e557-95c7-436b-980a-649f07538c41,66fc773f-c5eb-4518-b0d4-1c7e7d2dc29d,fbcb63ab-7591-4598-83a2-72cc2ef2c603,4.82,36.27
386e4464-2e31-4c91-a38a-88a18642b76f,66fc773f-c5eb-4518-b0d4-1c7e7d2dc29d,aae46e83-5eca-4bae-83be-d1af00c5cdc0,3.67,37.81
a44d5119-5bf9-4e4e-898e-37348ddf3055,66fc773f-c5eb-4518-b0d4-1c7e7d2dc29d,f5ecb502-edeb-4f3d-9b76-0d53f2ba0bcf,3.17,36.94
8d6a2372-b336-4ee8-9cea-e2e771801eb3,66fc773f-c5eb-4518-b0d4-1c7e7d2dc29d,15e9cdb5-ab3a-4a67-b1e4-e8a4e2469815,2.68,61.06
be9e5431-87c7-4e0a-8e31-ec3156308d25,66fc773f-c5eb-4518-b0d4-1c7e7d2dc29d,8a79f0bd-7f06-4ca9-80fe-75a8a001957d,1.46,80.93
fb718089-f20c-4489-bd62-868deec56736,66fc773f-c5eb-4518-b0d4-1c7e7d2dc29d,4db9e4de-ce3d-41d7-bdf4-3931e7243df5,2.39,76.83
8c9319f0-e7df-40bc-b0ee-bdb3fc6c204a,6709e61d-2689-4ee8-9849-8b7131f2c44b,e9fb161f-634a-44fb-9050-efc22a610c33,2.05,36.77
843a1801-fba6-4243-b41e-6511c7da5a15,6709e61d-2689-4ee8-9849-8b7131f2c44b,aafb59e7-4643-44a7-be97-2be664e18e79,2.7,40.54
ea06ea3d-a68c-4753-bf3f-328369f6b0f8,6709e61d-2689-4ee8-9849-8b7131f2c44b,f5ecb502-edeb-4f3d-9b76-0d53f2ba0bcf,3.91,36.94
a02c9eaa-a391-48bb-864d-e31b457a4975,6709e61d-2689-4ee8-9849-8b7131f2c44b,ffb35857-5a01-4e4d-b7f3-e4dba8ebcf4b,2.79,47.34
dda766b1-b145-4682-9870-0775e36dd6bd,6709e61d-2689-4ee8-9849-8b7131f2c44b,01eceb48-f625-49d1-9160-9092e4e32c8f,1.82,77.3
69f86e91-1932-4783-ae77-6522257f73d0,6709e61d-2689-4ee8-9849-8b7131f2c44b,2092e6e4-cc99-42b1-9022-3773df7a65e3,3.44,28.88
858c9ae3-9ba2-4bea-ae5d-836ee6db7857,5eeedf75-7b81-46d4-9588-5397b67dba16,e9fb161f-634a-44fb-9050-efc22a610c33,3.14,36.77
d8678f0c-b4df-4d2d-ab53-a19bae30831b,5eeedf75-7b81-46d4-9588-5397b67dba16,ada3490e-9d0d-41c5-b8f6-ee36f232a592,4.44,40.7
b3dc2957-45c9-4772-a0a4-a808a9e0c5d1,5eeedf75-7b81-46d4-9588-5397b67dba16,48c05eff-6a2c-4517-9f87-23a6d289b906,2.33,33.88
ce4aa345-469f-4bd3-b16b-840cd809a8b2,5eeedf75-7b81-46d4-9588-5397b67dba16,cb60bbbe-2069-47d8-b5e7-b3ea327f47f8,1.14,57.6
5beebdbc-b513-4bf6-98a4-6723aff82a76,5eeedf75-7b81-46d4-9588-5397b67dba16,fae9ed8b-df33-4c78-bb32-8de8a0abed79,3.01,73.47
6fbb33ba-76c7-40f7-a644-8660366f1786,6b456429-0d74-4d03-8bdb-bf4e9b8c3e55,0994cb89-90be-4944-806b-eeefe4d6eabb,2.51,41.4
29e4e34f-9a77-4735-9f15-73067cc844b1,6b456429-0d74-4d03-8bdb-bf4e9b8c3e55,e906f01e-ecde-40a5-a44c-9132a164f942,4.45,43.89
564ac77a-c84c-472c-be28-7b4f1946509e,6b456429-0d74-4d03-8bdb-bf4e9b8c3e55,d9e5f240-1361-45c1-8b4b-b95f01f4c109,1.08,149.05
52bc1cc9-78cf-4f52-bac8-9765a1a031b2,e4e67db8-10a6-46a7-b695-25ca1c3da7a3,90d08764-413b-4792-ac7f-41915db7fab3,1.09,40.94
c7b16e94-8773-47d6-9b65-c3421af519cd,e4e67db8-10a6-46a7-b695-25ca1c3da7a3,0921c244-e74f-43b4-b909-08651f21641e,1.4,37.16
50689ed6-37ea-4c10-b394-666e0fc17403,e4e67db8-10a6-46a7-b695-25ca1c3da7a3,54e68afd-8558-4ef5-85a1-3e2ff3b0d76a,2.16,28.68
ef33ce3e-836e-4cd2-9f56-a9c3e84f96e3,ab7fe385-b86e-4ddd-a143-915d49f9b159,3548a058-595f-434d-8b3f-a98dc2df2f75,3.91,47.09
45783bbd-697f-41d0-9d2f-f46f46374b78,ab7fe385-b86e-4ddd-a143-915d49f9b159,84880841-242e-47ad-b889-243a3d69f06a,1.43,34.26
0a059478-8c2f-483b-a7e0-380e6eb056dd,ab7fe385-b86e-4ddd-a143-915d49f9b159,9752f5b8-1a9f-485f-954c-d7c75c88038f,4.08,138.46
10562dbb-6439-42d7-b6c9-a3e3fb0dd215,76c650cf-6146-45f5-bbf4-d8f56580e5c9,acea3378-4bf7-4d40-8a6e-bab5fadc2196,3.37,34.09
edd6fead-1392-429e-ae73-575632b58125,76c650cf-6146-45f5-bbf4-d8f56580e5c9,b99e1dae-48e4-4376-947d-936df1d7d3fd,2.23,25.42
8824df45-8100-4ac5-89f5-57e1b3c10a93,76c650cf-6146-45f5-bbf4-d8f56580e5c9,ef03f9f5-d4ae-43ae-9c98-2b1ac1e2bf87,4.04,60.6
f306cfbe-51a7-4513-a957-16d4759f9e94,e4d89454-6be5-4705-bdea-55b1a414021f,acea3378-4bf7-4d40-8a6e-bab5fadc2196,2.07,34.09
20071c56-8bbd-4fa5-a45c-f8fd6ca561cf,e4d89454-6be5-4705-bdea-55b1a414021f,c2baad76-3877-4321-9e02-47d4f8e4cc46,3.18,46.61
efd0ac40-3980-4def-8fc5-9ee11b49068b,e4d89454-6be5-4705-bdea-55b1a414021f,513bda1b-657c-4490-9a52-b4bf2f376704,2.85,36.46
418761d1-6b4c-4b74-a5d0-5dd3dc950d6d,65f590e0-4b90-4678-94f8-426f1cb0fa9d,e8e1f6be-df4b-472a-b946-31dfbfb43dd2,1.79,41.2
544a0fe6-6f25-4deb-ada1-34e2be2c29d0,65f590e0-4b90-4678-94f8-426f1cb0fa9d,19d09fa0-c8b2-4b5c-b5a6-7efe29934bd0,1.08,23.82
e13cbd0c-621e-4b13-880d-824a92b5f9e9,65f590e0-4b90-4678-94f8-426f1cb0fa9d,5f7fe85b-a41f-445e-83dd-d16cd8b90fc2,1.56,55.37
75b6322e-dfc6-4983-9e8a-1c9db4e93319,efb27aa7-e059-44a8-a7b0-2aeea729284a,f7bc89a4-3acf-4f49-af2d-c878fc6e6f45,3.6,35.19
91dc6605-4134-431c-a5fd-ec42efd0d6d5,efb27aa7-e059-44a8-a7b0-2aeea729284a,6d17c338-b0f2-4dbf-b830-b69f9ee86bc7,2.37,25.74
8619547e-0472-443c-bf86-e7e9945017cd,efb27aa7-e059-44a8-a7b0-2aeea729284a,028a6f74-cbb2-4589-8fa2-ca3fba159ad4,3.08,56.2
a49fb331-f9b5-41fc-a996-82412766c909,f47c812b-268f-4d2d-b989-7cdae848e22e,acea3378-4bf7-4d40-8a6e-bab5fadc2196,2.88,34.09
3673c204-5887-46c0-aeeb-cd793595af65,f47c812b-268f-4d2d-b989-7cdae848e22e,b4c436be-f3b0-415f-bf41-4043d721bf73,1.62,23.38
c4fdc1d5-eb55-4728-8e87-e97a42f28a70,f47c812b-268f-4d2d-b989-7cdae848e22e,15e9cdb5-ab3a-4a67-b1e4-e8a4e2469815,2.83,61.06
5f68a822-2148-4c5b-94f6-0a8a3a9b4a2c,80d650af-2206-426e-be9c-df94aef75301,01cc7f23-cad4-4c40-a54b-fae6740f8e23,2.1,85.06
53ee028f-9272-48e1-b5ea-16e2b94b52ab,80d650af-2206-426e-be9c-df94aef75301,28e011b1-cf12-42d0-8034-c80656e0c0d5,3.34,112.53
83834261-9805-4828-937c-fceb30b4433b,80d650af-2206-426e-be9c-df94aef75301,70e90051-397e-40bf-833c-120d977f7445,4.74,42.37
43e8139f-c501-4499-80a8-54eda8aaa253,80d650af-2206-426e-be9c-df94aef75301,c6914581-923c-445a-9f9c-eaf0ec5a2c33,1.15,17.46
9a0bb885-db76-40dd-b420-4d2370be4d84,5003b985-c0e4-4a28-b973-78132b9ce94c,0edf81e8-0f9f-40e2-bfe7-e4b020cccfd2,4.09,86.28
68db971e-2b08-4009-83e9-046cfb0f720d,5003b985-c0e4-4a28-b973-78132b9ce94c,61196fcb-7d00-4c63-8871-a2da792babf2,4.87,125.07
b3f94fc7-90ea-46a3-bdce-d312d0320d2a,5003b985-c0e4-4a28-b973-78132b9ce94c,70e90051-397e-40bf-833c-120d977f7445,1.84,42.37
1dba2057-6882-4939-bf45-55a19542d4f3,5003b985-c0e4-4a28-b973-78132b9ce94c,c6914581-923c-445a-9f9c-eaf0ec5a2c33,1.18,17.46
c4c4d21b-68a8-4148-abbc-5947ff52d27f,5003b985-c0e4-4a28-b973-78132b9ce94c,9f9f1e08-6d32-48a2-a341-bbaba82c8f65,2.9,47.44
2ac12666-afda-48df-82c1-b3c899218cee,77f084c3-e075-4a03-9e0c-c1b994dafd0c,90d08764-413b-4792-ac7f-41915db7fab3,4.04,40.94
645b1b46-19cb-4376-83a8-63eef3309014,77f084c3-e075-4a03-9e0c-c1b994dafd0c,9d200418-2fc9-4275-afd3-387660366ffb,2.41,26.0
b6040798-6015-4dc0-9aac-48af59256153,77f084c3-e075-4a03-9e0c-c1b994dafd0c,f725f521-e54b-4b98-bef4-b645547b1610,2.27,52.62
44ee027b-45ea-4c60-9e73-9a1e94d77057,7149d7e4-1c25-4f24-9d26-13b5f5ea02b4,5b8c6336-1da2-4e93-a5fb-3781c59c29bb,3.74,39.44
a4928450-3036-40b1-a4e0-1111c2b55e2e,7149d7e4-1c25-4f24-9d26-13b5f5ea02b4,c2baad76-3877-4321-9e02-47d4f8e4cc46,1.71,46.61
28020667-4737-4461-ad44-6c68d0d6d0fa,7149d7e4-1c25-4f24-9d26-13b5f5ea02b4,af72cf78-266e-4f86-a454-6c44b31ab17c,3.91,32.48
fc610cba-8640-464e-9af5-53f1e8f21be7,57a85b54-5eef-40e5-9861-0ff7f4a51a0d,acea3378-4bf7-4d40-8a6e-bab5fadc2196,1.02,34.09
f0b99c67-320d-49d3-ae0a-65aa0e030a3d,57a85b54-5eef-40e5-9861-0ff7f4a51a0d,c2baad76-3877-4321-9e02-47d4f8e4cc46,4.66,46.61
985bcb75-6d96-4c14-8070-0ee8f6844375,57a85b54-5eef-40e5-9861-0ff7f4a51a0d,ce228021-e222-4cb4-afed-b4079dd03dde,1.13,34.21
82b53d83-70d0-4557-a242-b21460cdb86e,75255a30-1028-495f-895e-b0efc80805d9,acea3378-4bf7-4d40-8a6e-bab5fadc2196,1.7,34.09
fd504308-202e-4a28-9d8d-88e66d7c45b3,75255a30-1028-495f-895e-b0efc80805d9,c2baad76-3877-4321-9e02-47d4f8e4cc46,1.15,46.61
7711e437-44af-4d06-961a-616bd0f49027,75255a30-1028-495f-895e-b0efc80805d9,ca810efa-f2ec-4c94-85c8-746258ad8064,3.82,28.57
25867116-60ee-49d8-a0f4-30633ad4033d,75255a30-1028-495f-895e-b0efc80805d9,9f9f1e08-6d32-48a2-a341-bbaba82c8f65,2.68,47.44
525ac27a-124e-48dc-b124-3b83501bcbbc,5a0e5df5-f960-4775-bf24-3ffde6e5e430,6ceef2d2-1469-48a0-9d65-3453b2d6099a,4.35,41.76
5a1d2622-bd03-46b8-a389-9d71e707e0ea,5a0e5df5-f960-4775-bf24-3ffde6e5e430,c2baad76-3877-4321-9e02-47d4f8e4cc46,4.62,46.61
7e6d7296-dc5a-4589-a04c-f24f95fb4037,5a0e5df5-f960-4775-bf24-3ffde6e5e430,e9fb161f-634a-44fb-9050-efc22a610c33,1.06,36.77
2ea15eff-8c35-4dbd-8e0e-fd07e23ed975,26ec8293-95c7-49ee-9537-7ad800583ce5,acea3378-4bf7-4d40-8a6e-bab5fadc2196,3.43,34.09
6457ba28-bb09-48a0-a205-f5c0511bb4c4,26ec8293-95c7-49ee-9537-7ad800583ce5,c2baad76-3877-4321-9e02-47d4f8e4cc46,2.24,46.61
6223cfd0-1806-452a-833b-8f7c9fffd508,26ec8293-95c7-49ee-9537-7ad800583ce5,ce228021-e222-4cb4-afed-b4079dd03dde,3.27,34.21
219eb4c8-bf22-465c-8a59-d221e6fe92f4,a7d6ade0-e617-414f-bda7-04fe6d7250b3,5638747c-cb25-4b64-9d98-851c2db06d60,3.55,43.15
4beaac9b-7765-4475-9563-e28f54101257,a7d6ade0-e617-414f-bda7-04fe6d7250b3,a30967de-2eeb-4230-9552-7c88ededd081,2.23,42.09
f5222605-a591-4ce8-ba5e-c6aa185ba51b,a7d6ade0-e617-414f-bda7-04fe6d7250b3,cabd7ff0-1bed-4ba5-bf93-93b2b0f3cc62,3.99,45.87
a3f22454-c0ea-4840-971c-9c9da23c1134,a7d6ade0-e617-414f-bda7-04fe6d7250b3,019151cf-91d6-487b-a2fe-afcd1bc9cd70,2.41,19.53
3baf25e6-2604-4d94-bcd7-6d48860722f3,a7d6ade0-e617-414f-bda7-04fe6d7250b3,1dc6cad2-e9f6-4668-8161-d4cccfe729a4,2.66,29.23
c6a4274e-06d1-4001-b87e-67ab97d7dfed,420ad81f-7d30-4ab9-acec-a006a36a6acf,6e1f18a9-7abb-46a0-81bd-8f86711777f3,4.09,34.65
6fd17464-82b4-4100-9dd5-1df9322f1f99,420ad81f-7d30-4ab9-acec-a006a36a6acf,18fe75c9-121d-44bc-89b9-cc601c87f43e,1.15,48.11
20629f9f-3962-421d-92b2-89a9526290a7,420ad81f-7d30-4ab9-acec-a006a36a6acf,7869a02c-ef9c-4865-b4e9-b8e9c7d06af4,4.98,49.08
d1ff5dc2-f9be-4250-8ffa-55bd7913d4bf,420ad81f-7d30-4ab9-acec-a006a36a6acf,431c6fc2-0f8a-4db6-ae8e-8a20bad8a86f,2.59,17.62
070c4d89-e635-494c-abe3-bf2d78bcec53,88c00375-8306-451c-bdc4-af7b25d639ab,90d08764-413b-4792-ac7f-41915db7fab3,3.63,40.94
4752c291-f6e0-430a-9a41-47641613befc,88c00375-8306-451c-bdc4-af7b25d639ab,c2baad76-3877-4321-9e02-47d4f8e4cc46,2.87,46.61
cf492605-02be-4577-a764-777879336848,88c00375-8306-451c-bdc4-af7b25d639ab,7869a02c-ef9c-4865-b4e9-b8e9c7d06af4,2.29,49.08
99f88583-77ed-49a0-840d-576e0bfd01cb,88c00375-8306-451c-bdc4-af7b25d639ab,9c21e0d1-367d-46e5-8ddf-c5c2e66c5178,1.32,18.53
c0ae1e7e-de7b-46ae-8b9a-c611e0cf6e1b,88c00375-8306-451c-bdc4-af7b25d639ab,85c12524-3123-4562-93a4-a52c898f4518,1.75,70.42
9e4a65df-c3a3-4c8f-abd1-85bcb9a2ee79,13e6bb4e-dd21-44ce-82f9-2e2a48ce0b90,a25999f5-62a0-4f6a-9365-8884d42cb059,1.51,28.05
5ac58351-9b17-4e41-8c8f-2ffd84d55c33,13e6bb4e-dd21-44ce-82f9-2e2a48ce0b90,5c70169d-eaed-4e4c-a326-52c3e7c96dac,2.6,50.56
e911ee6b-96a5-42de-8687-70d129d13f71,13e6bb4e-dd21-44ce-82f9-2e2a48ce0b90,02c672a6-e5ef-4c2f-be80-d74b4bdda901,4.05,52.64
6eabf9c1-7e93-4d9c-bc30-8927b51279ab,bab41f8c-6b63-424e-900d-d07b1fe56271,73697b54-c6e2-44c9-8814-663dd2d9dba7,4.55,85.22
ca0238e1-7f74-40b5-a021-9289b6dad920,bab41f8c-6b63-424e-900d-d07b1fe56271,ccc17542-0192-4e15-82a8-2224b628efab,4.81,100.9
c248498c-c148-4e26-b3da-ba7d349e87d2,bab41f8c-6b63-424e-900d-d07b1fe56271,276a8aee-f723-43f4-91c4-12ca00eebe1c,4.15,45.98
81185c06-f2f3-4fe4-9794-7e33b549349e,bab41f8c-6b63-424e-900d-d07b1fe56271,9c21e0d1-367d-46e5-8ddf-c5c2e66c5178,2.6,18.53
c79addc7-5f00-4dc0-b917-92b143467fed,31e05370-19ed-4f7d-9323-14a3afb30415,a25999f5-62a0-4f6a-9365-8884d42cb059,1.87,28.05
b6152e69-f50a-43f9-a92d-bab8786465c4,31e05370-19ed-4f7d-9323-14a3afb30415,5c70169d-eaed-4e4c-a326-52c3e7c96dac,4.38,50.56
a124909f-50a8-463f-948b-b4cbb9212e37,31e05370-19ed-4f7d-9323-14a3afb30415,53375854-801f-4fc4-9bca-a764bf6963fe,1.4,42.95
8570e54a-3eb5-4192-9faf-516644c4e090,fb2be265-0591-4fea-9c63-3ce0da1f8608,acea3378-4bf7-4d40-8a6e-bab5fadc2196,2.6,34.09
e03b1742-0af0-489e-b606-90e5e52729fe,fb2be265-0591-4fea-9c63-3ce0da1f8608,c2baad76-3877-4321-9e02-47d4f8e4cc46,3.39,46.61
624b54e3-a86a-4131-a826-cc7b6c5d5527,fb2be265-0591-4fea-9c63-3ce0da1f8608,73697b54-c6e2-44c9-8814-663dd2d9dba7,2.95,85.22
f57f35c7-b31b-4b4b-963a-c373fcf97070,fb2be265-0591-4fea-9c63-3ce0da1f8608,5f90699e-3465-4122-9081-7f2f754993e4,4.54,103.6
8be52e2e-fe43-45d0-bf5d-09ebaf386163,fb2be265-0591-4fea-9c63-3ce0da1f8608,c50ff350-8d5c-44a4-b91f-08c8a0a5c99f,1.74,20.16
c35725de-6012-4960-8af0-266c83357374,3172225e-907f-4ee5-a50c-1fba98522183,acea3378-4bf7-4d40-8a6e-bab5fadc2196,2.74,34.09
f0725cec-6db9-4a8c-abe5-18f56760d8a5,3172225e-907f-4ee5-a50c-1fba98522183,ff6ed914-1af0-4743-a219-3c47dd0455f8,1.6,47.73
f63502c0-46ad-41d2-a60c-adaf7bd6512f,3172225e-907f-4ee5-a50c-1fba98522183,73ba2336-7a3c-47ec-af09-dc36f47b00fc,1.14,93.05
cc24e615-dae2-426c-a05d-e3b87d31fd34,3172225e-907f-4ee5-a50c-1fba98522183,5f90699e-3465-4122-9081-7f2f754993e4,2.59,103.6
4c1693cb-b253-4a68-a9ad-6dc37ec309b2,3172225e-907f-4ee5-a50c-1fba98522183,9e62c28d-8fc0-432a-b85d-e57755b7a392,1.93,15.82
3220da59-7030-4054-a953-e154d475888d,f732af62-81e6-448b-b741-9b47d39b7622,acea3378-4bf7-4d40-8a6e-bab5fadc2196,2.69,34.09
67274c2f-6d03-4d1c-8eba-8db7b69f0830,f732af62-81e6-448b-b741-9b47d39b7622,c2baad76-3877-4321-9e02-47d4f8e4cc46,3.41,46.61
c8fd8890-7fa0-4e3f-a2b8-d32e85be470d,f732af62-81e6-448b-b741-9b47d39b7622,7e966e66-f79b-4e76-b29c-f497a16698ed,3.01,84.59
f36ac600-69df-4f4b-8d8a-8dc3eeca520b,f732af62-81e6-448b-b741-9b47d39b7622,5dedc130-d37a-4fce-8a23-c2c6186c790f,4.89,104.59
3156c648-28ec-4e09-b52d-160bfd81b486,f732af62-81e6-448b-b741-9b47d39b7622,749c4ddf-974f-4931-a100-4225142185fc,2.96,18.26
a3143356-59ed-45f0-b2fa-23d8ee7eb87b,bee18a79-834c-4288-a50e-073dfaf7581d,acea3378-4bf7-4d40-8a6e-bab5fadc2196,2.74,34.09
c243c9d9-851c-45da-b7a1-8c926f4194db,bee18a79-834c-4288-a50e-073dfaf7581d,c2baad76-3877-4321-9e02-47d4f8e4cc46,2.84,46.61
5de3d998-6563-4701-be32-3403e630407c,bee18a79-834c-4288-a50e-073dfaf7581d,62e3d71d-bfa4-455a-bc72-9c810fe53eb1,3.75,90.83
df4fd7d9-c655-4d80-ac71-0223d9a327bd,bee18a79-834c-4288-a50e-073dfaf7581d,c3495736-91c7-4cc4-809c-67ddabb167ef,4.07,113.5
68e55897-440c-479f-aee1-48927b620972,bee18a79-834c-4288-a50e-073dfaf7581d,9c21e0d1-367d-46e5-8ddf-c5c2e66c5178,1.36,18.53
10738e97-6bbf-4e18-a0d1-597e42631c4f,eb4484b7-bdff-4631-8614-f30ec7e6a178,1bb87e6c-1ef0-4ba0-9166-0a2eb7a7df7e,1.7,35.66
decdf637-be42-4d12-ac45-2c40bcbdb946,eb4484b7-bdff-4631-8614-f30ec7e6a178,c2baad76-3877-4321-9e02-47d4f8e4cc46,3.53,46.61
34ce3707-0cb4-4233-92bc-3001b6bdc1b3,eb4484b7-bdff-4631-8614-f30ec7e6a178,90e24580-e2f0-49ab-99ce-79902d5d35fd,2.38,92.45
29bdf2c0-356a-47f8-8e83-98253b3dd3f9,eb4484b7-bdff-4631-8614-f30ec7e6a178,c3495736-91c7-4cc4-809c-67ddabb167ef,1.16,113.5
2af5c645-4c99-4b5f-9877-b13696d0730b,eb4484b7-bdff-4631-8614-f30ec7e6a178,d7fe6fa6-3558-4d24-830f-7b3e26266011,1.29,15.47
22168362-2961-43d5-8e50-303f67b400e4,89bbff34-abbb-4bba-a632-8cccd9cdebdf,acea3378-4bf7-4d40-8a6e-bab5fadc2196,3.89,34.09
45ef2065-b8fc-4b71-b314-f54642e5936f,89bbff34-abbb-4bba-a632-8cccd9cdebdf,c2baad76-3877-4321-9e02-47d4f8e4cc46,4.86,46.61
0646edc2-406c-469b-b52e-5544e24cbdfe,89bbff34-abbb-4bba-a632-8cccd9cdebdf,0edf81e8-0f9f-40e2-bfe7-e4b020cccfd2,2.04,86.28
6bb03cd7-1674-4ab5-8079-c8b5d66e9535,89bbff34-abbb-4bba-a632-8cccd9cdebdf,5f90699e-3465-4122-9081-7f2f754993e4,3.78,103.6
a380f132-340b-4c1a-b6e5-0020bf88baa0,89bbff34-abbb-4bba-a632-8cccd9cdebdf,5a442680-9fef-499c-825c-bcbe3ceaedb7,1.95,20.08
d53b23ab-4e5e-4097-a584-1768cf23145c,d3d1dd73-2c48-4590-8478-8d30e417ef6c,ca810efa-f2ec-4c94-85c8-746258ad8064,4.13,28.57
9f29c25e-cd80-48ce-bc32-02384f5b6d64,d3d1dd73-2c48-4590-8478-8d30e417ef6c,a30967de-2eeb-4230-9552-7c88ededd081,3.4,42.09
d8342a99-d4ee-4a7e-bd17-22609a8b5cef,d3d1dd73-2c48-4590-8478-8d30e417ef6c,91cc837c-d604-411e-809c-ace8df152781,1.9,42.04
bbe64ef7-6596-4b65-93e9-4ce5ae9828f9,d3d1dd73-2c48-4590-8478-8d30e417ef6c,0f8e2979-fd0e-4891-afd3-3b4a418d17c1,3.91,49.01
b639210a-abe7-4689-bfe5-221d177243cc,d3d1dd73-2c48-4590-8478-8d30e417ef6c,01eceb48-f625-49d1-9160-9092e4e32c8f,3.54,77.3
d00fc630-4838-4547-92c8-b7806f794763,944f878e-4153-466e-a50f-bdc3bfd164b5,af72cf78-266e-4f86-a454-6c44b31ab17c,1.68,32.48
269433ed-0b28-48a6-839d-b787c12c77f2,944f878e-4153-466e-a50f-bdc3bfd164b5,a30967de-2eeb-4230-9552-7c88ededd081,3.53,42.09
2e6e468d-2e1f-4f45-9080-dee816c71338,944f878e-4153-466e-a50f-bdc3bfd164b5,91cc837c-d604-411e-809c-ace8df152781,3.99,42.04
108a2085-648a-4b5d-a1d1-3ed3acbe136d,944f878e-4153-466e-a50f-bdc3bfd164b5,0f8e2979-fd0e-4891-afd3-3b4a418d17c1,2.81,49.01
b9c41893-4e16-4eb4-90c6-fbd3fda73e39,944f878e-4153-466e-a50f-bdc3bfd164b5,7d3f6330-1fd3-427f-8350-6af27ef3a94a,3.5,82.75
1851f1c9-c077-4727-b783-fd396a980bb1,944f878e-4153-466e-a50f-bdc3bfd164b5,6009c106-4a8d-4390-b68f-d80d46087798,4.01,92.44
691e7433-60e4-4fd0-b233-ec9b1395ec73,923dc5bc-31b0-4ac7-bdd6-b69e6df59eec,ca810efa-f2ec-4c94-85c8-746258ad8064,3.28,28.57
1fbf5987-50ed-4b56-a3a4-dbc4b89a4c8a,923dc5bc-31b0-4ac7-bdd6-b69e6df59eec,a30967de-2eeb-4230-9552-7c88ededd081,3.2,42.09
45d97b25-dddd-42a8-adf4-46b2d139e44d,923dc5bc-31b0-4ac7-bdd6-b69e6df59eec,f7bc89a4-3acf-4f49-af2d-c878fc6e6f45,2.28,35.19
4cc84e2f-3b5b-417b-b835-b14f48d33b7d,923dc5bc-31b0-4ac7-bdd6-b69e6df59eec,0f8e2979-fd0e-4891-afd3-3b4a418d17c1,3.01,49.01
aa64eabf-92fb-4fdb-b427-5a4bcf714810,923dc5bc-31b0-4ac7-bdd6-b69e6df59eec,01eceb48-f625-49d1-9160-9092e4e32c8f,2.98,77.3
7bbd0439-98bd-40bc-966b-b974600b1378,2dde7699-1e92-4d71-8b48-05aadbff57f5,16d265ed-77a0-4a24-afb5-719cba043ada,3.32,47.75
f9dd04af-0936-42db-ad72-c2d2533bae7e,2dde7699-1e92-4d71-8b48-05aadbff57f5,0f39696d-33be-4ab3-98ce-dfbfa4d9b7e5,3.55,35.13
e97c1904-1b78-4a54-9920-594a2a32ebe6,2dde7699-1e92-4d71-8b48-05aadbff57f5,32c03fc7-af45-4e88-8af6-93a873e81ad5,3.4,120.62
a97b58a2-9a83-44b7-994d-64bf70f3281c,3b6a4791-506e-48bb-86bf-a04847124fca,631a1e24-52d6-4900-a14f-f38ab19822d4,3.41,54.85
616ea802-6d79-4d72-b581-40852ddfc079,3b6a4791-506e-48bb-86bf-a04847124fca,0f39696d-33be-4ab3-98ce-dfbfa4d9b7e5,4.4,35.13
6bb127fa-07ef-4cd3-8d82-adef97bb60c2,3b6a4791-506e-48bb-86bf-a04847124fca,32c03fc7-af45-4e88-8af6-93a873e81ad5,1.7,120.62
25177220-d201-4765-9856-a9a7ea693f73,fe5426d7-a4b8-4e9d-9094-5a2208270f69,3548a058-595f-434d-8b3f-a98dc2df2f75,3.41,47.09
515cbb09-55e8-4f9b-b8e4-f1c665d32af5,fe5426d7-a4b8-4e9d-9094-5a2208270f69,1a485340-f614-4da7-9953-4cbb2f709dc6,3.0,41.07
0ae7e0bf-0df6-44dc-8652-c7bc9ea21031,fe5426d7-a4b8-4e9d-9094-5a2208270f69,32c03fc7-af45-4e88-8af6-93a873e81ad5,4.49,120.62
48e5ad2f-8806-478c-878e-41a1b6032573,fe5426d7-a4b8-4e9d-9094-5a2208270f69,ee022739-4180-4dc6-8c2b-20baa685e36e,1.03,48.02
cf553ac9-f390-4c10-9131-0ce43f6ba67d,9f2e8bcd-6e7b-4413-85e6-83e9a6df61f5,3548a058-595f-434d-8b3f-a98dc2df2f75,4.96,47.09
ab77b17b-cb62-4757-a0d1-831bd24a7103,9f2e8bcd-6e7b-4413-85e6-83e9a6df61f5,0f39696d-33be-4ab3-98ce-dfbfa4d9b7e5,2.17,35.13
eba2517f-43cd-470c-8bd8-36c79ed74374,9f2e8bcd-6e7b-4413-85e6-83e9a6df61f5,e39a26e9-549e-4b16-96e2-00865896404e,1.16,142.95
f7595aae-729f-4004-a74d-0fc68ca3f6a3,2ee8ab04-1d64-4937-a2a0-8a3e7beca5c1,34119d47-c8c2-4772-b53c-97c701be9620,2.65,53.06
8a0a14e1-5940-4b09-8c11-10b0229d9476,2ee8ab04-1d64-4937-a2a0-8a3e7beca5c1,5f3f1ace-733c-45a8-9015-9c81106d406a,2.93,40.51
026a9099-c1f7-4105-935c-274f8d82799f,2ee8ab04-1d64-4937-a2a0-8a3e7beca5c1,32c03fc7-af45-4e88-8af6-93a873e81ad5,2.83,120.62
392c4a1d-cf68-4a4c-98e2-2c35c4544687,8917ccc2-fc76-445d-84d2-a10e745dfcdd,6e1f18a9-7abb-46a0-81bd-8f86711777f3,1.59,34.65
e0f117f0-9b80-47cb-a51e-a059da4993e3,8917ccc2-fc76-445d-84d2-a10e745dfcdd,a25999f5-62a0-4f6a-9365-8884d42cb059,2.13,28.05
cf8e5578-673f-4837-8ff5-f7d6ddd11ffa,8917ccc2-fc76-445d-84d2-a10e745dfcdd,5c70169d-eaed-4e4c-a326-52c3e7c96dac,1.63,50.56
471b53a8-6204-4220-aa84-8761ed40c32d,3f0adaea-c2be-4b93-bdfe-c7ca4000b7c4,6e1f18a9-7abb-46a0-81bd-8f86711777f3,2.03,34.65
c0621fe7-2994-4b48-8c3c-8e70a8d46a37,3f0adaea-c2be-4b93-bdfe-c7ca4000b7c4,3a50c212-b6a5-4a68-8319-9c27735e8d16,1.3,26.39
2f86d02d-4a9c-4ac7-a61d-da0f099a45c8,3f0adaea-c2be-4b93-bdfe-c7ca4000b7c4,5c70169d-eaed-4e4c-a326-52c3e7c96dac,3.98,50.56
c6d70af6-1ecd-4e92-bc3b-dc8d38ca7952,69c01fe4-f9a4-4213-9bd4-d76f7cf02909,53375854-801f-4fc4-9bca-a764bf6963fe,3.59,42.95
ade1eecc-7fa2-4be9-85a2-bf1711246818,69c01fe4-f9a4-4213-9bd4-d76f7cf02909,1a485340-f614-4da7-9953-4cbb2f709dc6,1.7,41.07
8bc0987d-d664-4a4c-addd-19b6df443bdc,69c01fe4-f9a4-4213-9bd4-d76f7cf02909,7a7c4c3b-cbaa-425a-94c8-f3bcd4fe371d,2.37,117.52
90f6869e-7707-436b-bfd4-8d0ae4c5c7f4,d54ddb73-39f7-445a-a480-9521972087ad,6dfa977d-ac40-4b0c-9944-77f5fc5892c4,4.36,47.7
8dab5665-2515-46cc-b24a-9b392276b91f,d54ddb73-39f7-445a-a480-9521972087ad,5f3f1ace-733c-45a8-9015-9c81106d406a,4.15,40.51
e8564e32-ff1a-4ce8-9820-07aaf40d6bba,d54ddb73-39f7-445a-a480-9521972087ad,38725919-c9be-41de-a4ce-7ca2b20d2220,3.66,126.54
97866d14-e158-431a-b650-967ec0cb0897,1dc1c3bb-6191-472d-9d0c-641cc3412e39,6e1f18a9-7abb-46a0-81bd-8f86711777f3,1.98,34.65
b13c0032-f5fe-4ccf-9425-da149a3ebc19,1dc1c3bb-6191-472d-9d0c-641cc3412e39,a25999f5-62a0-4f6a-9365-8884d42cb059,1.46,28.05
af2150bc-0c53-4848-af6d-6e89dc0c5341,1dc1c3bb-6191-472d-9d0c-641cc3412e39,5c70169d-eaed-4e4c-a326-52c3e7c96dac,2.06,50.56
38d4ab84-2e39-4577-a4e0-a2481531df6f,7256124d-3074-4bfa-afc6-c07b29946be4,6e1f18a9-7abb-46a0-81bd-8f86711777f3,2.28,34.65
d495fcde-20af-4ee6-851d-3de757f60c13,7256124d-3074-4bfa-afc6-c07b29946be4,a25999f5-62a0-4f6a-9365-8884d42cb059,1.88,28.05
4c2103f9-e9fc-4f34-bff4-b2d3e9f81bc8,7256124d-3074-4bfa-afc6-c07b29946be4,5c70169d-eaed-4e4c-a326-52c3e7c96dac,1.86,50.56
e3c44f2e-8157-48b2-b0df-f228f66ccdce,7256124d-3074-4bfa-afc6-c07b29946be4,ffcbe3ac-c1c6-4338-b2aa-421e7396924a,4.44,59.97
b300c1e4-fbf8-498e-b396-3c7d60e86dd3,940b8651-a74a-41c4-89d0-cde54d60a5ed,eeefd9b6-1b40-41ed-ba70-4f51c247226a,2.01,22.23
f0525d2c-2f2a-48ad-9f27-5c862eace856,940b8651-a74a-41c4-89d0-cde54d60a5ed,ffb35857-5a01-4e4d-b7f3-e4dba8ebcf4b,2.06,47.34
625f60ef-395c-4f64-a371-9790f9e03bf6,940b8651-a74a-41c4-89d0-cde54d60a5ed,34119d47-c8c2-4772-b53c-97c701be9620,2.1,53.06
ddae50af-5bb3-4d1c-891f-1c9a5231dab4,940b8651-a74a-41c4-89d0-cde54d60a5ed,ae9fd366-c734-40ed-a400-bcb11499a529,3.5,102.44
bdd6aca0-5bf1-42fd-a309-63c454466f5a,a9fca044-831d-41cc-af1d-80f08237727a,eeefd9b6-1b40-41ed-ba70-4f51c247226a,2.35,22.23
0792dca9-65fc-45f5-b163-793cb26c5fee,a9fca044-831d-41cc-af1d-80f08237727a,8925d13b-14fa-4779-863a-25811e076e6a,2.37,48.81
50498213-0c11-4e58-b391-abab82aea702,a9fca044-831d-41cc-af1d-80f08237727a,6dfa977d-ac40-4b0c-9944-77f5fc5892c4,1.77,47.7
ad1e768a-eaa5-412d-a4ce-259193abb557,2e01fac1-3e49-4372-b46c-7a2daac96aa5,01cc7f23-cad4-4c40-a54b-fae6740f8e23,3.28,85.06
dd99824a-6f21-4f80-b179-4c6142b4a196,2e01fac1-3e49-4372-b46c-7a2daac96aa5,5f90699e-3465-4122-9081-7f2f754993e4,1.77,103.6
af64122f-b027-44f2-8d75-b971e0ffbf40,2e01fac1-3e49-4372-b46c-7a2daac96aa5,71052cc8-49f3-422f-be43-de34a2259d59,3.44,39.36
43064b66-ace4-42c7-84ab-855de90ce1a5,2e01fac1-3e49-4372-b46c-7a2daac96aa5,6d906107-a0e5-47f2-8799-d65930e76c89,2.96,20.58
7c056557-e97a-4a1c-8fea-c44b9ffec357,0bde2583-28a1-49d0-9553-f53a4ef1b4c0,10a2f7b5-2629-4dff-b0d1-9d3c4c954908,4.32,72.38
5eeab4eb-c49a-4adc-9a77-fdc17105bb44,0bde2583-28a1-49d0-9553-f53a4ef1b4c0,34375768-3582-4dae-94f6-7d728cf14b72,2.7,100.8
baa5789f-1854-4b0e-85fd-aba4711ff3f5,0bde2583-28a1-49d0-9553-f53a4ef1b4c0,9fde5f92-80d6-4098-9f79-62288afa3012,1.22,44.76
27e8ef8d-a205-4d2a-8408-4ea47d697e05,0bde2583-28a1-49d0-9553-f53a4ef1b4c0,300c236a-5cf1-4646-b74a-bd449ed18374,2.95,17.69
0b874bad-ed0b-4186-aee8-e02e49fe0da8,1564f1da-7509-46ff-886f-9f1f0ddf9869,3917a229-00ce-4f07-ab63-a7dfc2cd82df,2.12,27.35
effa48dc-9574-43ed-be49-1e57093df9d4,1564f1da-7509-46ff-886f-9f1f0ddf9869,267bcafa-37c4-4b02-92c3-b227652497c8,3.47,47.08
4bf804da-3b93-4b49-9068-56ba66436845,1564f1da-7509-46ff-886f-9f1f0ddf9869,53375854-801f-4fc4-9bca-a764bf6963fe,1.43,42.95
3fbb6a73-09f5-4bf6-bcd3-1fc6c0a91b5a,1564f1da-7509-46ff-886f-9f1f0ddf9869,74396c83-e782-46c3-9710-c78913d5a49a,3.89,31.35
124a455d-1b9d-41bb-b5cc-5802b37909d7,10d53ad6-b744-43f9-929d-0c32410dddca,0edf81e8-0f9f-40e2-bfe7-e4b020cccfd2,2.5,86.28
d379b921-f09a-49fb-b84d-0c9d9a972f80,10d53ad6-b744-43f9-929d-0c32410dddca,40dc9d92-f58c-4d7d-9147-c68c24af66b3,2.37,108.38
26dc1626-d77f-496f-876b-740a8a56c749,10d53ad6-b744-43f9-929d-0c32410dddca,9fde5f92-80d6-4098-9f79-62288afa3012,1.44,44.76
393738de-b3a8-429e-bb24-bce563cc3831,10d53ad6-b744-43f9-929d-0c32410dddca,10f05ff2-ae9e-42f6-9878-a22a6ac8d86c,1.65,16.94
c64090a9-1a47-49dc-bd72-18a97437fc68,8a7e1213-789d-40d0-b261-7e4228e89287,6ceef2d2-1469-48a0-9d65-3453b2d6099a,3.23,41.76
4bbcd069-b808-49fc-8c94-03ccfa7c6286,8a7e1213-789d-40d0-b261-7e4228e89287,c2baad76-3877-4321-9e02-47d4f8e4cc46,4.09,46.61
3521da26-92a9-4726-9cc7-f5f949099f98,8a7e1213-789d-40d0-b261-7e4228e89287,513bda1b-657c-4490-9a52-b4bf2f376704,4.83,36.46
dbf3fb13-3ed7-49ad-95e4-6154580752d2,56585fec-bc74-4e27-86a3-219ae46d3a0e,6ceef2d2-1469-48a0-9d65-3453b2d6099a,1.56,41.76
96cc6b14-df81-4815-a0fe-826e33e91aa3,56585fec-bc74-4e27-86a3-219ae46d3a0e,cd421415-e774-4ace-b0dc-d63a85efee9b,4.19,38.49
1f3d52f1-43c0-4fec-b314-2e7930c8e0be,56585fec-bc74-4e27-86a3-219ae46d3a0e,d848e305-da92-42ae-a09b-220a4628adde,4.65,34.82
161de374-0c80-40b2-969f-e39001d9bedd,949761d0-bf3d-4d88-aa08-9f7650b04208,ce228021-e222-4cb4-afed-b4079dd03dde,2.34,34.21
237b7fb5-ed5a-4e66-9a4b-bb60265243b0,949761d0-bf3d-4d88-aa08-9f7650b04208,cd421415-e774-4ace-b0dc-d63a85efee9b,4.9,38.49
6108e01b-cf1a-437e-8296-a2c9a291d9c5,949761d0-bf3d-4d88-aa08-9f7650b04208,6ceef2d2-1469-48a0-9d65-3453b2d6099a,3.3,41.76
e2081425-c5b0-44d5-aa94-39fe794bb29f,949761d0-bf3d-4d88-aa08-9f7650b04208,267bcafa-37c4-4b02-92c3-b227652497c8,4.01,47.08
83698eac-98c0-4324-b81e-6504c72f97e6,949761d0-bf3d-4d88-aa08-9f7650b04208,bc471493-c860-41fb-9447-d722e0748c36,2.86,71.2
0ab0690c-46cb-44a4-add2-1d8d9ab6ac92,469c0c45-b0e8-4b05-99f5-3a30718172cd,6ceef2d2-1469-48a0-9d65-3453b2d6099a,3.49,41.76
a703a3a9-acc3-4736-9eec-cd694f1c7e34,469c0c45-b0e8-4b05-99f5-3a30718172cd,cd421415-e774-4ace-b0dc-d63a85efee9b,2.71,38.49
9ddde68b-14ae-4ae5-8c12-4078d8c9ea63,469c0c45-b0e8-4b05-99f5-3a30718172cd,e7185a39-0261-4ed3-8614-036ab8432fa2,3.34,27.72
2fa41990-de7a-4027-a2dc-2001b804026c,469c0c45-b0e8-4b05-99f5-3a30718172cd,2948b4d3-301f-481d-8a28-8fbc91814afa,4.08,44.21
e72a2066-e1f1-4aa2-86c6-b7251001df4e,9199f0fa-6a52-41a5-99f8-f10185cd63ea,d848e305-da92-42ae-a09b-220a4628adde,4.12,34.82
60417435-0b97-4db0-88a9-9b2aa027dc24,9199f0fa-6a52-41a5-99f8-f10185cd63ea,14be1626-52a6-4663-a86f-3e63efc5b7f1,4.48,38.65
d042497f-96fb-43ee-9067-52ddf5bca3f6,9199f0fa-6a52-41a5-99f8-f10185cd63ea,5638747c-cb25-4b64-9d98-851c2db06d60,2.21,43.15
a7febec1-86be-4a25-8e2f-c4890c84a00a,9199f0fa-6a52-41a5-99f8-f10185cd63ea,cb60bbbe-2069-47d8-b5e7-b3ea327f47f8,4.09,57.6
5068d0bf-71c5-4790-896d-7773fdfa7f87,9199f0fa-6a52-41a5-99f8-f10185cd63ea,8a79f0bd-7f06-4ca9-80fe-75a8a001957d,1.49,80.93
3c4cdbcf-002a-4920-9480-2db646fc69ec,9199f0fa-6a52-41a5-99f8-f10185cd63ea,ede7e214-7e45-44fa-909e-938a0e7322ea,2.52,55.67
b4288668-7181-4d20-874b-ab57c0cabc3b,dbaebb24-00cf-4f42-b5cd-da36f7509b2b,ee4ae226-aca3-4d7c-8291-771300058d27,4.76,39.81
5c932d9e-0578-4983-8224-02d6197d5cba,dbaebb24-00cf-4f42-b5cd-da36f7509b2b,18fe75c9-121d-44bc-89b9-cc601c87f43e,2.66,48.11
0ac6bb40-8be0-4d3b-af8b-89c581669f83,dbaebb24-00cf-4f42-b5cd-da36f7509b2b,9fde5f92-80d6-4098-9f79-62288afa3012,2.91,44.76
828a80a7-2581-42e6-8574-1de8946065de,dbaebb24-00cf-4f42-b5cd-da36f7509b2b,0de12161-675e-4cbb-96b4-0107237dd341,1.03,17.19
3646970e-7bc8-4579-ae65-3d42d18f4266,dbaebb24-00cf-4f42-b5cd-da36f7509b2b,ba87582f-c244-431b-a4bd-e5bbdf0cf954,2.42,51.54
6be949b5-ec51-4f1a-bc8c-a346f31eb8e0,424317c5-ee26-4a11-8856-f82ed294cb63,5b8c6336-1da2-4e93-a5fb-3781c59c29bb,3.92,39.44
b6126078-47e3-4ace-bd2a-d963991664b8,424317c5-ee26-4a11-8856-f82ed294cb63,590e80bb-af16-404a-9e65-c9a5fb7cd1dd,1.71,35.71
864462fb-8ba5-4114-b12c-4caf23e70c57,424317c5-ee26-4a11-8856-f82ed294cb63,71052cc8-49f3-422f-be43-de34a2259d59,3.78,39.36
119442fd-ef2f-48fb-98ba-d6e85088acf7,424317c5-ee26-4a11-8856-f82ed294cb63,d7fe6fa6-3558-4d24-830f-7b3e26266011,2.19,15.47
7d4e938a-570a-4104-9701-263e925c99bf,6accae49-6263-4fdb-a557-69582298e015,34119d47-c8c2-4772-b53c-97c701be9620,4.52,53.06
069343fc-9000-41d3-9574-8c34108c4b8f,6accae49-6263-4fdb-a557-69582298e015,3fb4e8d6-0eb4-427b-bc00-84dd6f15806c,1.82,42.19
51897857-3855-4185-a574-d5d413f145dd,6accae49-6263-4fdb-a557-69582298e015,8124d850-f372-4140-92f6-6ff393d8ad94,3.49,111.97
f4cd4502-db6a-4a55-ae16-8053a05b317d,220cd897-b6cb-450d-8666-3f2f70b79501,d37292d7-762b-47aa-a24a-518beba4bb0b,1.63,31.58
688044af-7bf1-4be5-b519-60ba5de74405,220cd897-b6cb-450d-8666-3f2f70b79501,ef1edfc3-47b7-4fd4-83d6-8e411458ec16,2.68,35.81
6ab6171a-0b39-4a3f-a824-02e5af880233,220cd897-b6cb-450d-8666-3f2f70b79501,9e466ab4-0753-45f0-b24d-06ca63637b2d,4.93,34.7
ac7ce412-8785-4c70-b94c-a10256b13c62,220cd897-b6cb-450d-8666-3f2f70b79501,0f8e2979-fd0e-4891-afd3-3b4a418d17c1,4.43,49.01
5701f7c1-67c8-4252-819c-043e52dba08f,220cd897-b6cb-450d-8666-3f2f70b79501,01eceb48-f625-49d1-9160-9092e4e32c8f,2.88,77.3
a9d7b6f1-8164-4be9-920b-20932ca5c46b,220cd897-b6cb-450d-8666-3f2f70b79501,6009c106-4a8d-4390-b68f-d80d46087798,4.83,92.44
2bdc78eb-e7e6-4503-85d9-f4663b98c7cd,8ef1dee3-8fe1-4479-864a-7ad30f28cf0d,b99e1dae-48e4-4376-947d-936df1d7d3fd,1.56,25.42
a879a224-4190-436f-8527-e8279190e7b8,8ef1dee3-8fe1-4479-864a-7ad30f28cf0d,0f8e2979-fd0e-4891-afd3-3b4a418d17c1,1.74,49.01
abe80bb1-a14e-452a-881c-4fb198420a52,8ef1dee3-8fe1-4479-864a-7ad30f28cf0d,34119d47-c8c2-4772-b53c-97c701be9620,3.84,53.06
45261e3e-f9bc-46e0-a066-aa84289271d8,8ef1dee3-8fe1-4479-864a-7ad30f28cf0d,4985cb8a-2526-4b48-9622-96507fd818ac,4.04,63.22
eb45a6b2-5570-4723-968c-ce3787cd91eb,39590b38-3d59-4c5e-a0e1-e2c9d6a4b51f,e6a04938-5e34-4328-ae59-6d3dc3f1c0f1,1.03,26.69
35fd3a49-7cd1-42e9-95fe-1686e16380ab,39590b38-3d59-4c5e-a0e1-e2c9d6a4b51f,0f8ffc1d-42dd-4b60-a223-644c0eb7d1c4,1.65,62.63
1c5789c0-c6db-4442-b4d5-48923daa02ae,39590b38-3d59-4c5e-a0e1-e2c9d6a4b51f,88dc8654-525d-4e13-a1c5-26c467b71fdf,2.92,53.29
7b5beaeb-a9d1-4e73-b29d-44516ebdd0e0,a2141487-a9db-4f27-9c98-04e696e8d0b1,6ceef2d2-1469-48a0-9d65-3453b2d6099a,2.35,41.76
7d49cb22-9098-49b1-8a0d-819398488ea2,a2141487-a9db-4f27-9c98-04e696e8d0b1,3a552307-6f65-4c3a-a54d-d271c022e93b,2.36,38.15
4d3003cf-1f76-4d11-a615-cc22884922ca,a2141487-a9db-4f27-9c98-04e696e8d0b1,c1825c45-0d7b-4a7a-8dcb-9551977f9a86,2.83,78.59
c2b04c14-34ce-415e-b9b2-643e959a431a,a2141487-a9db-4f27-9c98-04e696e8d0b1,037383ef-6b0c-4d21-91c9-e5c324305667,4.05,106.85
9ce1bfa1-2f74-4a24-b16f-48b2fa8fd1a2,a2141487-a9db-4f27-9c98-04e696e8d0b1,c6914581-923c-445a-9f9c-eaf0ec5a2c33,2.28,17.46
ded6124e-2ecf-4a49-9e9d-3de7a07f0468,a2141487-a9db-4f27-9c98-04e696e8d0b1,5be7f0f5-1d12-45f3-b308-f664330e8da7,4.9,94.17
841d066f-6b4b-49fb-9d32-e58bcb6936be,5f7b0dd9-c50d-4dde-82fe-82aa30c1947d,e8e1f6be-df4b-472a-b946-31dfbfb43dd2,2.59,41.2
36b4d32d-3849-4e89-87e5-a06ac51943fb,5f7b0dd9-c50d-4dde-82fe-82aa30c1947d,0921c244-e74f-43b4-b909-08651f21641e,1.57,37.16
2317549e-b338-42d5-a5aa-e703da0fe8b6,5f7b0dd9-c50d-4dde-82fe-82aa30c1947d,cabd7ff0-1bed-4ba5-bf93-93b2b0f3cc62,3.93,45.87
33cdb8d5-7563-4003-a203-6eade269f383,5f7b0dd9-c50d-4dde-82fe-82aa30c1947d,c6914581-923c-445a-9f9c-eaf0ec5a2c33,2.13,17.46
fe228ca9-d19d-4a43-8f7c-1eefda42fcb4,5f7b0dd9-c50d-4dde-82fe-82aa30c1947d,5be7f0f5-1d12-45f3-b308-f664330e8da7,3.16,94.17
5346ee9e-1ed0-4039-9d76-626fbe9dab72,1a4e84d9-39ef-4ee7-ac55-de21da28f2a8,5ac74607-116b-439d-bc3c-14d60fbbf3c9,4.77,41.06
e281f003-ccae-43b5-8b44-44c302ba8b20,1a4e84d9-39ef-4ee7-ac55-de21da28f2a8,0921c244-e74f-43b4-b909-08651f21641e,2.11,37.16
7579202a-fd30-4201-a5bb-3f111c7c29d8,1a4e84d9-39ef-4ee7-ac55-de21da28f2a8,fd8c9d08-eb21-41d5-9636-2248c81282bf,2.19,89.15
d8e75810-df80-4bb9-85be-a0c0843cb3b8,1a4e84d9-39ef-4ee7-ac55-de21da28f2a8,28e011b1-cf12-42d0-8034-c80656e0c0d5,4.57,112.53
a9473127-65d9-4e69-89ec-9eb2f5927b87,1a4e84d9-39ef-4ee7-ac55-de21da28f2a8,c6914581-923c-445a-9f9c-eaf0ec5a2c33,1.0,17.46
a1b9a846-6f60-4d6e-88fa-fec19aab2092,1a4e84d9-39ef-4ee7-ac55-de21da28f2a8,fd4c43d3-f5e0-409b-a594-ab22ee5b2788,1.84,78.08
eec9d65d-86ac-41a3-b05f-db20efa02604,2d8c41a9-d793-4596-aecc-2c8dba22acdd,e8e1f6be-df4b-472a-b946-31dfbfb43dd2,3.58,41.2
c9fd867e-bafc-4ee4-b263-0dac79ba111d,2d8c41a9-d793-4596-aecc-2c8dba22acdd,0921c244-e74f-43b4-b909-08651f21641e,1.99,37.16
c99da6b8-e878-4b41-803c-ffa9e2536602,2d8c41a9-d793-4596-aecc-2c8dba22acdd,162fd482-95af-4ce7-bd04-543854fda1fd,4.85,93.61
254440c4-91ab-4015-9025-75c3b80a27bc,2d8c41a9-d793-4596-aecc-2c8dba22acdd,43feb303-a583-451a-bf7d-b766f4a40b12,1.49,112.1
141f5daa-8c9a-4d07-b0c2-b593810c36e2,2d8c41a9-d793-4596-aecc-2c8dba22acdd,300c236a-5cf1-4646-b74a-bd449ed18374,1.41,17.69
f58a8759-7325-4c73-8c9c-c917d8bbceda,61fd415f-5ce0-46b4-b680-5a2e1392ae6d,30e24fd5-2a5d-495d-a6d4-5b181b73efb0,4.29,32.3
c8d02fec-4a1a-45a9-aa27-f22114371490,61fd415f-5ce0-46b4-b680-5a2e1392ae6d,fc99c491-28ac-40fc-bd3b-edf6d3a3588b,1.28,44.42
20ccc144-f350-4476-8928-d0c39602dea8,61fd415f-5ce0-46b4-b680-5a2e1392ae6d,6ceef2d2-1469-48a0-9d65-3453b2d6099a,4.5,41.76
8cadb0a7-a75d-4a5e-b08f-b1f8058ad132,61fd415f-5ce0-46b4-b680-5a2e1392ae6d,ef03f9f5-d4ae-43ae-9c98-2b1ac1e2bf87,1.45,60.6
2d11c832-f749-4b00-acdd-4bca33c8fe3f,61fd415f-5ce0-46b4-b680-5a2e1392ae6d,d042b9c0-0d2c-4cc1-807d-2c6a1f82c476,4.03,77.08
ba791c58-bcb8-454f-93fb-ce137cfcfb1f,7f0bc705-d545-4703-8b76-386c47777f73,0031e56a-e740-4991-af49-d3cac14a83eb,4.46,33.43
67057336-4a45-47fb-9caa-072fd8bdffcc,7f0bc705-d545-4703-8b76-386c47777f73,3a552307-6f65-4c3a-a54d-d271c022e93b,4.62,38.15
c8039de5-0e24-4c2b-9998-d3e56f801341,7f0bc705-d545-4703-8b76-386c47777f73,bf9e355c-e1c9-428e-906d-8e9a455ce885,4.93,37.18
16dc4336-a460-42c7-a4aa-07aa9b48863e,7f0bc705-d545-4703-8b76-386c47777f73,ef03f9f5-d4ae-43ae-9c98-2b1ac1e2bf87,1.97,60.6
85e2316b-1b27-4349-b7eb-4f3815a3d511,7f0bc705-d545-4703-8b76-386c47777f73,d042b9c0-0d2c-4cc1-807d-2c6a1f82c476,1.42,77.08
b68dfe40-e452-423c-ba02-3ffb50264b2d,7f0bc705-d545-4703-8b76-386c47777f73,c2e712d4-fa5d-4331-96a6-e1b4233c081b,3.43,58.11
18c39a52-778f-4dbf-be3e-ba503d820a3d,08eb04e6-d725-45fb-9e11-fbf20e8bce5d,e7185a39-0261-4ed3-8614-036ab8432fa2,2.44,27.72
ddcd1b1f-f0bd-4cc4-8f66-e254dda08bd6,08eb04e6-d725-45fb-9e11-fbf20e8bce5d,ff6ed914-1af0-4743-a219-3c47dd0455f8,4.26,47.73
361c829c-14fe-41fc-a503-5a6a177190b5,08eb04e6-d725-45fb-9e11-fbf20e8bce5d,bf9e355c-e1c9-428e-906d-8e9a455ce885,4.41,37.18
ed69c916-8edf-4da2-95d7-8f30eab48bbc,08eb04e6-d725-45fb-9e11-fbf20e8bce5d,ef03f9f5-d4ae-43ae-9c98-2b1ac1e2bf87,4.25,60.6
4ba28c9d-4d07-40d7-acc0-6fe911871059,08eb04e6-d725-45fb-9e11-fbf20e8bce5d,ee4da463-7838-44cc-ba60-059bd0de9197,4.63,70.15
4c95b904-83c6-41d9-85c0-3b038bf40eb6,08eb04e6-d725-45fb-9e11-fbf20e8bce5d,11c8c1f3-45ad-4242-b7e7-ea4567b89d10,1.4,59.04
7eaa0812-60a8-4272-9935-5293325c6639,1b6b93b2-86e8-4623-b85c-4b30ca707b59,53375854-801f-4fc4-9bca-a764bf6963fe,4.07,42.95
c05b6094-502b-411b-a948-2903d90103fc,1b6b93b2-86e8-4623-b85c-4b30ca707b59,3fb4e8d6-0eb4-427b-bc00-84dd6f15806c,4.08,42.19
bad9b039-a273-4665-b996-68eb305284e3,1b6b93b2-86e8-4623-b85c-4b30ca707b59,7a7c4c3b-cbaa-425a-94c8-f3bcd4fe371d,4.01,117.52
ee7ed836-e730-41ed-bc3b-41e68d058dfd,6a184827-2714-42aa-a2d4-e7cac5f11822,6dfa977d-ac40-4b0c-9944-77f5fc5892c4,3.56,47.7
16c4f99b-7997-4f73-b10e-98cfb87703a3,6a184827-2714-42aa-a2d4-e7cac5f11822,1a485340-f614-4da7-9953-4cbb2f709dc6,3.56,41.07
23bd6a3b-f877-444f-afc7-4e410133c7ae,6a184827-2714-42aa-a2d4-e7cac5f11822,7a7c4c3b-cbaa-425a-94c8-f3bcd4fe371d,2.4,117.52
3e4e05d1-0c78-4f14-b2fd-ac2021d4a8be,5126eef8-2f82-42b9-852b-e7a17ae38ae5,53375854-801f-4fc4-9bca-a764bf6963fe,3.47,42.95
3d3149da-a9da-484d-864b-3682bcd03da4,5126eef8-2f82-42b9-852b-e7a17ae38ae5,265e1ca7-c45b-473b-b818-6c1e60c08a99,1.36,42.37
3cf5a0f8-15f7-483f-a0d8-62911e7867c8,5126eef8-2f82-42b9-852b-e7a17ae38ae5,9752f5b8-1a9f-485f-954c-d7c75c88038f,4.41,138.46
5a228bfc-73c0-4313-83cd-f313ecba51a4,5126eef8-2f82-42b9-852b-e7a17ae38ae5,1dc6cad2-e9f6-4668-8161-d4cccfe729a4,2.59,29.23
746940e8-ce99-42d1-b91b-7ec73a016f3b,9db1f859-713b-4ef7-9b51-32c95ed563dc,6e1f18a9-7abb-46a0-81bd-8f86711777f3,1.11,34.65
eca54f06-c0b6-4ef6-8f5a-bd2579f474ba,9db1f859-713b-4ef7-9b51-32c95ed563dc,a30967de-2eeb-4230-9552-7c88ededd081,1.98,42.09
3dd77f98-8266-4df8-9c2d-ff7215fe396c,9db1f859-713b-4ef7-9b51-32c95ed563dc,73697b54-c6e2-44c9-8814-663dd2d9dba7,1.58,85.22
e314516d-198d-4210-a6ed-7ca12e894153,9db1f859-713b-4ef7-9b51-32c95ed563dc,8c7704b4-3de8-4fbb-92a9-2c64d6d4ecee,2.93,115.4
6e06576d-8701-4b92-ae64-598a5784038c,9db1f859-713b-4ef7-9b51-32c95ed563dc,431c6fc2-0f8a-4db6-ae8e-8a20bad8a86f,1.38,17.62
309e46ba-f8d0-4082-bb34-057c97b66e5b,9db1f859-713b-4ef7-9b51-32c95ed563dc,ffcbe3ac-c1c6-4338-b2aa-421e7396924a,3.51,59.97
59e5e872-7b08-4054-ac02-5aaef4a8ca0a,32410ef3-843d-450b-bbf9-da4961ca0d57,6dfa977d-ac40-4b0c-9944-77f5fc5892c4,2.29,47.7
cc9a2230-5173-4ec9-807c-2f60da050fa7,32410ef3-843d-450b-bbf9-da4961ca0d57,84880841-242e-47ad-b889-243a3d69f06a,1.99,34.26
75cc25fe-04f7-472a-ae5e-0c8c255fb913,32410ef3-843d-450b-bbf9-da4961ca0d57,7a7c4c3b-cbaa-425a-94c8-f3bcd4fe371d,3.14,117.52
2f4ce7c0-23a5-443b-965b-92e60536bf2b,d4d0730e-8e13-432a-bf34-587afc0a27f1,f5ecb502-edeb-4f3d-9b76-0d53f2ba0bcf,1.26,36.94
5d99d8b6-5b42-4351-bc6a-f7e28f2c9695,d4d0730e-8e13-432a-bf34-587afc0a27f1,b4c436be-f3b0-415f-bf41-4043d721bf73,2.12,23.38
f27c8001-e698-4270-9293-7e98cc8d0eb7,d4d0730e-8e13-432a-bf34-587afc0a27f1,15e9cdb5-ab3a-4a67-b1e4-e8a4e2469815,2.91,61.06
f42457b2-9475-456d-85d7-0d4b5940afae,a36a5d02-80d5-48af-8b64-c95d0777bd7d,91cc837c-d604-411e-809c-ace8df152781,4.94,42.04
caf7daf9-289c-4bf0-bca4-aea24af6db9e,a36a5d02-80d5-48af-8b64-c95d0777bd7d,0c04e9e0-bb76-47a7-a14d-f2eff4f256d8,1.62,27.65
567dc60c-7077-4e63-8253-f5bb5bb5693d,a36a5d02-80d5-48af-8b64-c95d0777bd7d,f725f521-e54b-4b98-bef4-b645547b1610,3.28,52.62
75378db4-4a69-478f-89a8-86cce8746f71,0961c4be-51ed-4d57-92f6-9491ed206fb7,1bb87e6c-1ef0-4ba0-9166-0a2eb7a7df7e,3.46,35.66
d920e842-6ad6-45d6-94b3-87ddbd88e9ca,0961c4be-51ed-4d57-92f6-9491ed206fb7,e6a04938-5e34-4328-ae59-6d3dc3f1c0f1,2.47,26.69
75e69044-38bd-41fb-b2cb-6295b257546e,0961c4be-51ed-4d57-92f6-9491ed206fb7,f725f521-e54b-4b98-bef4-b645547b1610,4.34,52.62
c9af6027-4a24-4f6f-8376-efb02adc598d,0961c4be-51ed-4d57-92f6-9491ed206fb7,c7753905-347d-4399-b42f-7855b236aa8e,2.33,53.1
200d47c7-880e-48a0-90c2-1c56e997e1e0,510f0163-c039-4366-99e4-8859cbf0ef13,7e966e66-f79b-4e76-b29c-f497a16698ed,2.42,84.59
58ebfc07-d8fa-4574-ad8c-8c7bfbd79e6c,510f0163-c039-4366-99e4-8859cbf0ef13,25f04353-3717-43fc-8cda-10082eb64989,1.36,93.79
d423d659-b1bd-4609-a65f-73e7dbc39ce4,510f0163-c039-4366-99e4-8859cbf0ef13,cb56deaa-8d41-4adc-8a3f-3bdf869aed1e,4.94,47.21
a0a9b532-b87b-406a-9187-7b08f993ff20,510f0163-c039-4366-99e4-8859cbf0ef13,9343e411-1342-4af6-b84c-49ab26ee23f0,2.05,17.66
4529ee04-58d7-4b25-9ebf-3529676960e6,4658b1f9-a599-4069-a5b1-9eb528a7ead3,2afaf5f3-0c2f-43fa-9e3d-c2b394605f1a,4.2,74.62
e51538b0-9f31-42c8-9d2e-f04a76699314,4658b1f9-a599-4069-a5b1-9eb528a7ead3,d2ee5f06-0a65-4618-96e6-c27bc21be525,4.82,100.52
1c4d3787-8719-4281-84cc-29a03c8f1809,4658b1f9-a599-4069-a5b1-9eb528a7ead3,33b8b450-7c1f-41ce-878c-fb991290c907,3.14,49.25
d8374216-a91d-49fa-b2ae-d288a661f049,4658b1f9-a599-4069-a5b1-9eb528a7ead3,9e62c28d-8fc0-432a-b85d-e57755b7a392,2.74,15.82
7c1fec35-2279-4edd-a662-d10430842531,4658b1f9-a599-4069-a5b1-9eb528a7ead3,3a34d1a4-8f79-4d3b-8d81-bb5fd72a1b3a,4.57,50.08
c37b689b-8d4c-43c4-bb4b-5c0d731e1c0a,61b89425-a8b6-4574-bac1-9bdf4b2b8e5e,2afaf5f3-0c2f-43fa-9e3d-c2b394605f1a,3.36,74.62
84467b59-5121-4691-9ead-fe2972f06fe9,61b89425-a8b6-4574-bac1-9bdf4b2b8e5e,d2ee5f06-0a65-4618-96e6-c27bc21be525,3.41,100.52
5decd0e2-f9ed-4ad3-bfa4-f06dd56f7cb2,61b89425-a8b6-4574-bac1-9bdf4b2b8e5e,1fb51520-9238-438a-b8e4-17a7803354a7,4.71,51.23
5320075f-a085-4eae-95fd-faf6a5087e8d,61b89425-a8b6-4574-bac1-9bdf4b2b8e5e,32fc637e-f9fe-4fc6-9e2a-675ee8c4feee,2.57,18.76
4e262d1f-fb04-42db-ba30-abb4ce6c5d37,61b89425-a8b6-4574-bac1-9bdf4b2b8e5e,9f9f1e08-6d32-48a2-a341-bbaba82c8f65,2.35,47.44
6f4b429f-b603-4edd-9d21-c990d2d45095,953e1548-6b94-4381-9b76-0a97732da46a,2afaf5f3-0c2f-43fa-9e3d-c2b394605f1a,4.65,74.62
3dd2ac87-05c5-4525-b91b-babb68b3f504,953e1548-6b94-4381-9b76-0a97732da46a,cdbbec30-7793-4d61-884e-57040023b974,2.58,110.8
da35424a-35b6-4c0b-adb0-47fadf5fb2bb,953e1548-6b94-4381-9b76-0a97732da46a,33b8b450-7c1f-41ce-878c-fb991290c907,1.54,49.25
a99ce957-c19a-4187-93b8-473a0095070c,953e1548-6b94-4381-9b76-0a97732da46a,019151cf-91d6-487b-a2fe-afcd1bc9cd70,2.89,19.53
fb31b39b-5759-42d1-877a-60b31ef4c23a,953e1548-6b94-4381-9b76-0a97732da46a,27b7bd08-eb19-4d34-8cc6-3e49ea12d010,2.51,99.73
d2f8682f-1249-4712-887d-6d6e6d335fc3,21a80e08-1713-4d3e-af0e-c36f32036ed2,2afaf5f3-0c2f-43fa-9e3d-c2b394605f1a,1.75,74.62
78bb31af-b33a-4c0a-8625-fd94192f6508,21a80e08-1713-4d3e-af0e-c36f32036ed2,67c8f787-036a-4e80-bf5c-615d33d60cb8,3.17,119.04
84d86b9e-97cd-4821-813f-d371b8784cb5,21a80e08-1713-4d3e-af0e-c36f32036ed2,70e90051-397e-40bf-833c-120d977f7445,1.11,42.37
57ab58fa-7bc0-4b1f-bb44-df2234926386,21a80e08-1713-4d3e-af0e-c36f32036ed2,32fc637e-f9fe-4fc6-9e2a-675ee8c4feee,1.38,18.76
2c29f87a-7b2e-4051-b5ec-bb6baca4033b,b99ca377-3398-49d7-9919-2a03ce3db62f,2afaf5f3-0c2f-43fa-9e3d-c2b394605f1a,4.57,74.62
13ae1f5b-03d1-43bb-afa4-e33d9bcca916,b99ca377-3398-49d7-9919-2a03ce3db62f,d2ee5f06-0a65-4618-96e6-c27bc21be525,2.98,100.52
172471d8-d029-4177-b3ca-2546b0c158d6,b99ca377-3398-49d7-9919-2a03ce3db62f,33b8b450-7c1f-41ce-878c-fb991290c907,4.69,49.25
30332b83-b136-41d7-bdb3-31ffea60834c,b99ca377-3398-49d7-9919-2a03ce3db62f,9e62c28d-8fc0-432a-b85d-e57755b7a392,2.85,15.82
c61bb10a-6ecc-45c4-a0f3-fdb466e3d907,0b51f9a2-c692-4455-a1de-071b58706a59,6ceef2d2-1469-48a0-9d65-3453b2d6099a,4.53,41.76
bd7ddc9a-bd14-4586-8c96-aa7b5110fbaf,0b51f9a2-c692-4455-a1de-071b58706a59,cd421415-e774-4ace-b0dc-d63a85efee9b,1.82,38.49
5f1ab4ca-f90b-4841-8adc-1856e4722884,0b51f9a2-c692-4455-a1de-071b58706a59,0031e56a-e740-4991-af49-d3cac14a83eb,2.64,33.43
df8cf7e7-09f8-4117-ba09-a209e482ecc6,1d0e81b1-6068-4419-a8a0-4a126431c3b1,6ceef2d2-1469-48a0-9d65-3453b2d6099a,1.52,41.76
802a4305-923a-44dc-ad55-2f1c317121bb,1d0e81b1-6068-4419-a8a0-4a126431c3b1,cd421415-e774-4ace-b0dc-d63a85efee9b,1.46,38.49
93daaf4f-533b-4745-ac97-bcb4b95fa965,1d0e81b1-6068-4419-a8a0-4a126431c3b1,cabd7ff0-1bed-4ba5-bf93-93b2b0f3cc62,3.15,45.87
8b67418f-821f-41f2-81d4-baf98401dec6,1d0e81b1-6068-4419-a8a0-4a126431c3b1,32fc637e-f9fe-4fc6-9e2a-675ee8c4feee,1.57,18.76
20e28e2b-7e39-42ef-8ae1-262fa9fa5471,b9d33a43-ce2f-43cb-a8e9-0edb1681f535,5638747c-cb25-4b64-9d98-851c2db06d60,1.51,43.15
a96be860-9fc0-47ec-993e-1a2f0ad2f30f,b9d33a43-ce2f-43cb-a8e9-0edb1681f535,cd421415-e774-4ace-b0dc-d63a85efee9b,1.45,38.49
7ba4943d-7f92-4d56-a0db-4c0d0f1b254e,b9d33a43-ce2f-43cb-a8e9-0edb1681f535,54e68afd-8558-4ef5-85a1-3e2ff3b0d76a,1.74,28.68
9ea80af4-7cc5-4004-b0d1-fdb281de6bcb,7989ab80-21b0-45d5-8cfd-8014c0c4959a,5638747c-cb25-4b64-9d98-851c2db06d60,4.07,43.15
48d49957-480a-4d13-aad2-960014f14310,7989ab80-21b0-45d5-8cfd-8014c0c4959a,cd421415-e774-4ace-b0dc-d63a85efee9b,4.79,38.49
40d37529-fe29-4a36-8856-b001b13be304,7989ab80-21b0-45d5-8cfd-8014c0c4959a,0031e56a-e740-4991-af49-d3cac14a83eb,4.69,33.43
b697b754-bc0f-464d-9aef-0eefdf8ff289,7c0f7e87-e4da-41bf-92d3-86042b0190c5,6ceef2d2-1469-48a0-9d65-3453b2d6099a,3.63,41.76
210f6341-03da-457e-a8de-2a1e3775b690,7c0f7e87-e4da-41bf-92d3-86042b0190c5,fc99c491-28ac-40fc-bd3b-edf6d3a3588b,1.28,44.42
bc83017a-012c-4d1e-bb5a-13771d5b16ac,7c0f7e87-e4da-41bf-92d3-86042b0190c5,70e90051-397e-40bf-833c-120d977f7445,1.57,42.37
82c11290-19ab-4127-a778-d12d5c62f0ac,7c0f7e87-e4da-41bf-92d3-86042b0190c5,c6914581-923c-445a-9f9c-eaf0ec5a2c33,1.82,17.46
bd6d13c7-fdd7-4423-9f25-69ef73dda4bb,c46efe80-8736-4762-a16e-1267865b9597,6e1f18a9-7abb-46a0-81bd-8f86711777f3,3.25,34.65
90cfc828-3435-405d-b8b2-81afbb9fb226,c46efe80-8736-4762-a16e-1267865b9597,a606e6d1-bc53-4773-8d0e-ebb7825f84de,4.43,37.2
69b6d264-e2ef-4699-a9aa-cf3a34812a53,c46efe80-8736-4762-a16e-1267865b9597,70e90051-397e-40bf-833c-120d977f7445,1.08,42.37
8058dab3-3d9b-4d95-8bb1-d9e970dd3e46,c46efe80-8736-4762-a16e-1267865b9597,c6914581-923c-445a-9f9c-eaf0ec5a2c33,1.56,17.46
8d24d793-6d40-4328-9ed7-43c85cf91ebc,f4c69be1-0185-462e-9c6a-4279612842bd,9e466ab4-0753-45f0-b24d-06ca63637b2d,3.15,34.7
7e82a9f4-71c1-4cd3-91d3-c3ac68b5d059,f4c69be1-0185-462e-9c6a-4279612842bd,c2baad76-3877-4321-9e02-47d4f8e4cc46,2.15,46.61
d08078db-cb0c-4d9d-9d4d-0978078a7590,f4c69be1-0185-462e-9c6a-4279612842bd,2be07e4c-3dbf-42e5-90c3-26540a177fd1,5.0,47.69
f098f927-b79f-4b8c-9417-fdec4e6e7a12,f4c69be1-0185-462e-9c6a-4279612842bd,c6914581-923c-445a-9f9c-eaf0ec5a2c33,1.86,17.46
46ca88fc-12fc-4a1b-8307-3862738ce090,f4c69be1-0185-462e-9c6a-4279612842bd,fd4c43d3-f5e0-409b-a594-ab22ee5b2788,3.84,78.08
248abcef-e273-4b24-81d3-0d6249737f00,aa9c986d-fec1-40ed-bba8-111cd7fdd270,9e466ab4-0753-45f0-b24d-06ca63637b2d,2.78,34.7
be5f7a52-1eff-4462-876f-fc71b69af5ce,aa9c986d-fec1-40ed-bba8-111cd7fdd270,cd421415-e774-4ace-b0dc-d63a85efee9b,2.35,38.49
b45c9f07-13cb-42b2-84fa-6ad3d69c97d3,aa9c986d-fec1-40ed-bba8-111cd7fdd270,70e90051-397e-40bf-833c-120d977f7445,1.98,42.37
7fd23132-c184-4bbf-aacf-f04782ec6a6b,aa9c986d-fec1-40ed-bba8-111cd7fdd270,c6914581-923c-445a-9f9c-eaf0ec5a2c33,2.8,17.46
2c40d695-aa8e-4760-ba68-789c40014272,bbc74c85-4f58-4cc3-ae55-31f214d8212f,93e72030-6ff8-43c4-8fed-6ec2084ee35e,1.1,25.94
90a273eb-8728-4632-8e0f-e50e5f670352,bbc74c85-4f58-4cc3-ae55-31f214d8212f,15e9cdb5-ab3a-4a67-b1e4-e8a4e2469815,4.56,61.06
045812f0-06cc-47ee-8bfb-b0bfefd5077b,bbc74c85-4f58-4cc3-ae55-31f214d8212f,4049d501-b0c1-4269-9ebe-1b50c2150384,2.73,47.67
3653ad6b-9f1b-4f4b-aa7d-a73d59a04cdf,fc2671cd-e589-4217-9fe7-71c8bce069b2,9d200418-2fc9-4275-afd3-387660366ffb,1.3,26.0
4402ae29-7f8d-43b2-8c28-7c735bf9c782,fc2671cd-e589-4217-9fe7-71c8bce069b2,0f8ffc1d-42dd-4b60-a223-644c0eb7d1c4,4.47,62.63
c2fe4410-9908-4d3f-8c63-ccd0f17d2bc5,fc2671cd-e589-4217-9fe7-71c8bce069b2,a0b08496-a82f-4cd0-be10-3ab342d8be86,2.26,43.76
d41d9cce-b196-4922-9c70-590815322915,fc2671cd-e589-4217-9fe7-71c8bce069b2,fd4c43d3-f5e0-409b-a594-ab22ee5b2788,3.7,78.08
97775f9b-e5c7-491b-8925-99d409365e74,f3eac322-d110-4d73-838d-9237f7aa2b52,9d200418-2fc9-4275-afd3-387660366ffb,1.73,26.0
fbe991c2-3b2a-493f-baa9-1eaa14f9668e,f3eac322-d110-4d73-838d-9237f7aa2b52,ef03f9f5-d4ae-43ae-9c98-2b1ac1e2bf87,4.62,60.6
9c9c0094-f628-493d-bb7a-455d80140d80,f3eac322-d110-4d73-838d-9237f7aa2b52,34119d47-c8c2-4772-b53c-97c701be9620,3.81,53.06
f701a437-a580-47dc-89a6-bf73af42682e,f3eac322-d110-4d73-838d-9237f7aa2b52,b784d501-caa1-4dbd-baa2-881e03e8d313,4.6,28.81
24a9cba9-4d86-4827-892f-566a8d38ce86,51691405-0ec8-4ee4-b372-09156305ab35,eeefd9b6-1b40-41ed-ba70-4f51c247226a,2.82,22.23
32b17dd0-7155-47b1-8c32-ec677209872f,51691405-0ec8-4ee4-b372-09156305ab35,469de709-3edd-4ecf-b373-98a004b5f3ae,1.54,61.29
29acac0d-3d8a-463f-87eb-dea50ab42932,51691405-0ec8-4ee4-b372-09156305ab35,16d265ed-77a0-4a24-afb5-719cba043ada,2.91,47.75
11f12add-7f9c-46e8-8b15-c2cbaa2027aa,7a93a558-78b3-4684-bba0-db73e78decfd,48c05eff-6a2c-4517-9f87-23a6d289b906,1.28,33.88
e6c9aaa9-677b-427a-9c74-c73e11d94401,7a93a558-78b3-4684-bba0-db73e78decfd,aae46e83-5eca-4bae-83be-d1af00c5cdc0,3.71,37.81
cb37cf19-92fa-4bad-85a7-64921f7e8f5b,7a93a558-78b3-4684-bba0-db73e78decfd,fd8c9d08-eb21-41d5-9636-2248c81282bf,4.85,89.15
fd20dcd0-949d-4b08-8ec7-49311a4f8691,7a93a558-78b3-4684-bba0-db73e78decfd,c6f3f0c3-6d77-4e67-be13-948cb6aff21e,2.42,122.72
3875f707-fa8e-489e-8d2a-3274d01433f9,7a93a558-78b3-4684-bba0-db73e78decfd,c50ff350-8d5c-44a4-b91f-08c8a0a5c99f,2.98,20.16
6974e0c1-4388-4190-b245-3977c47cedbf,7a93a558-78b3-4684-bba0-db73e78decfd,02e5b404-20cc-418d-a7b0-36017ac6406e,4.93,103.06
f8ba24b7-2c9c-41a9-a89b-06f46104853a,7b6f189d-9543-4ada-ad34-051c898e1cfc,c8ab7e01-9ce6-44bf-9bcc-a325e05802a4,4.0,41.38
17fd95f3-2f67-49ed-9466-df370390ea57,7b6f189d-9543-4ada-ad34-051c898e1cfc,fc99c491-28ac-40fc-bd3b-edf6d3a3588b,3.64,44.42
14d2a3d0-5c6d-4da6-929e-1f744fb77b51,7b6f189d-9543-4ada-ad34-051c898e1cfc,fd8c9d08-eb21-41d5-9636-2248c81282bf,3.94,89.15
4de8f686-b977-41d8-9201-139776764527,7b6f189d-9543-4ada-ad34-051c898e1cfc,25f04353-3717-43fc-8cda-10082eb64989,2.52,93.79
f85798c4-7fc4-45da-87f5-5b96da7eb9e2,7b6f189d-9543-4ada-ad34-051c898e1cfc,32fc637e-f9fe-4fc6-9e2a-675ee8c4feee,1.67,18.76
504a6d08-a451-4d60-b22b-9a8e1566d10d,7b6f189d-9543-4ada-ad34-051c898e1cfc,644cb430-839e-4d94-abc5-2aefa812d87c,2.63,26.86
0718794b-ef7c-47ec-b8e0-789af6435351,b321ab06-42ab-49b2-a242-11e6b162479c,6e1f18a9-7abb-46a0-81bd-8f86711777f3,4.24,34.65
3a677457-18c6-4679-a166-d2e7cd4cc0c5,b321ab06-42ab-49b2-a242-11e6b162479c,a606e6d1-bc53-4773-8d0e-ebb7825f84de,1.97,37.2
f6311697-ac86-4e13-9cfc-e39ae0205667,b321ab06-42ab-49b2-a242-11e6b162479c,fd8c9d08-eb21-41d5-9636-2248c81282bf,4.12,89.15
2a46e8ac-6d3e-4687-ac46-a1ffcb146866,b321ab06-42ab-49b2-a242-11e6b162479c,25f04353-3717-43fc-8cda-10082eb64989,3.95,93.79
19d0efa2-2b16-4c73-b544-d759988fc428,b321ab06-42ab-49b2-a242-11e6b162479c,10f05ff2-ae9e-42f6-9878-a22a6ac8d86c,1.31,16.94
168fc9fd-9562-43dc-b52e-0ede3cc96b95,b321ab06-42ab-49b2-a242-11e6b162479c,6009c106-4a8d-4390-b68f-d80d46087798,3.52,92.44
9977068c-75ea-4036-9d3c-b7abaf4d5cb3,4033a21c-6168-4fd2-8be7-817c5babc5e0,9f51b935-07d8-4b4c-8d00-113810aa5770,1.02,46.49
29912a31-03c7-470e-bd32-f2fa66728385,4033a21c-6168-4fd2-8be7-817c5babc5e0,29678b9f-85cc-4478-80dd-b15bfdc3fc2f,1.84,35.44
2fcd4d6d-7b90-4655-93fd-1a00b78cb1d0,4033a21c-6168-4fd2-8be7-817c5babc5e0,9752f5b8-1a9f-485f-954c-d7c75c88038f,2.28,138.46
d06a679c-3c75-4dd1-9760-e47e4e313435,4033a21c-6168-4fd2-8be7-817c5babc5e0,eacee681-5685-4706-b16e-0bf681414fbe,3.83,71.78
3e097f5b-b140-4d25-a92b-35d4dc16f0ab,3fa3eccf-879d-4e34-bae6-8feb5f2f02e8,ce228021-e222-4cb4-afed-b4079dd03dde,3.8,34.21
7bcb5459-eefe-4e36-877e-47117f60b30f,3fa3eccf-879d-4e34-bae6-8feb5f2f02e8,c2baad76-3877-4321-9e02-47d4f8e4cc46,4.39,46.61
712801e4-0474-4f30-8688-9341e9ae8949,3fa3eccf-879d-4e34-bae6-8feb5f2f02e8,acea3378-4bf7-4d40-8a6e-bab5fadc2196,3.54,34.09
011ed22a-fcf6-4b22-96d5-f5144cf21080,3fa3eccf-879d-4e34-bae6-8feb5f2f02e8,5f7fe85b-a41f-445e-83dd-d16cd8b90fc2,1.87,55.37
8e0fbbf8-d84d-4bc7-9146-be42a398b49b,3fa3eccf-879d-4e34-bae6-8feb5f2f02e8,ac50a9d6-f382-4ee3-af21-25a4d7df3eb5,3.12,83.99
fc31dc4d-d644-4fb1-9c01-462d50f4e584,9ba5f4c7-c8bc-4a64-88fd-b931560bd123,334f6d5d-6c87-46e3-b054-4261bb3ac1e2,1.05,29.75
e217db32-7789-46fa-bdd7-43f6ad4e4cf2,9ba5f4c7-c8bc-4a64-88fd-b931560bd123,c2baad76-3877-4321-9e02-47d4f8e4cc46,3.79,46.61
93dd8cd8-90f1-4bb3-8e89-741eaed23a97,9ba5f4c7-c8bc-4a64-88fd-b931560bd123,f7bc89a4-3acf-4f49-af2d-c878fc6e6f45,2.05,35.19
1ecd704a-3830-47e8-8c4b-0e708bfffbd6,9ba5f4c7-c8bc-4a64-88fd-b931560bd123,5f7fe85b-a41f-445e-83dd-d16cd8b90fc2,2.48,55.37
f57c0954-be76-474e-9b23-8795e3ab9bc4,9ba5f4c7-c8bc-4a64-88fd-b931560bd123,ac50a9d6-f382-4ee3-af21-25a4d7df3eb5,1.91,83.99
d99a661f-37fa-4e69-9694-6f5f7096cb15,2db0a672-5572-4a32-b964-61e0ea65b094,ce228021-e222-4cb4-afed-b4079dd03dde,3.95,34.21
b35a1f26-b9ac-4fa1-9185-8c58f912260d,2db0a672-5572-4a32-b964-61e0ea65b094,c2baad76-3877-4321-9e02-47d4f8e4cc46,4.15,46.61
5963f7a9-026d-43c2-9d78-cc07bc1be62a,2db0a672-5572-4a32-b964-61e0ea65b094,91cc837c-d604-411e-809c-ace8df152781,2.6,42.04
77ecf184-d918-4740-b61b-8582ca998f19,2db0a672-5572-4a32-b964-61e0ea65b094,6fcc34f9-1490-4c70-ae89-f338a3157ec6,1.6,50.74
d161c0ba-c9b2-44b6-a895-8f427900ef28,2db0a672-5572-4a32-b964-61e0ea65b094,ac50a9d6-f382-4ee3-af21-25a4d7df3eb5,2.57,83.99
687fa37d-0fba-49aa-96fb-43036b9e7f17,ad6f7ee5-f180-43ef-939e-623399558c75,02c672a6-e5ef-4c2f-be80-d74b4bdda901,2.95,52.64
ecbb4032-c37d-4407-ae33-5233acc9fc0a,ad6f7ee5-f180-43ef-939e-623399558c75,2fc6e23e-4b20-4c24-9330-6bf4084694bd,2.95,37.55
3c94dc42-fb56-44ee-84aa-7b9a1c2700c4,ad6f7ee5-f180-43ef-939e-623399558c75,8124d850-f372-4140-92f6-6ff393d8ad94,1.27,111.97
22e8a5d2-5451-449b-aaab-3abcaadfd1d4,9e0c6617-c431-48d8-a99d-59f41a551ba3,d58dced7-cfe0-4214-b87d-2cfb44f0ad65,4.83,42.81
f785b294-667d-4493-8902-a446bf5e4de1,9e0c6617-c431-48d8-a99d-59f41a551ba3,3fb4e8d6-0eb4-427b-bc00-84dd6f15806c,3.74,42.19
9cca82b2-f621-46a8-9e22-9648a45b17fd,9e0c6617-c431-48d8-a99d-59f41a551ba3,8124d850-f372-4140-92f6-6ff393d8ad94,3.12,111.97
594306b7-fe93-4820-bf46-66ab643eba7f,060753cc-0605-40de-ba19-c668c73798c3,10a2f7b5-2629-4dff-b0d1-9d3c4c954908,3.75,72.38
665269e0-b60b-4630-b4b9-698ef21c8a12,060753cc-0605-40de-ba19-c668c73798c3,037383ef-6b0c-4d21-91c9-e5c324305667,3.54,106.85
bb87d35e-4dab-4b92-bce8-18f8ef4bc42d,060753cc-0605-40de-ba19-c668c73798c3,9fde5f92-80d6-4098-9f79-62288afa3012,3.22,44.76
6d39cb34-1e39-473c-be1d-d47b8aeb6d99,060753cc-0605-40de-ba19-c668c73798c3,6f413aea-b761-4f53-83cc-8909734ca65f,2.4,18.94
a63c2edf-8614-4d9e-a339-bad34bf4c4c1,060753cc-0605-40de-ba19-c668c73798c3,5be7f0f5-1d12-45f3-b308-f664330e8da7,4.13,94.17
d139bcde-cafb-4b89-99b2-67599286eefc,5dadc1e2-5d89-4c44-bb20-272d824dc833,10a2f7b5-2629-4dff-b0d1-9d3c4c954908,2.54,72.38
e6cd8bfd-3dbe-416b-b066-a40aa6fc1de1,5dadc1e2-5d89-4c44-bb20-272d824dc833,037383ef-6b0c-4d21-91c9-e5c324305667,1.33,106.85
79faea68-41e5-454f-acc0-5f3a2f845b60,5dadc1e2-5d89-4c44-bb20-272d824dc833,9fde5f92-80d6-4098-9f79-62288afa3012,1.27,44.76
da4e078c-f633-443b-ad6c-e2effdb6ced9,5dadc1e2-5d89-4c44-bb20-272d824dc833,9343e411-1342-4af6-b84c-49ab26ee23f0,2.58,17.66
dff9793f-037f-4f4a-ae5e-fde5b9aa3e17,5dadc1e2-5d89-4c44-bb20-272d824dc833,ba87582f-c244-431b-a4bd-e5bbdf0cf954,2.89,51.54
4abc50ed-e368-4b2f-8ce4-6044582425d4,c35a5d30-b913-4225-a512-050d8831d9be,88dc8654-525d-4e13-a1c5-26c467b71fdf,4.53,53.29
28273b50-54b7-4a48-b1af-29a78a260c53,c35a5d30-b913-4225-a512-050d8831d9be,29678b9f-85cc-4478-80dd-b15bfdc3fc2f,4.83,35.44
232cd1bf-3033-41db-8f03-bc919bcf0808,c35a5d30-b913-4225-a512-050d8831d9be,8124d850-f372-4140-92f6-6ff393d8ad94,3.94,111.97
2c468932-1df5-4410-806a-a84579939c14,c35a5d30-b913-4225-a512-050d8831d9be,365f0f81-3694-43ad-a200-4c673bf6c199,2.13,24.81
9d68282c-3283-4da3-8d13-f4288ad18aa6,fe7ee577-217b-46ab-81c7-4afcd0019936,a0b08496-a82f-4cd0-be10-3ab342d8be86,4.1,43.76
22a5edaf-c357-475e-b569-a19dcb182676,fe7ee577-217b-46ab-81c7-4afcd0019936,3fb4e8d6-0eb4-427b-bc00-84dd6f15806c,3.22,42.19
56851e3d-9a07-4c72-a00f-508be6ef7cb5,fe7ee577-217b-46ab-81c7-4afcd0019936,e619e35d-2c6a-45f8-9a96-6516579ff2ef,4.75,131.34
a927f1fa-6d3f-4618-b087-88c3331a8296,fe7ee577-217b-46ab-81c7-4afcd0019936,99ece7de-f4c3-4465-9006-ff5bbd499c35,1.57,20.45
0c8fa007-94d7-44e8-92c4-71c73d39ceaf,2e9d34f8-9296-4052-8714-dfafa73caab5,f2b7b5ef-c8f7-4c34-93ed-2e35f3c536c1,3.59,38.0
40d85a53-5602-4be2-b6ea-89b81bc400f0,2e9d34f8-9296-4052-8714-dfafa73caab5,3917a229-00ce-4f07-ab63-a7dfc2cd82df,2.23,27.35
dd3c8ecb-fef0-412a-8e32-9c24f01861ac,2e9d34f8-9296-4052-8714-dfafa73caab5,ffb35857-5a01-4e4d-b7f3-e4dba8ebcf4b,2.3,47.34
7ee96a26-d2c0-4baf-a1b4-57178d5d4bb7,15d4e3fd-a3c0-4710-b08a-cd06e131005c,ee4ae226-aca3-4d7c-8291-771300058d27,1.37,39.81
b6c67981-6ccb-4a46-9227-14861438e172,15d4e3fd-a3c0-4710-b08a-cd06e131005c,9d200418-2fc9-4275-afd3-387660366ffb,1.68,26.0
566fc6c6-ba0d-4544-85e3-50d0a0f1ffac,15d4e3fd-a3c0-4710-b08a-cd06e131005c,0f8e2979-fd0e-4891-afd3-3b4a418d17c1,2.97,49.01
312c8877-dec4-44ed-8256-348ba53f65a3,a173dd54-b7a0-4f0c-b242-97c6e05f8bb8,f2b7b5ef-c8f7-4c34-93ed-2e35f3c536c1,1.91,38.0
0611f41b-18d7-43c4-adc4-5cc2e5efed81,a173dd54-b7a0-4f0c-b242-97c6e05f8bb8,fb7ed45f-6d64-4e3f-bff3-3449c34f1179,1.05,25.84
22af5311-7f0f-4905-8431-46f3049630cc,a173dd54-b7a0-4f0c-b242-97c6e05f8bb8,0f8ffc1d-42dd-4b60-a223-644c0eb7d1c4,2.91,62.63
a0f18510-c9d4-4cdc-bec8-6541fd56f621,945219df-68b4-460d-b338-af1e42a4729c,f2b7b5ef-c8f7-4c34-93ed-2e35f3c536c1,1.09,38.0
4c5192e8-6f7d-4913-9d48-d53861e36c56,945219df-68b4-460d-b338-af1e42a4729c,93e72030-6ff8-43c4-8fed-6ec2084ee35e,2.1,25.94
e1fc1ba1-ac98-44ad-a019-668a76352ad3,945219df-68b4-460d-b338-af1e42a4729c,ef03f9f5-d4ae-43ae-9c98-2b1ac1e2bf87,1.14,60.6
8279b556-5adb-4341-a5bf-9ea76ec6c6d9,9708c672-fb8d-4216-82ee-8e5fe8e74adf,ee4ae226-aca3-4d7c-8291-771300058d27,4.66,39.81
a33f4722-db4e-4b18-9645-dbcb21cf5f9a,9708c672-fb8d-4216-82ee-8e5fe8e74adf,3a50c212-b6a5-4a68-8319-9c27735e8d16,1.53,26.39
b04b2cf6-1fb0-46b7-94d6-d7017c653b91,9708c672-fb8d-4216-82ee-8e5fe8e74adf,4cc80ba9-1884-4b13-8df8-b093b3882660,1.64,59.94
6281f804-69f6-41fd-a150-9fe7c06b9926,10c7bc39-d4cc-4eef-98ef-4c7afd6e532a,6ceef2d2-1469-48a0-9d65-3453b2d6099a,1.82,41.76
5c71c423-d3d5-4f98-8bad-3d350f9651eb,10c7bc39-d4cc-4eef-98ef-4c7afd6e532a,f2c3bde4-f1f1-484c-ab9a-cc85dfc19c06,2.49,22.26
83a725e9-3d91-44a7-b0b0-be5a081f8b5e,10c7bc39-d4cc-4eef-98ef-4c7afd6e532a,58ea5898-e09c-4e6b-81bf-211261419595,4.33,58.74
1ecab3d6-cf0c-4b5d-8b56-890cf4e0df82,6e5cc990-130e-4c29-8080-bfb912454503,9ecc0d39-ed33-485e-ad18-7a2a707c6d2a,1.05,76.66
d1d0b4e2-6ef0-4152-b4ab-de1fdaed0033,6e5cc990-130e-4c29-8080-bfb912454503,ccc17542-0192-4e15-82a8-2224b628efab,3.0,100.9
66594340-3451-4153-9ffe-0b10759bb0df,6e5cc990-130e-4c29-8080-bfb912454503,1fb51520-9238-438a-b8e4-17a7803354a7,4.94,51.23
323dda06-2937-4302-a5d9-3fbf06a7fc1c,6e5cc990-130e-4c29-8080-bfb912454503,9e62c28d-8fc0-432a-b85d-e57755b7a392,1.96,15.82
519ac2da-0b95-4624-8678-adb326ddab97,16823d38-7fd7-43bc-a6ba-0fbe58ddf661,6e1f18a9-7abb-46a0-81bd-8f86711777f3,2.21,34.65
0d885cd2-d686-4c21-9f59-17158d444274,16823d38-7fd7-43bc-a6ba-0fbe58ddf661,f2c3bde4-f1f1-484c-ab9a-cc85dfc19c06,1.19,22.26
3e28fdc0-d314-4b96-be05-4f66cb2166ff,16823d38-7fd7-43bc-a6ba-0fbe58ddf661,58ea5898-e09c-4e6b-81bf-211261419595,3.97,58.74
c45d404c-609a-4b75-879e-38edde60c61b,ef294909-c583-4618-978c-f302eaaa6ff2,dc34e374-8390-4aec-9210-3712476ff78f,1.48,81.73
7781c4b1-c0eb-4962-8c78-755dbefa2286,ef294909-c583-4618-978c-f302eaaa6ff2,5dab8803-0ab8-4447-a6f6-08365aa53ddb,4.52,111.21
ced1e551-2008-41ee-ab67-5cf4f7b4dbf8,ef294909-c583-4618-978c-f302eaaa6ff2,cabd7ff0-1bed-4ba5-bf93-93b2b0f3cc62,1.34,45.87
57f6a0be-92e0-4907-81b2-eddcc07d09eb,ef294909-c583-4618-978c-f302eaaa6ff2,5a442680-9fef-499c-825c-bcbe3ceaedb7,2.39,20.08
d758d37a-da8f-460a-8e82-5ce97925a2f9,ef294909-c583-4618-978c-f302eaaa6ff2,c9813573-f89f-44c9-b0e1-a585d1da29ae,1.13,20.51
a6e474f3-2b8c-498b-a104-96b26e4f383e,3fa64f87-5d62-4f64-9f6a-035ff3bec4f6,0edf81e8-0f9f-40e2-bfe7-e4b020cccfd2,4.59,86.28
cf0447d6-4fae-4d20-aedd-0b3a2f123121,3fa64f87-5d62-4f64-9f6a-035ff3bec4f6,61196fcb-7d00-4c63-8871-a2da792babf2,3.84,125.07
4b04e70b-738d-4c4f-8b28-c23fc9d0ad8d,3fa64f87-5d62-4f64-9f6a-035ff3bec4f6,959a6f25-0348-4f7a-a570-d9e166145bc6,1.1,39.32
f14bf1a7-7973-4ad4-90fd-d969aba86887,3fa64f87-5d62-4f64-9f6a-035ff3bec4f6,c50ff350-8d5c-44a4-b91f-08c8a0a5c99f,2.38,20.16
ba82b0ec-a093-4d66-905f-0934b2a0c679,1dce667a-f088-4f2a-95cf-cdb553aebb83,bf9e355c-e1c9-428e-906d-8e9a455ce885,2.83,37.18
e0655cf8-394b-498b-9d52-1712ed6e7c6a,1dce667a-f088-4f2a-95cf-cdb553aebb83,fc99c491-28ac-40fc-bd3b-edf6d3a3588b,3.9,44.42
b841b69e-8c64-4220-baf0-e71e547403e2,1dce667a-f088-4f2a-95cf-cdb553aebb83,36ac1cb7-c55e-46e9-bdbf-67db44692a6b,3.94,47.76
ca513166-a67c-49a4-88ba-82e61027d771,1dce667a-f088-4f2a-95cf-cdb553aebb83,6d906107-a0e5-47f2-8799-d65930e76c89,1.74,20.58
0f1f2467-b92e-4b75-ba60-8f4f5f987e5b,0d874db3-52c7-4cb5-8831-3afb3c433ae8,bf9e355c-e1c9-428e-906d-8e9a455ce885,2.33,37.18
922ce158-4911-4a87-97ea-225c019f9fba,0d874db3-52c7-4cb5-8831-3afb3c433ae8,fc99c491-28ac-40fc-bd3b-edf6d3a3588b,4.56,44.42
f9beb249-7200-4db2-9f96-42c23888eb8d,0d874db3-52c7-4cb5-8831-3afb3c433ae8,ca810efa-f2ec-4c94-85c8-746258ad8064,3.4,28.57
1f381be7-2df7-4e7a-80c1-f2a8419ea9d1,5c08a717-4129-4e2d-b88d-a2ff2d073167,bf9e355c-e1c9-428e-906d-8e9a455ce885,3.3,37.18
eceac119-16e8-4c4d-8984-ddb8ad6f62e1,5c08a717-4129-4e2d-b88d-a2ff2d073167,fc99c491-28ac-40fc-bd3b-edf6d3a3588b,3.96,44.42
9353682b-0d13-4d77-8d1c-d935af73075e,5c08a717-4129-4e2d-b88d-a2ff2d073167,36ac1cb7-c55e-46e9-bdbf-67db44692a6b,2.96,47.76
cf3451a5-9cf8-420b-a18b-4be4b3781700,5c08a717-4129-4e2d-b88d-a2ff2d073167,431c6fc2-0f8a-4db6-ae8e-8a20bad8a86f,2.1,17.62
3dd380c7-1420-47bd-9e81-3967d147396d,2d32f9ae-a5c7-4a1f-ac24-159693e36d6a,bf9e355c-e1c9-428e-906d-8e9a455ce885,3.86,37.18
dac37dc6-284a-497d-959a-c8486f05d0e6,2d32f9ae-a5c7-4a1f-ac24-159693e36d6a,a606e6d1-bc53-4773-8d0e-ebb7825f84de,2.98,37.2
f60045e7-d864-4112-9f8d-cee67ed8207e,2d32f9ae-a5c7-4a1f-ac24-159693e36d6a,f9d76a86-af1e-436b-ba84-54d2e8a3573e,1.97,42.01
be127810-d156-49a6-8252-7aabb8bae8a3,2d32f9ae-a5c7-4a1f-ac24-159693e36d6a,ca262023-1ba4-4c5c-b26f-043d23841ff1,2.28,20.34
7a8d23b6-64fc-41e8-ba16-6006ccbf6bfc,60c924dc-f2d7-4058-a917-3a63bdb67de6,bf9e355c-e1c9-428e-906d-8e9a455ce885,2.69,37.18
b9b3ef67-1bcd-46f4-b67c-eabed48101ec,60c924dc-f2d7-4058-a917-3a63bdb67de6,fc99c491-28ac-40fc-bd3b-edf6d3a3588b,2.37,44.42
6136d168-be94-4c8a-94e1-ec3ddb0c05e5,60c924dc-f2d7-4058-a917-3a63bdb67de6,0031e56a-e740-4991-af49-d3cac14a83eb,3.54,33.43
4e369d3f-6e41-4880-8e69-3b2fad18f69f,60c924dc-f2d7-4058-a917-3a63bdb67de6,77d21e1a-3f2f-49f2-be52-f1fb6324b498,3.0,62.31
cd0f8051-494d-4d2e-a629-9ed8fff8721d,f721c4ec-d454-49c3-a0b7-371ca10ef9e6,04f54342-120a-43fa-9062-b8d0771ca8a7,1.15,41.13
269fb8be-88e9-43ad-9ad5-9f9a1f7dc53b,f721c4ec-d454-49c3-a0b7-371ca10ef9e6,aafb59e7-4643-44a7-be97-2be664e18e79,2.01,40.54
305c35a2-a349-43a4-bc40-9e568c2a0a1c,f721c4ec-d454-49c3-a0b7-371ca10ef9e6,959a6f25-0348-4f7a-a570-d9e166145bc6,3.9,39.32
66aea4b8-8a78-455f-b538-1f4140ebaa5b,f721c4ec-d454-49c3-a0b7-371ca10ef9e6,0de12161-675e-4cbb-96b4-0107237dd341,1.76,17.19
44c38e9a-3dfe-4605-99ae-398194a0e8d1,437be0bf-27d2-4832-b7ce-a2cf2135de71,119171e8-3049-4289-a1e6-20156e6d3e20,3.74,41.62
5c5f2fbf-4658-4ac6-b67d-ee664cde6414,437be0bf-27d2-4832-b7ce-a2cf2135de71,472f225e-9fd0-4a31-9d3a-970b74e867a1,4.74,45.91
93e2e9af-fa2a-40b5-a05d-37e6d0a1c8e6,437be0bf-27d2-4832-b7ce-a2cf2135de71,1c84fa0c-e043-4a3d-8fe9-cd3d34c99d78,2.1,47.15
5f41add3-b221-46ed-85af-0130419555e6,437be0bf-27d2-4832-b7ce-a2cf2135de71,ca262023-1ba4-4c5c-b26f-043d23841ff1,2.31,20.34
87cd8049-f793-423f-9dba-d002daaa0653,326e31c6-cfa5-4864-af33-b471474fa7b5,5b8c6336-1da2-4e93-a5fb-3781c59c29bb,1.44,39.44
34b731b7-b6a6-4939-aa13-49336ee1355a,326e31c6-cfa5-4864-af33-b471474fa7b5,ef1edfc3-47b7-4fd4-83d6-8e411458ec16,1.8,35.81
8cc20885-d981-4df1-b508-e7a94086a0f7,326e31c6-cfa5-4864-af33-b471474fa7b5,1c84fa0c-e043-4a3d-8fe9-cd3d34c99d78,4.09,47.15
39847b1c-6a9f-44cb-ad33-2f621f4e0f0f,326e31c6-cfa5-4864-af33-b471474fa7b5,5a442680-9fef-499c-825c-bcbe3ceaedb7,2.73,20.08
7a6a7341-c248-4ce6-a711-2870a90da9c3,960c40df-03c5-470a-943a-b09206b1b54f,90d08764-413b-4792-ac7f-41915db7fab3,2.72,40.94
7d73297e-6b00-4b6a-a449-9b6da65a295a,960c40df-03c5-470a-943a-b09206b1b54f,cd421415-e774-4ace-b0dc-d63a85efee9b,3.54,38.49
cec6c7f2-f819-48a1-ad7b-66117ed4d05e,960c40df-03c5-470a-943a-b09206b1b54f,1c84fa0c-e043-4a3d-8fe9-cd3d34c99d78,2.75,47.15
00b15141-7bc6-43bf-9155-96e0547e9f2d,960c40df-03c5-470a-943a-b09206b1b54f,5a442680-9fef-499c-825c-bcbe3ceaedb7,1.53,20.08
e6dea615-05fd-4cd7-a48f-55f643006020,960c40df-03c5-470a-943a-b09206b1b54f,37de3597-b603-4c63-8ff2-99e7384b7a13,3.03,73.83
16b17bde-57b6-49c8-84a7-845f5a53284f,649ffd4c-ddc3-48e3-9936-4efc133bfd3e,119171e8-3049-4289-a1e6-20156e6d3e20,4.88,41.62
04bed526-667a-41c7-bc9b-8d4bcefaff65,649ffd4c-ddc3-48e3-9936-4efc133bfd3e,ff6ed914-1af0-4743-a219-3c47dd0455f8,1.46,47.73
0e6122bf-2cd5-42ea-bd41-a6f76f376d84,649ffd4c-ddc3-48e3-9936-4efc133bfd3e,1c84fa0c-e043-4a3d-8fe9-cd3d34c99d78,1.53,47.15
79c1e811-a089-49fe-9b43-ef9ed2047cd3,649ffd4c-ddc3-48e3-9936-4efc133bfd3e,5a442680-9fef-499c-825c-bcbe3ceaedb7,2.02,20.08
0a3e1a10-e891-49f2-b6e3-3d1295c605f3,649ffd4c-ddc3-48e3-9936-4efc133bfd3e,1b3c4a8b-db3c-47a0-bf6c-b07e358e035a,3.34,57.89
772beb82-f2fb-4c4b-9d00-36f8c36213b5,eff3674c-5bc1-4374-84d2-0be9502fb7d2,5b8c6336-1da2-4e93-a5fb-3781c59c29bb,3.21,39.44
fe61a9fa-11a5-4f72-bb91-20c592f19b1a,eff3674c-5bc1-4374-84d2-0be9502fb7d2,ef1edfc3-47b7-4fd4-83d6-8e411458ec16,1.58,35.81
fe039324-d44f-4ebc-b605-3413ef2aef52,eff3674c-5bc1-4374-84d2-0be9502fb7d2,e7185a39-0261-4ed3-8614-036ab8432fa2,2.91,27.72
a7f464a7-2f0a-4721-b834-64517645c8a8,eff3674c-5bc1-4374-84d2-0be9502fb7d2,b8258701-7eba-4efa-be89-1236720808da,3.26,95.26
96efdd43-1847-4c63-9378-c3807485dfaa,a2235afd-5ae4-462c-b15f-bb7b113c4786,b99e1dae-48e4-4376-947d-936df1d7d3fd,1.78,25.42
f8524925-cb84-439f-9063-26e309d5a532,a2235afd-5ae4-462c-b15f-bb7b113c4786,a9adc9d0-b23e-4e5d-be77-825b68788f9f,2.92,54.16
e0f19669-21fd-4dcf-ba38-0828252e7595,a2235afd-5ae4-462c-b15f-bb7b113c4786,4049d501-b0c1-4269-9ebe-1b50c2150384,3.58,47.67
7a9fb9e9-6c4c-4f69-b9a5-1ee4d425b3c8,70b45847-3e1e-4cdb-82f7-874502f16485,b99e1dae-48e4-4376-947d-936df1d7d3fd,2.41,25.42
b4deab0c-a12a-4480-889e-1f1c0f12a2f6,70b45847-3e1e-4cdb-82f7-874502f16485,469de709-3edd-4ecf-b373-98a004b5f3ae,2.48,61.29
56d88016-9485-43ba-9dd8-617e65046bb1,70b45847-3e1e-4cdb-82f7-874502f16485,4049d501-b0c1-4269-9ebe-1b50c2150384,2.21,47.67
08d67a03-41dc-4ace-bebc-a3068e0fb862,082b9792-1353-4b43-abdf-1125a75e91a3,b99e1dae-48e4-4376-947d-936df1d7d3fd,2.95,25.42
566f90e4-8fb3-427c-833b-0f2fffc0e6a4,082b9792-1353-4b43-abdf-1125a75e91a3,6fcc34f9-1490-4c70-ae89-f338a3157ec6,2.01,50.74
6b13fabf-a208-4f99-be69-977148e1de7c,082b9792-1353-4b43-abdf-1125a75e91a3,4049d501-b0c1-4269-9ebe-1b50c2150384,3.38,47.67
f614f763-5916-495d-943d-7c0c5058616f,1b4ba633-8dc1-47f7-b3dc-fde2901ae9cc,b99e1dae-48e4-4376-947d-936df1d7d3fd,2.34,25.42
0947f952-23c4-4499-b5cd-eb357434e818,1b4ba633-8dc1-47f7-b3dc-fde2901ae9cc,6fcc34f9-1490-4c70-ae89-f338a3157ec6,4.21,50.74
74db1b82-8f12-4752-a297-59f5ebdc1912,1b4ba633-8dc1-47f7-b3dc-fde2901ae9cc,4049d501-b0c1-4269-9ebe-1b50c2150384,3.85,47.67
19e5c0a3-075e-4ade-a084-02c81d5a2edf,1b4ba633-8dc1-47f7-b3dc-fde2901ae9cc,5fd961c1-53ab-45a2-9703-0568fb7e8304,4.19,30.92
5d88b708-06cc-4a94-aa8e-991e2e6bb137,9d03a238-e400-48eb-8858-60cf0bd57fa3,b99e1dae-48e4-4376-947d-936df1d7d3fd,1.97,25.42
6b2448a5-3ce2-4e09-bf59-c97096355bb0,9d03a238-e400-48eb-8858-60cf0bd57fa3,4cc80ba9-1884-4b13-8df8-b093b3882660,2.37,59.94
2e030c61-5be0-41c2-9534-84b25a699421,9d03a238-e400-48eb-8858-60cf0bd57fa3,4049d501-b0c1-4269-9ebe-1b50c2150384,4.87,47.67
82b0e074-4cc1-4e8f-b801-99b7bf54f7e5,e0c9432d-08a4-4c0e-a032-a89e72650588,c8ab7e01-9ce6-44bf-9bcc-a325e05802a4,2.06,41.38
c2a2dcc8-dbf8-4644-a6b5-9d1cf406cdd9,e0c9432d-08a4-4c0e-a032-a89e72650588,b99e1dae-48e4-4376-947d-936df1d7d3fd,2.19,25.42
bfe5a8f8-f613-481a-b088-e75ceca32ecf,e0c9432d-08a4-4c0e-a032-a89e72650588,6fcc34f9-1490-4c70-ae89-f338a3157ec6,1.56,50.74
3cb27c12-22cb-4269-bb9a-129d47405de1,e0c9432d-08a4-4c0e-a032-a89e72650588,2fd004c8-0a2f-4ef5-a7d2-64e91931e920,1.16,80.82
9f44576d-e48f-4615-8af2-7298f8ba9e99,5d5b9044-92c0-4596-ab27-2a27176534c5,f7bc89a4-3acf-4f49-af2d-c878fc6e6f45,1.24,35.19
038f3483-692f-4f5a-89e9-8cf7969605d5,5d5b9044-92c0-4596-ab27-2a27176534c5,a25999f5-62a0-4f6a-9365-8884d42cb059,1.57,28.05
32c161db-2dad-4eda-b33d-f0dbf316ff06,5d5b9044-92c0-4596-ab27-2a27176534c5,15e9cdb5-ab3a-4a67-b1e4-e8a4e2469815,4.71,61.06
a99086d5-1da9-4ade-b91f-e762787eda64,98fc5a27-099a-4328-9c9a-99fddfdc6c58,1bb87e6c-1ef0-4ba0-9166-0a2eb7a7df7e,4.82,35.66
725c36ed-f9f4-46a4-90e2-831b7e5e410b,98fc5a27-099a-4328-9c9a-99fddfdc6c58,3a552307-6f65-4c3a-a54d-d271c022e93b,4.24,38.15
598c3ee8-0683-4798-bf93-3dc74f6dd96b,98fc5a27-099a-4328-9c9a-99fddfdc6c58,7e966e66-f79b-4e76-b29c-f497a16698ed,1.88,84.59
9951d8b1-9f73-42c3-b558-65d4af7e24ea,98fc5a27-099a-4328-9c9a-99fddfdc6c58,c550a097-fe9a-4708-a8de-917d87890596,4.67,111.72
e78aba5f-fa59-47b8-af32-06c69589aadd,98fc5a27-099a-4328-9c9a-99fddfdc6c58,32fc637e-f9fe-4fc6-9e2a-675ee8c4feee,1.87,18.76
716c9d24-75f4-4c04-a38b-59c9cbd0905c,22d51bbd-cb2c-41e4-a85e-794d0d9672fd,04f54342-120a-43fa-9062-b8d0771ca8a7,4.4,41.13
1e020aac-840c-44cb-9a5f-5ee55f51fd01,22d51bbd-cb2c-41e4-a85e-794d0d9672fd,aafb59e7-4643-44a7-be97-2be664e18e79,1.82,40.54
e5e55ba2-6d65-4b39-80f4-588dd84ce904,22d51bbd-cb2c-41e4-a85e-794d0d9672fd,c1825c45-0d7b-4a7a-8dcb-9551977f9a86,2.37,78.59
631e62e7-dd72-4f59-9acf-2728ae578fdd,22d51bbd-cb2c-41e4-a85e-794d0d9672fd,c550a097-fe9a-4708-a8de-917d87890596,4.35,111.72
274c23fe-1d0a-43d5-be2b-cd051e7de3ac,22d51bbd-cb2c-41e4-a85e-794d0d9672fd,9343e411-1342-4af6-b84c-49ab26ee23f0,2.2,17.66
6b3d0009-93f8-4d3f-a994-fb105f8659f2,22d51bbd-cb2c-41e4-a85e-794d0d9672fd,8444f425-1ec2-4960-b214-3f36015984d2,1.83,66.99
6db5e8fc-a53b-4353-9ddc-895686d57789,8212ad41-2156-41ce-a93d-bb6565ea4282,1bb87e6c-1ef0-4ba0-9166-0a2eb7a7df7e,2.81,35.66
2c5faf33-0bb4-4871-9250-d08a32327778,8212ad41-2156-41ce-a93d-bb6565ea4282,b99e1dae-48e4-4376-947d-936df1d7d3fd,2.14,25.42
4dd19ffd-9ec8-46b1-ba4f-3c169ff95ded,8212ad41-2156-41ce-a93d-bb6565ea4282,15e9cdb5-ab3a-4a67-b1e4-e8a4e2469815,3.9,61.06
08b68186-8bfb-4449-ae3c-5ed48faf81a2,2215ba60-3bf9-4470-9a71-50fbc8bfcb58,d37292d7-762b-47aa-a24a-518beba4bb0b,1.88,31.58
701a8135-9550-460c-965a-5360f0a3826b,2215ba60-3bf9-4470-9a71-50fbc8bfcb58,aae46e83-5eca-4bae-83be-d1af00c5cdc0,4.38,37.81
918d669e-9931-4224-b212-d2360a0d89a8,2215ba60-3bf9-4470-9a71-50fbc8bfcb58,48c05eff-6a2c-4517-9f87-23a6d289b906,1.19,33.88
63e52c88-ed75-4c06-b63c-564a1862b218,2215ba60-3bf9-4470-9a71-50fbc8bfcb58,6fcc34f9-1490-4c70-ae89-f338a3157ec6,1.37,50.74
6f0abb7e-919d-4cd1-b847-4747d7ba4a1f,2215ba60-3bf9-4470-9a71-50fbc8bfcb58,5047cd9e-3e7c-4353-9a40-985fe62f9d23,3.1,66.91
9b021f64-3f1b-4271-811d-a235dec40655,90c51d48-90b7-4105-ba86-30e28b7df93d,d37292d7-762b-47aa-a24a-518beba4bb0b,3.08,31.58
296206ee-77cb-442e-95d9-5b7060b3a37b,90c51d48-90b7-4105-ba86-30e28b7df93d,aae46e83-5eca-4bae-83be-d1af00c5cdc0,3.29,37.81
1302b38f-fbe7-4b0d-929f-a09fff97d728,90c51d48-90b7-4105-ba86-30e28b7df93d,e8e1f6be-df4b-472a-b946-31dfbfb43dd2,2.15,41.2
8c9a8308-d744-4c0b-b452-8cf47f730b21,90c51d48-90b7-4105-ba86-30e28b7df93d,a9adc9d0-b23e-4e5d-be77-825b68788f9f,1.94,54.16
b9cab4de-5796-43b0-8542-bb647ba1700d,90c51d48-90b7-4105-ba86-30e28b7df93d,5047cd9e-3e7c-4353-9a40-985fe62f9d23,1.27,66.91
a851594d-d617-4124-a935-cd2ebe4c21c9,1043ff36-b662-4cc3-80a6-0ddb39c405a6,d37292d7-762b-47aa-a24a-518beba4bb0b,1.98,31.58
2980a7d6-cd42-4f35-b349-4c26ad4e025a,1043ff36-b662-4cc3-80a6-0ddb39c405a6,3a552307-6f65-4c3a-a54d-d271c022e93b,3.05,38.15
057b7427-43a9-4e0b-b9d2-0608027d7c5b,1043ff36-b662-4cc3-80a6-0ddb39c405a6,90d08764-413b-4792-ac7f-41915db7fab3,4.58,40.94
29c71e30-93a4-4bae-bd37-2da007c4d69e,1043ff36-b662-4cc3-80a6-0ddb39c405a6,a9adc9d0-b23e-4e5d-be77-825b68788f9f,1.62,54.16
302becee-bc3d-47fd-8dbf-5034f56c0791,1043ff36-b662-4cc3-80a6-0ddb39c405a6,bc471493-c860-41fb-9447-d722e0748c36,3.3,71.2
edc38bf9-b526-4f9d-818b-eba3f1c9d15d,30e3bb11-4416-4888-ac85-e7ccef5f70af,3917a229-00ce-4f07-ab63-a7dfc2cd82df,1.92,27.35
9a703b27-b769-489c-a0fd-6b3a711d48e1,30e3bb11-4416-4888-ac85-e7ccef5f70af,4cc80ba9-1884-4b13-8df8-b093b3882660,3.2,59.94
646a7e47-1ac0-4839-b3e2-40240258916d,30e3bb11-4416-4888-ac85-e7ccef5f70af,a0b08496-a82f-4cd0-be10-3ab342d8be86,4.85,43.76
a3bcf1f0-fd96-42f7-98bb-c48dd75ad9db,30e3bb11-4416-4888-ac85-e7ccef5f70af,e83f625e-4033-46b8-b595-e7f5d55bab20,4.01,54.09
af9576d5-ce81-4ab4-8cdd-713820bd732d,2d1d81bd-10b8-4169-9538-58f18dfc52d0,c8ab7e01-9ce6-44bf-9bcc-a325e05802a4,4.62,41.38
a7d20de4-082a-4bf1-9d4f-02efb5e52831,2d1d81bd-10b8-4169-9538-58f18dfc52d0,9d200418-2fc9-4275-afd3-387660366ffb,1.63,26.0
2f8ca6b1-566a-44c6-8e3b-d87f01fa0ca3,2d1d81bd-10b8-4169-9538-58f18dfc52d0,cb60bbbe-2069-47d8-b5e7-b3ea327f47f8,1.86,57.6
6bb4d709-8c18-4bbb-8a8d-fe7518f19302,2d1d81bd-10b8-4169-9538-58f18dfc52d0,8696709d-bada-4123-9d4e-f480eb6d6980,4.46,47.72
313ce270-a182-4e9b-bedf-b68ece762e41,fbc74f63-5893-4084-af41-9225fa6ed741,16d265ed-77a0-4a24-afb5-719cba043ada,2.87,47.75
5a493b94-9d0d-4a37-b7bd-7054724382d3,fbc74f63-5893-4084-af41-9225fa6ed741,29678b9f-85cc-4478-80dd-b15bfdc3fc2f,2.85,35.44
3da1eb7d-9683-422b-942c-ab9f941a96b7,fbc74f63-5893-4084-af41-9225fa6ed741,795061e1-6f7c-4d90-a042-3f0f8849e2dd,4.59,122.8
b259ca4f-e0b4-4db0-98c8-75ea8bd06d9a,6ea58d52-2ce9-4bfa-aa71-0293c755ea96,53375854-801f-4fc4-9bca-a764bf6963fe,2.42,42.95
c6d414f5-d4f2-4804-a61f-9b32696d9ea3,6ea58d52-2ce9-4bfa-aa71-0293c755ea96,1a485340-f614-4da7-9953-4cbb2f709dc6,1.16,41.07
6315b4c8-2a52-4416-ac71-20418f3d89a3,6ea58d52-2ce9-4bfa-aa71-0293c755ea96,e619e35d-2c6a-45f8-9a96-6516579ff2ef,2.41,131.34
fd8e4eec-254d-4a91-92ec-2cf444ea8ebc,6a545e3c-8dd0-4829-8637-d8081ae85ff2,4049d501-b0c1-4269-9ebe-1b50c2150384,1.87,47.67
b3297ecb-7a1f-4439-bcb2-925271317a9e,6a545e3c-8dd0-4829-8637-d8081ae85ff2,93e9ec1b-13b4-4518-96f2-a58b6118ade4,2.79,34.99
b229cd29-d155-47dc-97d9-69adf4ab8cc6,6a545e3c-8dd0-4829-8637-d8081ae85ff2,795061e1-6f7c-4d90-a042-3f0f8849e2dd,3.49,122.8
dad1a8c9-3cf1-4c32-b5c2-65d0bc4c0a32,fec7e7a3-4c29-42cf-95d5-8fbbf06d12d0,f7bc89a4-3acf-4f49-af2d-c878fc6e6f45,3.02,35.19
05416a63-5648-42e2-8ff3-37f4d48d5543,fec7e7a3-4c29-42cf-95d5-8fbbf06d12d0,ada3490e-9d0d-41c5-b8f6-ee36f232a592,2.32,40.7
399c7312-57b1-4d36-a4d1-65b43b65e8b3,fec7e7a3-4c29-42cf-95d5-8fbbf06d12d0,0031e56a-e740-4991-af49-d3cac14a83eb,1.58,33.43
d9e69489-efd5-47bc-9692-5bf5fe0acfd4,e8fb719b-da4a-4c1d-a78b-0dabaced4d03,9e466ab4-0753-45f0-b24d-06ca63637b2d,2.67,34.7
ec5d11b7-b209-4961-a82c-84aab43ae5ae,e8fb719b-da4a-4c1d-a78b-0dabaced4d03,c72fff1a-1cca-48c8-8569-0e230d5647fd,2.98,27.88
49801184-6fcf-4a88-94d6-48d22fae4804,e8fb719b-da4a-4c1d-a78b-0dabaced4d03,6fcc34f9-1490-4c70-ae89-f338a3157ec6,4.44,50.74
d6891722-30f5-4117-80b6-58712de3453c,e8fb719b-da4a-4c1d-a78b-0dabaced4d03,52f59e14-39fc-4311-9763-412f0916662a,2.57,20.72
1d5a4d5d-6b96-4d5a-b36d-376bf1a3ded9,55634905-a884-4074-8c57-c52422ccffbc,5b8c6336-1da2-4e93-a5fb-3781c59c29bb,3.31,39.44
acc33e72-cce0-45b7-9888-a8f825142303,55634905-a884-4074-8c57-c52422ccffbc,3917a229-00ce-4f07-ab63-a7dfc2cd82df,2.26,27.35
1ed274ee-dc88-4c5c-9f72-35f2ff346f2b,55634905-a884-4074-8c57-c52422ccffbc,8925d13b-14fa-4779-863a-25811e076e6a,4.22,48.81
db1ffdf7-18d4-47f2-b043-82793f90f53d,9996f718-bfd4-442e-a5e4-f14fd1ab8acc,9e466ab4-0753-45f0-b24d-06ca63637b2d,4.21,34.7
206bf628-98c3-49c6-bc26-fa3ce0cc32b5,9996f718-bfd4-442e-a5e4-f14fd1ab8acc,fb7ed45f-6d64-4e3f-bff3-3449c34f1179,1.45,25.84
58bed80b-28d3-4811-9ed0-02d06653ecb2,9996f718-bfd4-442e-a5e4-f14fd1ab8acc,0f8ffc1d-42dd-4b60-a223-644c0eb7d1c4,2.86,62.63
eb8a9d77-3a16-43cf-a200-8a5625752fc9,9996f718-bfd4-442e-a5e4-f14fd1ab8acc,f44d292e-2536-44e1-8fc6-4f01e4c1a342,2.65,44.94
5d8591fe-ab1d-4612-b60f-73cf48331070,f677654a-c44d-4bfd-9763-f9e621273951,9e466ab4-0753-45f0-b24d-06ca63637b2d,1.62,34.7
6e7fba21-200d-4953-b469-51505eee0d4e,f677654a-c44d-4bfd-9763-f9e621273951,c72fff1a-1cca-48c8-8569-0e230d5647fd,1.24,27.88
ad5ef665-814a-4366-95be-0ade7e95fb57,f677654a-c44d-4bfd-9763-f9e621273951,5c70169d-eaed-4e4c-a326-52c3e7c96dac,4.71,50.56
6b028db5-7d91-4e52-9e6f-6a1e3990a737,14392b64-4541-428d-868b-ebcdf0467d6e,9e466ab4-0753-45f0-b24d-06ca63637b2d,4.41,34.7
047065d9-a56c-44fa-9fb6-789e97b4d462,14392b64-4541-428d-868b-ebcdf0467d6e,c72fff1a-1cca-48c8-8569-0e230d5647fd,1.3,27.88
5a13185a-2924-4602-af63-43dd34e96f1b,14392b64-4541-428d-868b-ebcdf0467d6e,a9adc9d0-b23e-4e5d-be77-825b68788f9f,4.97,54.16
97c0d7ea-5403-4f5a-920e-95fde08570a9,61a90b0d-6e6b-4776-a5a3-b47700ff5ae3,73697b54-c6e2-44c9-8814-663dd2d9dba7,2.32,85.22
0829ea09-3189-44ac-a288-c69790cd0f68,61a90b0d-6e6b-4776-a5a3-b47700ff5ae3,5dab8803-0ab8-4447-a6f6-08365aa53ddb,3.46,111.21
8d064a07-e7ce-4fbf-93e1-e62f4a6c0d44,61a90b0d-6e6b-4776-a5a3-b47700ff5ae3,7869a02c-ef9c-4865-b4e9-b8e9c7d06af4,4.59,49.08
a9b5ff1b-9d6b-4100-af97-9e45ffff4ce9,61a90b0d-6e6b-4776-a5a3-b47700ff5ae3,019151cf-91d6-487b-a2fe-afcd1bc9cd70,2.19,19.53
20107ad4-5e46-4cb8-872c-ed4749861cec,f5493b83-732e-4711-92d1-d53059cd2154,73697b54-c6e2-44c9-8814-663dd2d9dba7,3.76,85.22
5b6cbe37-8bbf-4ec4-ac29-5e2216f67188,f5493b83-732e-4711-92d1-d53059cd2154,5f90699e-3465-4122-9081-7f2f754993e4,3.78,103.6
746fb40c-6137-4528-a338-2545bb8bc03a,f5493b83-732e-4711-92d1-d53059cd2154,276a8aee-f723-43f4-91c4-12ca00eebe1c,2.17,45.98
ec954ad4-2ad0-4968-9173-9c7d16a2efc3,f5493b83-732e-4711-92d1-d53059cd2154,9c21e0d1-367d-46e5-8ddf-c5c2e66c5178,2.59,18.53
ec855120-9dcc-4224-96df-339b8b2d7bd1,2c0ad1f0-5099-47ad-9418-929c1af0c791,73697b54-c6e2-44c9-8814-663dd2d9dba7,1.5,85.22
9700c2db-cd12-4e2b-bc34-0ea6f6294207,2c0ad1f0-5099-47ad-9418-929c1af0c791,f001e0a4-8020-4880-8626-0a0c1e822852,3.75,104.44
5b03712f-5fac-4297-af42-a171389be663,2c0ad1f0-5099-47ad-9418-929c1af0c791,0235d250-aa7c-4dfb-b553-44b4676cb0a9,2.64,51.42
eabb5930-0855-4c1a-96e5-e21a9892df54,2c0ad1f0-5099-47ad-9418-929c1af0c791,ca262023-1ba4-4c5c-b26f-043d23841ff1,2.46,20.34
f1347353-30d4-4445-8210-a3933c0f2219,2c0ad1f0-5099-47ad-9418-929c1af0c791,52f59e14-39fc-4311-9763-412f0916662a,2.31,20.72
40d706f8-d447-4fdd-a201-9b4f5668a53c,de98fd6a-0e73-4446-8a57-235a5ed070c4,7e966e66-f79b-4e76-b29c-f497a16698ed,3.63,84.59
70588230-3c82-4487-a2b9-6c8bca9d8cec,de98fd6a-0e73-4446-8a57-235a5ed070c4,037383ef-6b0c-4d21-91c9-e5c324305667,2.8,106.85
8003ce9c-82ef-4e35-a072-c70935f5cadb,de98fd6a-0e73-4446-8a57-235a5ed070c4,0235d250-aa7c-4dfb-b553-44b4676cb0a9,3.63,51.42
67d74644-b5c4-4adc-82e2-e659008f8eab,de98fd6a-0e73-4446-8a57-235a5ed070c4,749c4ddf-974f-4931-a100-4225142185fc,1.01,18.26
907a8ce7-c603-4476-b98e-93676bcac938,971195af-ddbf-4f71-a024-4d701f6cc1ce,6e1f18a9-7abb-46a0-81bd-8f86711777f3,4.63,34.65
5582e01f-914a-47b0-ac4b-019c7e663d19,971195af-ddbf-4f71-a024-4d701f6cc1ce,a25999f5-62a0-4f6a-9365-8884d42cb059,2.26,28.05
aeeb1b43-2250-457a-bb56-1afe64ebe764,971195af-ddbf-4f71-a024-4d701f6cc1ce,028a6f74-cbb2-4589-8fa2-ca3fba159ad4,2.35,56.2
7657feaf-2b05-44dc-a280-dac1ee6901e6,971195af-ddbf-4f71-a024-4d701f6cc1ce,369b36dc-5a7f-4661-b814-c9329f431123,1.4,22.74
dabd5052-07ac-4cf4-b6f3-97fd2bc4bc03,aeae0f94-9eb7-4911-9ecf-d9ce2bacdd65,9e466ab4-0753-45f0-b24d-06ca63637b2d,1.18,34.7
a421aff7-b9c2-4a94-9643-c5c574ef5d98,aeae0f94-9eb7-4911-9ecf-d9ce2bacdd65,ada3490e-9d0d-41c5-b8f6-ee36f232a592,2.9,40.7
8d4e7bc4-ca71-4e8b-8f16-0eabaa906dd4,aeae0f94-9eb7-4911-9ecf-d9ce2bacdd65,ce228021-e222-4cb4-afed-b4079dd03dde,1.92,34.21
5c42ad26-6c04-451d-9160-592a2f4a46bc,9f7af0e9-248d-4116-9e9e-99203f837f00,9e466ab4-0753-45f0-b24d-06ca63637b2d,1.02,34.7
79c1c255-dc28-4458-bc41-cdb57e788077,9f7af0e9-248d-4116-9e9e-99203f837f00,ada3490e-9d0d-41c5-b8f6-ee36f232a592,1.96,40.7
6a7e090e-6932-4a72-918a-acbbfc0e9f81,9f7af0e9-248d-4116-9e9e-99203f837f00,2cc864b2-ffcd-4cd9-96ea-35cc70b7f01e,4.21,34.73
3ec5e052-94dd-4776-970c-fce978099c15,7a212c58-65c2-4a49-a630-9e012809c5be,f2c3bde4-f1f1-484c-ab9a-cc85dfc19c06,2.07,22.26
0496e0cc-9dcb-4f16-a60b-98bfb3355986,7a212c58-65c2-4a49-a630-9e012809c5be,0f8ffc1d-42dd-4b60-a223-644c0eb7d1c4,4.7,62.63
b7bfa471-9222-4389-9752-51a3c3056040,7a212c58-65c2-4a49-a630-9e012809c5be,6dfa977d-ac40-4b0c-9944-77f5fc5892c4,3.18,47.7
d3428b25-2cc8-4e27-abc9-ce2930c53314,23675223-3d94-4c1e-ace9-28c5f74e91e7,9e466ab4-0753-45f0-b24d-06ca63637b2d,3.69,34.7
b0eacf2d-620e-41cb-afa7-51761bb35a5b,23675223-3d94-4c1e-ace9-28c5f74e91e7,0921c244-e74f-43b4-b909-08651f21641e,3.92,37.16
f688dca9-6186-48bb-8237-9a51d1820840,23675223-3d94-4c1e-ace9-28c5f74e91e7,30e24fd5-2a5d-495d-a6d4-5b181b73efb0,2.24,32.3
e80a78b6-c59e-4942-931b-e61dd83309b4,16876575-71e5-4849-a14f-2ecd8aa8c001,5b8c6336-1da2-4e93-a5fb-3781c59c29bb,2.35,39.44
77c7026a-6869-497b-b9d5-ff446555ca97,16876575-71e5-4849-a14f-2ecd8aa8c001,fb7ed45f-6d64-4e3f-bff3-3449c34f1179,1.93,25.84
d22e01d0-5b96-457d-90a7-c9a030ebbd20,16876575-71e5-4849-a14f-2ecd8aa8c001,58ea5898-e09c-4e6b-81bf-211261419595,4.14,58.74
6f1c2c09-3aa8-4883-8844-f0a37f7efb87,16876575-71e5-4849-a14f-2ecd8aa8c001,1b3c4a8b-db3c-47a0-bf6c-b07e358e035a,2.55,57.89
67775c2c-0336-47fc-a093-e7e604317d1c,53d48642-9b8d-469a-9e5b-cfb6450eafe0,48c05eff-6a2c-4517-9f87-23a6d289b906,1.12,33.88
f718a3c3-3caa-4e33-a344-df52cae69a67,53d48642-9b8d-469a-9e5b-cfb6450eafe0,93e72030-6ff8-43c4-8fed-6ec2084ee35e,1.21,25.94
1cb507a5-6c59-4310-8e14-a4e45cdca734,53d48642-9b8d-469a-9e5b-cfb6450eafe0,4cc80ba9-1884-4b13-8df8-b093b3882660,1.85,59.94
0503a0fa-1288-4dda-bec9-0e468470fbae,53d48642-9b8d-469a-9e5b-cfb6450eafe0,2105ba41-5cbc-4ba1-adaa-de4dc098d831,4.9,24.91
017fba4f-d15b-4bff-b683-e3847037b30f,9bbfc518-a37d-43de-870a-15afdc7a3ec6,90d08764-413b-4792-ac7f-41915db7fab3,2.42,40.94
6384ffb0-0ebb-4c15-8eae-808577b6d06c,9bbfc518-a37d-43de-870a-15afdc7a3ec6,cd421415-e774-4ace-b0dc-d63a85efee9b,3.59,38.49
67445039-d918-4583-b88b-19cf601cca4a,9bbfc518-a37d-43de-870a-15afdc7a3ec6,36ac1cb7-c55e-46e9-bdbf-67db44692a6b,4.45,47.76
bbdfe57c-7668-483b-9c6d-1e99fbc6b231,9bbfc518-a37d-43de-870a-15afdc7a3ec6,3d9f95b7-246a-4a03-b972-3edf5dc69656,2.04,19.45
d6566d68-27a4-40e6-8828-8e25c6c80d9b,252b2beb-8c8d-4428-8249-8f2bce4d7687,fb7ed45f-6d64-4e3f-bff3-3449c34f1179,2.64,25.84
0c39c036-33d6-4db8-a475-0aa1e68b4df7,252b2beb-8c8d-4428-8249-8f2bce4d7687,86cea29e-ba3e-4d48-83e6-50fc57051a44,1.22,59.76
cd184e00-b233-4231-a2a9-b39eabc7280f,252b2beb-8c8d-4428-8249-8f2bce4d7687,6dfa977d-ac40-4b0c-9944-77f5fc5892c4,3.78,47.7
1cd8b61a-0371-4a7b-9704-e1e05072a8c3,d5d4d936-ba32-4beb-8318-2a00a86f49f2,f2b7b5ef-c8f7-4c34-93ed-2e35f3c536c1,2.63,38.0
c324e156-d984-45a5-adb1-1ab1096336aa,d5d4d936-ba32-4beb-8318-2a00a86f49f2,3a552307-6f65-4c3a-a54d-d271c022e93b,3.85,38.15
d46524e3-109c-47b2-9596-87c88c709684,d5d4d936-ba32-4beb-8318-2a00a86f49f2,1c84fa0c-e043-4a3d-8fe9-cd3d34c99d78,3.4,47.15
a5ce37ab-5ec3-4ef0-91d8-00d0e9ce9b44,d5d4d936-ba32-4beb-8318-2a00a86f49f2,9e62c28d-8fc0-432a-b85d-e57755b7a392,1.19,15.82
daeae3d2-1893-4429-836f-035d4f109880,87140754-6dd5-4fbc-b02e-48713cf48a17,a25999f5-62a0-4f6a-9365-8884d42cb059,1.62,28.05
5542c182-10f1-457e-92ac-e0e973e270b1,87140754-6dd5-4fbc-b02e-48713cf48a17,15e9cdb5-ab3a-4a67-b1e4-e8a4e2469815,4.65,61.06
d3388fd8-04f6-41c6-8d0e-e4db6f18909c,87140754-6dd5-4fbc-b02e-48713cf48a17,631a1e24-52d6-4900-a14f-f38ab19822d4,3.2,54.85
2124053c-a37d-451a-88a8-c5dc7ba10fb0,93ae1259-d5b2-4ac9-8eaa-10f8187c7fbc,39dac036-1cbb-41e3-9550-b0ec6a31b6eb,2.32,28.69
0e517d3f-25a2-4e1a-b86a-88e601a1a53c,93ae1259-d5b2-4ac9-8eaa-10f8187c7fbc,469de709-3edd-4ecf-b373-98a004b5f3ae,1.55,61.29
684d5f08-039b-4689-ba23-70d3659fc0ea,93ae1259-d5b2-4ac9-8eaa-10f8187c7fbc,88dc8654-525d-4e13-a1c5-26c467b71fdf,1.02,53.29
01fd6940-9333-49b0-9053-33766392a7ba,e2aab7d2-9f1c-4f05-8a66-aec76acecc6c,3917a229-00ce-4f07-ab63-a7dfc2cd82df,1.34,27.35
07978149-2a5a-4187-a426-ffae0a3dc83d,e2aab7d2-9f1c-4f05-8a66-aec76acecc6c,ef03f9f5-d4ae-43ae-9c98-2b1ac1e2bf87,3.8,60.6
e9d7b577-b49d-4a2e-a974-0bff43c8cd16,e2aab7d2-9f1c-4f05-8a66-aec76acecc6c,0994cb89-90be-4944-806b-eeefe4d6eabb,1.07,41.4
47ff860a-4aa4-4f38-8a69-c064956b0794,e2aab7d2-9f1c-4f05-8a66-aec76acecc6c,e83f625e-4033-46b8-b595-e7f5d55bab20,3.95,54.09
504c2cc4-ea30-403e-bdb4-35b370a9025d,25526c95-b76a-472b-9e1c-69a7cbcf55aa,5638747c-cb25-4b64-9d98-851c2db06d60,1.84,43.15
28d07ddb-2718-48a1-98bf-75391fcfb41d,25526c95-b76a-472b-9e1c-69a7cbcf55aa,18fe75c9-121d-44bc-89b9-cc601c87f43e,2.38,48.11
85b2f8b9-c160-45c2-90d6-141a90cae86a,25526c95-b76a-472b-9e1c-69a7cbcf55aa,10a2f7b5-2629-4dff-b0d1-9d3c4c954908,2.08,72.38
bdf754db-f4eb-46ce-a788-2da8742afb0f,25526c95-b76a-472b-9e1c-69a7cbcf55aa,c550a097-fe9a-4708-a8de-917d87890596,3.83,111.72
808f23f6-ed7f-4029-bc8b-f7517bf36bf6,25526c95-b76a-472b-9e1c-69a7cbcf55aa,3d9f95b7-246a-4a03-b972-3edf5dc69656,2.0,19.45
c785de32-2c34-46cd-a31e-e4541b962a6a,32deb9a3-3a63-4af6-908a-4c376d92916a,5638747c-cb25-4b64-9d98-851c2db06d60,1.92,43.15
4519e0b3-15c1-47d6-9197-f5a76fbd495e,32deb9a3-3a63-4af6-908a-4c376d92916a,472f225e-9fd0-4a31-9d3a-970b74e867a1,3.74,45.91
c1f70741-4106-4a90-adff-28bcd45296ae,32deb9a3-3a63-4af6-908a-4c376d92916a,10a2f7b5-2629-4dff-b0d1-9d3c4c954908,3.3,72.38
1e79f292-13a9-4702-8376-30502bdfc9b9,32deb9a3-3a63-4af6-908a-4c376d92916a,c550a097-fe9a-4708-a8de-917d87890596,4.32,111.72
94c1e8ba-3226-4619-91ae-b8fe1c2ab7db,32deb9a3-3a63-4af6-908a-4c376d92916a,9e62c28d-8fc0-432a-b85d-e57755b7a392,1.68,15.82
880f6d38-74f5-4c1d-a2db-1a002620c434,c9e2f3cc-b853-45bb-9a9e-083fc7572818,91cc837c-d604-411e-809c-ace8df152781,1.83,42.04
53a1827e-6fcb-4415-9dab-0333b183cd97,c9e2f3cc-b853-45bb-9a9e-083fc7572818,a30967de-2eeb-4230-9552-7c88ededd081,2.96,42.09
9d45f8f1-998e-4e11-b119-d9a708ad47f1,c9e2f3cc-b853-45bb-9a9e-083fc7572818,513bda1b-657c-4490-9a52-b4bf2f376704,1.01,36.46
000091c6-43db-4f32-a708-a0ca6c02645c,d4eff6c6-1664-43cf-9a82-4414f16be27c,5638747c-cb25-4b64-9d98-851c2db06d60,4.08,43.15
d5d6211c-7cfa-4a6d-a35e-7e27ddb3a375,d4eff6c6-1664-43cf-9a82-4414f16be27c,ef1edfc3-47b7-4fd4-83d6-8e411458ec16,3.35,35.81
81a0588c-ceae-4fcc-8019-139564ff2b36,d4eff6c6-1664-43cf-9a82-4414f16be27c,10a2f7b5-2629-4dff-b0d1-9d3c4c954908,1.8,72.38
d7180bed-f082-4fbc-9336-10ad2c9b3447,d4eff6c6-1664-43cf-9a82-4414f16be27c,25f04353-3717-43fc-8cda-10082eb64989,4.85,93.79
a9253648-4cd6-4822-a8e9-aa86e0160482,d4eff6c6-1664-43cf-9a82-4414f16be27c,6cdd3db3-dda7-490b-a0bf-c17e5da99590,1.44,19.05
ab1fe8dc-6cbd-4b70-a8e4-424b51506b23,da8f07a2-a970-4f97-9cac-b6aa1664cd6f,5638747c-cb25-4b64-9d98-851c2db06d60,3.09,43.15
18bbfcce-a3bc-4e37-a83b-e01efbf7603c,da8f07a2-a970-4f97-9cac-b6aa1664cd6f,18fe75c9-121d-44bc-89b9-cc601c87f43e,3.99,48.11
ebe1c7d8-4ca8-4189-b0eb-93f6f5af47c5,da8f07a2-a970-4f97-9cac-b6aa1664cd6f,10a2f7b5-2629-4dff-b0d1-9d3c4c954908,1.96,72.38
428fc24f-8a67-4ae1-867d-8309326aafec,da8f07a2-a970-4f97-9cac-b6aa1664cd6f,c3495736-91c7-4cc4-809c-67ddabb167ef,4.03,113.5
a89f6520-6d3b-41ac-86ea-0e800aacddaa,da8f07a2-a970-4f97-9cac-b6aa1664cd6f,ca262023-1ba4-4c5c-b26f-043d23841ff1,2.71,20.34
f4992b19-f018-43c5-b4d8-b8fa3c06c0ee,d78466cf-3f33-4138-9c50-1817823ddcf8,2cc864b2-ffcd-4cd9-96ea-35cc70b7f01e,1.77,34.73
f5130468-97c6-4149-8645-35b2de645df8,d78466cf-3f33-4138-9c50-1817823ddcf8,ada3490e-9d0d-41c5-b8f6-ee36f232a592,2.0,40.7
133b8807-b7c5-4b34-a941-2fb08cd06dba,d78466cf-3f33-4138-9c50-1817823ddcf8,9e466ab4-0753-45f0-b24d-06ca63637b2d,3.68,34.7
ed9f233f-b20d-47d2-8d24-bef56389b694,d78466cf-3f33-4138-9c50-1817823ddcf8,8925d13b-14fa-4779-863a-25811e076e6a,1.38,48.81
fad042b9-7e9e-4d88-ac8f-259f4fb93102,d78466cf-3f33-4138-9c50-1817823ddcf8,fae9ed8b-df33-4c78-bb32-8de8a0abed79,2.3,73.47
d7ce0e1f-cc80-464a-889e-40b700e5cade,d78466cf-3f33-4138-9c50-1817823ddcf8,d24fe122-9118-4ac7-a533-519394afeea2,3.13,71.5
47b3a625-35eb-4214-9ebc-dfea7696ffda,463c57d9-755c-4e67-875b-ca304a7b91e8,2cc864b2-ffcd-4cd9-96ea-35cc70b7f01e,3.14,34.73
03ef7960-65be-41dd-bf9f-5926734d02c6,463c57d9-755c-4e67-875b-ca304a7b91e8,ada3490e-9d0d-41c5-b8f6-ee36f232a592,3.87,40.7
e60bd63d-97dc-4890-8955-b24f7622b023,463c57d9-755c-4e67-875b-ca304a7b91e8,9e466ab4-0753-45f0-b24d-06ca63637b2d,1.39,34.7
11bdb01a-fff1-4906-bd58-d929809b4732,463c57d9-755c-4e67-875b-ca304a7b91e8,5f7fe85b-a41f-445e-83dd-d16cd8b90fc2,1.48,55.37
2c13eab3-e613-4bbb-b6b1-39cae1ae4b4a,463c57d9-755c-4e67-875b-ca304a7b91e8,a6f0bc98-cd3d-4600-aa52-1551395a9aee,4.57,83.88
a93d678f-8b73-457f-8fd4-74c40de6013b,fabbc3ee-2605-40bb-852a-f8ba0c57a113,9e466ab4-0753-45f0-b24d-06ca63637b2d,3.16,34.7
843c5def-a205-4abd-b6aa-641df6846fde,fabbc3ee-2605-40bb-852a-f8ba0c57a113,472f225e-9fd0-4a31-9d3a-970b74e867a1,4.7,45.91
00a08267-cadf-43eb-abf8-29512116e7a2,fabbc3ee-2605-40bb-852a-f8ba0c57a113,0c46d491-ceb2-4f60-94c0-c9ee7e6802a3,4.55,97.54
f417e401-9e73-440d-8054-d86fe0e9961c,fabbc3ee-2605-40bb-852a-f8ba0c57a113,c6b75ac5-f7f5-4a39-935e-bdda1073cdea,4.7,107.35
35ce09e4-4f72-4dec-af39-fbefd4aa54d4,fabbc3ee-2605-40bb-852a-f8ba0c57a113,c6914581-923c-445a-9f9c-eaf0ec5a2c33,2.39,17.46
ffebcf77-3301-4e2c-8d84-ce0f39cc1f62,a2981716-5e3c-4136-b332-3a8252c336f5,e7185a39-0261-4ed3-8614-036ab8432fa2,3.95,27.72
dc2ac107-5795-48d6-b7af-83e13e1df4ac,a2981716-5e3c-4136-b332-3a8252c336f5,c2baad76-3877-4321-9e02-47d4f8e4cc46,1.79,46.61
45a67d48-e12b-4853-8e5d-0be0e2a96f94,a2981716-5e3c-4136-b332-3a8252c336f5,acea3378-4bf7-4d40-8a6e-bab5fadc2196,1.9,34.09
e1801891-b864-4acd-8f6d-23c614354879,a2981716-5e3c-4136-b332-3a8252c336f5,469de709-3edd-4ecf-b373-98a004b5f3ae,2.47,61.29
a1a968cf-639c-4d51-afbe-a5e8cbab2aac,a2981716-5e3c-4136-b332-3a8252c336f5,ee4da463-7838-44cc-ba60-059bd0de9197,2.73,70.15
6f125f0a-3611-4c19-80a8-0b619666592a,162bba37-1c87-4997-b09d-2d7766667bc0,0994cb89-90be-4944-806b-eeefe4d6eabb,1.63,41.4
bf0ab583-b9ad-4f1b-8a76-dc6096e6b133,162bba37-1c87-4997-b09d-2d7766667bc0,600ad2a1-c479-41cb-ae59-1f480c14eca6,1.43,40.88
fbe8648e-bf05-4c9b-8c3e-c3bc6ccd2217,162bba37-1c87-4997-b09d-2d7766667bc0,8124d850-f372-4140-92f6-6ff393d8ad94,3.85,111.97
c43b0bca-9cd6-4794-b502-825d7c92e6d7,162bba37-1c87-4997-b09d-2d7766667bc0,4985cb8a-2526-4b48-9622-96507fd818ac,4.8,63.22
bd8e18fa-a6cb-446a-968a-5c9fd3ba0550,3598142e-8aa3-47d4-8696-413963e8bfc0,ce228021-e222-4cb4-afed-b4079dd03dde,2.12,34.21
5773e7e1-cd2a-409b-9b72-8b1a9e9105d1,3598142e-8aa3-47d4-8696-413963e8bfc0,c2baad76-3877-4321-9e02-47d4f8e4cc46,1.79,46.61
aa173d0f-5935-487a-ae98-99683d2dc395,3598142e-8aa3-47d4-8696-413963e8bfc0,9e466ab4-0753-45f0-b24d-06ca63637b2d,4.71,34.7
8b686335-3989-4e25-984c-afb0f3fe2e1d,3598142e-8aa3-47d4-8696-413963e8bfc0,469de709-3edd-4ecf-b373-98a004b5f3ae,4.6,61.29
31721361-72ca-4e9b-9d7d-368400a06a11,3598142e-8aa3-47d4-8696-413963e8bfc0,fae9ed8b-df33-4c78-bb32-8de8a0abed79,3.24,73.47
b7cf73cd-02c8-47d0-84f1-1ad860d26097,3ff7e5b3-13fe-48c6-b686-8694930453d0,c8ab7e01-9ce6-44bf-9bcc-a325e05802a4,3.17,41.38
d15b1371-90f2-4cb9-b99a-0b4eb4e9ae26,3ff7e5b3-13fe-48c6-b686-8694930453d0,3917a229-00ce-4f07-ab63-a7dfc2cd82df,1.68,27.35
2acf0bf3-2435-4ba0-a52a-bae4053dc372,3ff7e5b3-13fe-48c6-b686-8694930453d0,a9adc9d0-b23e-4e5d-be77-825b68788f9f,3.2,54.16
cf5dfb8e-2eef-45c9-b55f-d1bf4bb12d49,3ff7e5b3-13fe-48c6-b686-8694930453d0,cc42fd2a-523e-4640-b4b1-35a7abc2ad6e,4.4,70.49
2acfc13c-b903-461e-a40b-c07879ff9573,8b25fc63-30a1-4106-8cd7-66d667070cec,9e466ab4-0753-45f0-b24d-06ca63637b2d,1.66,34.7
44db8e0b-80f2-4cf1-8b46-0a10462a5e64,8b25fc63-30a1-4106-8cd7-66d667070cec,b4c436be-f3b0-415f-bf41-4043d721bf73,1.07,23.38
18ebbedf-8739-4d01-9485-174422252022,8b25fc63-30a1-4106-8cd7-66d667070cec,a9adc9d0-b23e-4e5d-be77-825b68788f9f,4.45,54.16
09ee7e77-82e0-472d-859d-05028f6bbbeb,8b25fc63-30a1-4106-8cd7-66d667070cec,77d21e1a-3f2f-49f2-be52-f1fb6324b498,4.03,62.31
76ec95d0-a4b1-4a6e-9c5a-be2d02e5dc75,a543fa46-4db4-43b4-867a-7ec2a4b7175f,c8ab7e01-9ce6-44bf-9bcc-a325e05802a4,1.1,41.38
502c829d-1285-4a16-9cbe-40a9b65ccb2a,a543fa46-4db4-43b4-867a-7ec2a4b7175f,3917a229-00ce-4f07-ab63-a7dfc2cd82df,2.34,27.35
caf225d7-4dcf-4e39-8d05-8029370c578b,a543fa46-4db4-43b4-867a-7ec2a4b7175f,a9adc9d0-b23e-4e5d-be77-825b68788f9f,4.01,54.16
efa8a75f-0427-4d16-ba8d-d2148983379f,3a0fc7da-9afa-4ffc-aad6-30881a05fd11,119171e8-3049-4289-a1e6-20156e6d3e20,1.6,41.62
b863619a-c20e-4c18-b27c-08b58d2415f0,3a0fc7da-9afa-4ffc-aad6-30881a05fd11,3917a229-00ce-4f07-ab63-a7dfc2cd82df,1.63,27.35
93905a12-2b9b-4a1e-859e-cf1086afc535,3a0fc7da-9afa-4ffc-aad6-30881a05fd11,a9adc9d0-b23e-4e5d-be77-825b68788f9f,1.11,54.16
acd51941-0b4f-482f-9395-44463eb575dc,1a9d3810-4b90-4ee0-9276-d86a2a859ed3,0c46d491-ceb2-4f60-94c0-c9ee7e6802a3,3.25,97.54
6a41ded6-5fa5-41f2-99d7-a2b0674dbe07,1a9d3810-4b90-4ee0-9276-d86a2a859ed3,40dc9d92-f58c-4d7d-9147-c68c24af66b3,3.05,108.38
3533bc5f-2416-4987-8d41-e4b30d6f4559,1a9d3810-4b90-4ee0-9276-d86a2a859ed3,9fde5f92-80d6-4098-9f79-62288afa3012,3.65,44.76
d0482f5d-b70f-4252-8caa-7b8b8037a064,1a9d3810-4b90-4ee0-9276-d86a2a859ed3,5a442680-9fef-499c-825c-bcbe3ceaedb7,1.75,20.08
b4fefa96-61dd-4435-a110-57c8e1243db2,1a9d3810-4b90-4ee0-9276-d86a2a859ed3,61994682-174b-47e1-a92b-8d56e543416b,2.88,65.45
17b81a63-080c-4a3b-bd3b-9377442e8467,7904c52b-03e6-4197-bb56-07373f8eafef,0c46d491-ceb2-4f60-94c0-c9ee7e6802a3,4.21,97.54
697f5cf6-a606-48c0-b9de-3c218c8c6a3b,7904c52b-03e6-4197-bb56-07373f8eafef,61196fcb-7d00-4c63-8871-a2da792babf2,4.34,125.07
f2176b58-b3c3-4ccb-afad-821ebffc966e,7904c52b-03e6-4197-bb56-07373f8eafef,70e90051-397e-40bf-833c-120d977f7445,4.66,42.37
d75266a0-6fb0-4029-bec4-798be16ff3a7,7904c52b-03e6-4197-bb56-07373f8eafef,6cdd3db3-dda7-490b-a0bf-c17e5da99590,1.52,19.05
5cba0e80-0a95-4582-8424-6345c31535c7,7138487d-94f7-4b35-a0ac-bf67cd2126ac,119171e8-3049-4289-a1e6-20156e6d3e20,2.6,41.62
07c542dc-030a-4226-8549-a471657343b9,7138487d-94f7-4b35-a0ac-bf67cd2126ac,c2baad76-3877-4321-9e02-47d4f8e4cc46,3.79,46.61
b34accff-a51f-4999-8ed2-b2ce5198d34f,7138487d-94f7-4b35-a0ac-bf67cd2126ac,0c46d491-ceb2-4f60-94c0-c9ee7e6802a3,3.09,97.54
1b7ee262-13e3-4742-8496-1c291c9b943b,7138487d-94f7-4b35-a0ac-bf67cd2126ac,34375768-3582-4dae-94f6-7d728cf14b72,2.63,100.8
912e24d7-23b8-40ae-978f-3d3976024792,7138487d-94f7-4b35-a0ac-bf67cd2126ac,749c4ddf-974f-4931-a100-4225142185fc,2.51,18.26
1255c50f-8423-4928-ba02-63c833afd662,7138487d-94f7-4b35-a0ac-bf67cd2126ac,4985cb8a-2526-4b48-9622-96507fd818ac,2.72,63.22
20f9e239-d03f-4a3a-b5f5-354b82c432fe,9a122840-249e-4b8a-97ae-c667b57aa781,48c05eff-6a2c-4517-9f87-23a6d289b906,4.03,33.88
ce3462dd-f5f4-4063-9347-b7dd981eaa4a,9a122840-249e-4b8a-97ae-c667b57aa781,aae46e83-5eca-4bae-83be-d1af00c5cdc0,4.15,37.81
782a3a29-35d8-4799-b95d-5da3c93f54b1,9a122840-249e-4b8a-97ae-c667b57aa781,0c46d491-ceb2-4f60-94c0-c9ee7e6802a3,2.18,97.54
4128b9d2-ebcc-456d-8d89-28d1abf8a28b,9a122840-249e-4b8a-97ae-c667b57aa781,5dab8803-0ab8-4447-a6f6-08365aa53ddb,3.67,111.21
62eb3c78-11cf-4954-9171-33a42c830fef,9a122840-249e-4b8a-97ae-c667b57aa781,749c4ddf-974f-4931-a100-4225142185fc,2.73,18.26
c77edb9d-7791-4755-a2b5-8f45ee189ab9,9a122840-249e-4b8a-97ae-c667b57aa781,07085e02-3d10-40d1-bd00-3c9607f4b23f,3.02,71.25
67ef2376-3438-4c93-9c18-57f11c77d652,398ae1b9-c94c-46bf-afc5-4d33f21b8272,9ecc0d39-ed33-485e-ad18-7a2a707c6d2a,2.86,76.66
0a573144-ff97-4167-9b57-7e61fb256c6e,398ae1b9-c94c-46bf-afc5-4d33f21b8272,40dc9d92-f58c-4d7d-9147-c68c24af66b3,1.15,108.38
2341337e-9b16-474e-83f3-a3cd53e9aa35,398ae1b9-c94c-46bf-afc5-4d33f21b8272,2858bb15-902c-497e-a053-466c6becf391,4.97,44.12
159ae664-d362-4ea0-9ab8-3ec3b7fa0c70,398ae1b9-c94c-46bf-afc5-4d33f21b8272,300c236a-5cf1-4646-b74a-bd449ed18374,1.42,17.69
f580b573-4376-42a9-8404-f8165bc45a8d,b171104a-2a1e-4291-8d52-256d989dce4b,0c04e9e0-bb76-47a7-a14d-f2eff4f256d8,2.2,27.65
efb5ca23-89c5-4ea1-a4bb-32cb47465a8b,b171104a-2a1e-4291-8d52-256d989dce4b,86cea29e-ba3e-4d48-83e6-50fc57051a44,3.18,59.76
971462eb-8ee8-4849-af10-a19d3764a9bd,b171104a-2a1e-4291-8d52-256d989dce4b,0994cb89-90be-4944-806b-eeefe4d6eabb,3.52,41.4
0c99e8c8-af65-4c46-a7ab-ae54948f3071,b171104a-2a1e-4291-8d52-256d989dce4b,11c8c1f3-45ad-4242-b7e7-ea4567b89d10,3.58,59.04
d45f6916-85b3-44a3-a570-e859b3e4faef,820dd23e-7b25-4a66-80c5-77f7b52e97e2,19d09fa0-c8b2-4b5c-b5a6-7efe29934bd0,1.92,23.82
487eaa28-25e0-42d4-80d2-864c95654fe4,820dd23e-7b25-4a66-80c5-77f7b52e97e2,ef03f9f5-d4ae-43ae-9c98-2b1ac1e2bf87,1.04,60.6
c0c453e2-cfa2-448b-af9a-e2696cad293a,820dd23e-7b25-4a66-80c5-77f7b52e97e2,0994cb89-90be-4944-806b-eeefe4d6eabb,1.12,41.4
76c375c2-e687-4cc7-9f2d-e60aa6c09278,306d248f-bc58-4129-b439-d1c018347110,0c04e9e0-bb76-47a7-a14d-f2eff4f256d8,2.41,27.65
36fe5748-4ca2-410b-87cc-1600088d85a6,306d248f-bc58-4129-b439-d1c018347110,ef03f9f5-d4ae-43ae-9c98-2b1ac1e2bf87,4.84,60.6
ecad0c41-6f6e-4efb-b786-48631dc37264,306d248f-bc58-4129-b439-d1c018347110,88dc8654-525d-4e13-a1c5-26c467b71fdf,3.72,53.29
00284fdf-3c47-4f5f-9b27-ddaa95615648,18eb9189-83a2-4383-90ae-7f67773a4550,bf9e355c-e1c9-428e-906d-8e9a455ce885,1.93,37.18
c375fa37-a64c-434c-9c0b-93d64b708fbb,18eb9189-83a2-4383-90ae-7f67773a4550,fc99c491-28ac-40fc-bd3b-edf6d3a3588b,3.35,44.42
13acd671-2b6e-4ab2-80aa-e67eb92aad46,18eb9189-83a2-4383-90ae-7f67773a4550,0031e56a-e740-4991-af49-d3cac14a83eb,4.26,33.43
1f9c2fae-f712-47cf-ace0-46d77c5a5de2,d9702a38-3c1e-4140-8519-ccc5497a5f6e,bf9e355c-e1c9-428e-906d-8e9a455ce885,4.74,37.18
15bb2720-9593-43ee-ba3f-c3c7c39a436f,d9702a38-3c1e-4140-8519-ccc5497a5f6e,aae46e83-5eca-4bae-83be-d1af00c5cdc0,1.52,37.81
bde67fd2-3398-4ef2-acd5-e3a588a11c94,d9702a38-3c1e-4140-8519-ccc5497a5f6e,d848e305-da92-42ae-a09b-220a4628adde,4.32,34.82
138785b2-ca32-4a89-aedf-d87f062cd7ae,d9702a38-3c1e-4140-8519-ccc5497a5f6e,74396c83-e782-46c3-9710-c78913d5a49a,1.95,31.35
6ae1edfc-eeed-48e1-a9af-a7ca19c801c9,3d563eda-a0fb-474b-a24e-152c4cdafd6f,90d08764-413b-4792-ac7f-41915db7fab3,4.54,40.94
c5b82ae4-7625-473d-9398-7e8e5603a17d,3d563eda-a0fb-474b-a24e-152c4cdafd6f,aae46e83-5eca-4bae-83be-d1af00c5cdc0,4.27,37.81
bf87f3d5-bbdd-4997-a7ef-3f91e3c4a554,3d563eda-a0fb-474b-a24e-152c4cdafd6f,2be07e4c-3dbf-42e5-90c3-26540a177fd1,1.62,47.69
5c409ec6-ee6c-4d63-941a-816509d89a0f,3d563eda-a0fb-474b-a24e-152c4cdafd6f,6cdd3db3-dda7-490b-a0bf-c17e5da99590,1.43,19.05
e5631a9c-ef63-4e62-a1e3-16a7cd1c584a,3d563eda-a0fb-474b-a24e-152c4cdafd6f,43d6910f-14b0-4fa4-8763-100d2a5ef4f5,1.51,20.94
5fbc0aee-8015-421b-b9a0-b7a8754e0a56,e75913aa-18c6-4777-b002-3814305dce9d,5ac74607-116b-439d-bc3c-14d60fbbf3c9,3.58,41.06
e4e10333-9bea-4d97-9e4c-813794154d75,e75913aa-18c6-4777-b002-3814305dce9d,aae46e83-5eca-4bae-83be-d1af00c5cdc0,2.16,37.81
4271e1da-f0b2-4ee6-9844-5781e96c4759,e75913aa-18c6-4777-b002-3814305dce9d,26aee757-06a2-4ead-ab16-d1e71fd68f1b,1.97,41.85
65885441-e491-44b5-b3ee-7050a79acae4,e75913aa-18c6-4777-b002-3814305dce9d,6cdd3db3-dda7-490b-a0bf-c17e5da99590,2.97,19.05
f49fa750-c6be-438e-934f-b526e3ab523e,35259f09-cb7e-480c-bde7-be50e91899ef,631a1e24-52d6-4900-a14f-f38ab19822d4,3.58,54.85
332513a0-215e-4d60-ba0f-fbeae4873a78,35259f09-cb7e-480c-bde7-be50e91899ef,265e1ca7-c45b-473b-b818-6c1e60c08a99,1.21,42.37
feb0a344-0eb8-4bec-b1c1-987c95806535,35259f09-cb7e-480c-bde7-be50e91899ef,93972ebd-a548-446c-a61e-54abc0d9eb7a,3.76,142.62
48098ebe-368e-483f-babd-098c34f6cde8,8715d5ed-21ad-40ec-aba4-05143064d1bd,f7bc89a4-3acf-4f49-af2d-c878fc6e6f45,4.23,35.19
feda7822-1dae-46e9-894b-816b77e8f33f,8715d5ed-21ad-40ec-aba4-05143064d1bd,3917a229-00ce-4f07-ab63-a7dfc2cd82df,2.53,27.35
20993901-c39d-4b36-bc5c-6a1fcaace720,8715d5ed-21ad-40ec-aba4-05143064d1bd,a9adc9d0-b23e-4e5d-be77-825b68788f9f,4.32,54.16
7d4f80fd-943e-4253-8537-c6103e13d934,8715d5ed-21ad-40ec-aba4-05143064d1bd,ba41f220-5257-44f8-b81b-33288ae7ef35,1.36,65.45
307740ad-9474-451f-9498-af5c65812ab6,c79da530-2bff-441a-8c3e-9bd038064164,3917a229-00ce-4f07-ab63-a7dfc2cd82df,1.04,27.35
61979ffc-efd7-4cab-aa61-e4afcb3be903,c79da530-2bff-441a-8c3e-9bd038064164,a9adc9d0-b23e-4e5d-be77-825b68788f9f,4.81,54.16
7c62b8e6-51bd-4626-9a70-43a94c9c59b2,c79da530-2bff-441a-8c3e-9bd038064164,631a1e24-52d6-4900-a14f-f38ab19822d4,2.18,54.85
8b449ef0-6090-4766-a5e2-59bafb6e694e,91d0fa43-13b8-4f28-b891-d7e34d123360,04f54342-120a-43fa-9062-b8d0771ca8a7,3.56,41.13
105045a0-2e64-49f9-8b08-914e5d5e8231,91d0fa43-13b8-4f28-b891-d7e34d123360,3917a229-00ce-4f07-ab63-a7dfc2cd82df,2.28,27.35
38207b21-dbc0-45ea-ab09-8da39e430f05,91d0fa43-13b8-4f28-b891-d7e34d123360,a9adc9d0-b23e-4e5d-be77-825b68788f9f,3.08,54.16
3476a859-4d14-482d-bbef-dd51ea8c1be9,91d0fa43-13b8-4f28-b891-d7e34d123360,f44d292e-2536-44e1-8fc6-4f01e4c1a342,3.6,44.94
6137a93b-993b-4afe-ae33-6871cf00368f,b1191a01-ad14-4a7e-b045-3e3e4090ecfb,dc34e374-8390-4aec-9210-3712476ff78f,4.93,81.73
477004c6-a528-4cb6-82f4-da5bfea32fd3,b1191a01-ad14-4a7e-b045-3e3e4090ecfb,40dc9d92-f58c-4d7d-9147-c68c24af66b3,2.37,108.38
f0f3012b-baed-4771-bcb2-86b393652c45,b1191a01-ad14-4a7e-b045-3e3e4090ecfb,b199b97b-df40-43fe-84c4-82e07bffeb1a,2.62,38.52
5e68dc76-f200-408b-abbc-541b97325f22,b1191a01-ad14-4a7e-b045-3e3e4090ecfb,300c236a-5cf1-4646-b74a-bd449ed18374,1.87,17.69
2d39d1f1-15da-428c-a7f9-e2ca4869d54a,6a6651ad-af00-4902-8495-4c08851fc605,f2b7b5ef-c8f7-4c34-93ed-2e35f3c536c1,4.23,38.0
7e90eb45-d519-495d-89b7-5eceded6379e,6a6651ad-af00-4902-8495-4c08851fc605,c2baad76-3877-4321-9e02-47d4f8e4cc46,4.07,46.61
4fae0db5-de41-4169-a17b-62418b11fc08,6a6651ad-af00-4902-8495-4c08851fc605,0c46d491-ceb2-4f60-94c0-c9ee7e6802a3,4.92,97.54
9ca88bf6-354d-4cb4-95fb-54d72563ef4d,6a6651ad-af00-4902-8495-4c08851fc605,40dc9d92-f58c-4d7d-9147-c68c24af66b3,4.11,108.38
dfdc851d-9448-439b-8457-bba58b161151,6a6651ad-af00-4902-8495-4c08851fc605,6cdd3db3-dda7-490b-a0bf-c17e5da99590,2.59,19.05
686e0ca0-1352-42f9-812a-b25c0a0a7e07,2861207c-bca7-4036-930a-17b8080a33e9,0c46d491-ceb2-4f60-94c0-c9ee7e6802a3,3.4,97.54
276cc27e-7ae3-4466-822c-294dea5cfa75,2861207c-bca7-4036-930a-17b8080a33e9,40dc9d92-f58c-4d7d-9147-c68c24af66b3,1.47,108.38
7d316a80-8144-4383-b4ef-b08a793f942e,2861207c-bca7-4036-930a-17b8080a33e9,2be07e4c-3dbf-42e5-90c3-26540a177fd1,3.02,47.69
680bfd62-f613-4ad0-9473-5c42f637bb52,2861207c-bca7-4036-930a-17b8080a33e9,3d9f95b7-246a-4a03-b972-3edf5dc69656,1.67,19.45
