interaction_id,customer_id,listing_id,interaction_type,interaction_weight,created_at
acee0722-9b99-4e6a-881d-ddfd4aaf17c8,415c5186-549e-44e9-9132-6d158175f5c1,48c05eff-6a2c-4517-9f87-23a6d289b906,PURCHASE,10.0,2026-08-11T21:52:01.488479
57ad915d-579f-43da-abee-290d89014da9,415c5186-549e-44e9-9132-6d158175f5c1,14be1626-52a6-4663-a86f-3e63efc5b7f1,PURCHASE,10.0,2026-08-11T21:52:01.488479
2a5f020b-dcd3-4716-b0fd-7c937c5324bf,415c5186-549e-44e9-9132-6d158175f5c1,d848e305-da92-42ae-a09b-220a4628adde,PURCHASE,10.0,2026-08-11T21:52:01.488479
62542414-af15-4ad3-aed3-cc721882dad0,415c5186-549e-44e9-9132-6d158175f5c1,d848e305-da92-42ae-a09b-220a4628adde,ADD_TO_CART,5.0,2026-08-11T21:52:01.488479
ad036362-ad84-4194-96bd-24a62f3055b4,415c5186-549e-44e9-9132-6d158175f5c1,48c05eff-6a2c-4517-9f87-23a6d289b906,PURCHASE,10.0,2026-08-24T19:52:01.488479
70d773b3-8951-4c80-987a-0be0aa6a0446,415c5186-549e-44e9-9132-6d158175f5c1,48c05eff-6a2c-4517-9f87-23a6d289b906,ADD_TO_CART,5.0,2026-08-24T19:52:01.488479
363716c5-d3fb-42de-9bb0-8698673ce610,415c5186-549e-44e9-9132-6d158175f5c1,ff6ed914-1af0-4743-a219-3c47dd0455f8,PURCHASE,10.0,2026-08-24T19:52:01.488479
543b432e-5dad-4f49-9a75-bd1bbd989af9,415c5186-549e-44e9-9132-6d158175f5c1,ff6ed914-1af0-4743-a219-3c47dd0455f8,ADD_TO_CART,5.0,2026-08-24T19:52:01.488479
448aca1d-c26e-40df-a841-2e191883d269,415c5186-549e-44e9-9132-6d158175f5c1,798ae4e6-fad9-4806-8971-c892a9483220,PURCHASE,10.0,2026-08-24T19:52:01.488479
c692e7fb-2fcf-4544-a33c-381c99da1170,415c5186-549e-44e9-9132-6d158175f5c1,48c05eff-6a2c-4517-9f87-23a6d289b906,PURCHASE,10.0,2026-08-27T17:52:01.488479
cc1fd49a-5459-4a3c-87a9-8dcb67c5de30,415c5186-549e-44e9-9132-6d158175f5c1,48c05eff-6a2c-4517-9f87-23a6d289b906,ADD_TO_CART,5.0,2026-08-27T17:52:01.488479
b7919375-5f44-4ba1-b9f9-b6561cc79a84,415c5186-549e-44e9-9132-6d158175f5c1,ff6ed914-1af0-4743-a219-3c47dd0455f8,PURCHASE,10.0,2026-08-27T17:52:01.488479
80138e2e-fd1c-4273-96b8-5fcd82884c3b,415c5186-549e-44e9-9132-6d158175f5c1,2cc864b2-ffcd-4cd9-96ea-35cc70b7f01e,PURCHASE,10.0,2026-08-27T17:52:01.488479
bd609b14-832b-48b6-a171-2b04855df4e9,415c5186-549e-44e9-9132-6d158175f5c1,90d08764-413b-4792-ac7f-41915db7fab3,PURCHASE,10.0,2026-09-04T20:52:01.488479
f61930ce-8305-40a7-894e-f4af4d4a1e8a,415c5186-549e-44e9-9132-6d158175f5c1,90d08764-413b-4792-ac7f-41915db7fab3,ADD_TO_CART,5.0,2026-09-04T20:52:01.488479
54f09cd4-7afa-4284-87f9-3b06a78f24e2,415c5186-549e-44e9-9132-6d158175f5c1,fc99c491-28ac-40fc-bd3b-edf6d3a3588b,PURCHASE,10.0,2026-09-04T20:52:01.488479
dfefbbfc-8bac-431d-b597-90f0c3357f83,415c5186-549e-44e9-9132-6d158175f5c1,1fb51520-9238-438a-b8e4-17a7803354a7,PURCHASE,10.0,2026-09-04T20:52:01.488479
6da275df-4353-4427-b6a8-17fd6e758ecf,415c5186-549e-44e9-9132-6d158175f5c1,3d9f95b7-246a-4a03-b972-3edf5dc69656,PURCHASE,10.0,2026-09-04T20:52:01.488479
ee450edb-ebde-4ab6-bfc2-f0d93e7ffbc6,415c5186-549e-44e9-9132-6d158175f5c1,3d9f95b7-246a-4a03-b972-3edf5dc69656,ADD_TO_CART,5.0,2026-09-04T20:52:01.488479
a829fa21-3f4d-47d4-99db-500679880df5,7da7a7d5-e468-4f10-a91c-c07fd503dc72,f2b7b5ef-c8f7-4c34-93ed-2e35f3c536c1,PURCHASE,10.0,2026-08-15T18:52:01.488479
1a438c1a-d745-4360-9df4-efaccbbadac9,7da7a7d5-e468-4f10-a91c-c07fd503dc72,3a552307-6f65-4c3a-a54d-d271c022e93b,PURCHASE,10.0,2026-08-15T18:52:01.488479
53506a31-580d-4563-95ed-7f6366d1c14b,7da7a7d5-e468-4f10-a91c-c07fd503dc72,3a552307-6f65-4c3a-a54d-d271c022e93b,ADD_TO_CART,5.0,2026-08-15T18:52:01.488479
10038b8b-12c2-4c6d-9637-2bc6254030b1,7da7a7d5-e468-4f10-a91c-c07fd503dc72,33b8b450-7c1f-41ce-878c-fb991290c907,PURCHASE,10.0,2026-08-15T18:52:01.488479
ace67dd0-9539-4864-85a3-04c915144ac2,7da7a7d5-e468-4f10-a91c-c07fd503dc72,33b8b450-7c1f-41ce-878c-fb991290c907,ADD_TO_CART,5.0,2026-08-15T18:52:01.488479
e9da7214-7416-4050-a551-a4d6a9da071b,7da7a7d5-e468-4f10-a91c-c07fd503dc72,6f413aea-b761-4f53-83cc-8909734ca65f,PURCHASE,10.0,2026-08-15T18:52:01.488479
9af4ad3d-7d0c-4900-b226-9e2ae814db84,7da7a7d5-e468-4f10-a91c-c07fd503dc72,f2b7b5ef-c8f7-4c34-93ed-2e35f3c536c1,PURCHASE,10.0,2026-08-15T21:52:01.488479
7735a8c9-c4ac-4dc0-85d7-2ef8f2fdd6d6,7da7a7d5-e468-4f10-a91c-c07fd503dc72,f2b7b5ef-c8f7-4c34-93ed-2e35f3c536c1,ADD_TO_CART,5.0,2026-08-15T21:52:01.488479
9e41f3a2-4524-47d6-be66-092ae26e60df,7da7a7d5-e468-4f10-a91c-c07fd503dc72,3a552307-6f65-4c3a-a54d-d271c022e93b,PURCHASE,10.0,2026-08-15T21:52:01.488479
bff3deae-aad9-4eb3-8435-41ad80cc1efe,7da7a7d5-e468-4f10-a91c-c07fd503dc72,3a552307-6f65-4c3a-a54d-d271c022e93b,ADD_TO_CART,5.0,2026-08-15T21:52:01.488479
5de0728d-772b-4309-9331-fa9ef9fd7111,7da7a7d5-e468-4f10-a91c-c07fd503dc72,33b8b450-7c1f-41ce-878c-fb991290c907,PURCHASE,10.0,2026-08-15T21:52:01.488479
877a861e-744f-4704-8502-fed952638aeb,7da7a7d5-e468-4f10-a91c-c07fd503dc72,33b8b450-7c1f-41ce-878c-fb991290c907,ADD_TO_CART,5.0,2026-08-15T21:52:01.488479
8eb1ad95-8588-4606-af6d-bc8483a160dd,7da7a7d5-e468-4f10-a91c-c07fd503dc72,9343e411-1342-4af6-b84c-49ab26ee23f0,PURCHASE,10.0,2026-08-15T21:52:01.488479
aef76049-ca67-4bc8-a818-59b201a65a08,7da7a7d5-e468-4f10-a91c-c07fd503dc72,f2b7b5ef-c8f7-4c34-93ed-2e35f3c536c1,PURCHASE,10.0,2026-08-21T14:52:01.488479
4920bb44-d6a2-4e0b-8b61-b4ef4f56f5c0,7da7a7d5-e468-4f10-a91c-c07fd503dc72,3a552307-6f65-4c3a-a54d-d271c022e93b,PURCHASE,10.0,2026-08-21T14:52:01.488479
c770e495-e0c2-436c-9915-8858d0119668,7da7a7d5-e468-4f10-a91c-c07fd503dc72,3a552307-6f65-4c3a-a54d-d271c022e93b,ADD_TO_CART,5.0,2026-08-21T14:52:01.488479
f8c82017-0c55-412f-a46a-cd584881148d,7da7a7d5-e468-4f10-a91c-c07fd503dc72,36ac1cb7-c55e-46e9-bdbf-67db44692a6b,PURCHASE,10.0,2026-08-21T14:52:01.488479
0a350d13-6a18-4b65-b7a6-9aee2103e8ee,7da7a7d5-e468-4f10-a91c-c07fd503dc72,0de12161-675e-4cbb-96b4-0107237dd341,PURCHASE,10.0,2026-08-21T14:52:01.488479
8ce4af2e-e2f5-413f-8e4c-8b3c67ca4414,7da7a7d5-e468-4f10-a91c-c07fd503dc72,0de12161-675e-4cbb-96b4-0107237dd341,ADD_TO_CART,5.0,2026-08-21T14:52:01.488479
a3133abb-0a99-40f6-b999-ad003adef7f2,7da7a7d5-e468-4f10-a91c-c07fd503dc72,19d09fa0-c8b2-4b5c-b5a6-7efe29934bd0,PURCHASE,10.0,2026-08-25T13:52:01.488479
775872a9-aa41-4ae6-9968-c59f6d104ec6,7da7a7d5-e468-4f10-a91c-c07fd503dc72,86cea29e-ba3e-4d48-83e6-50fc57051a44,PURCHASE,10.0,2026-08-25T13:52:01.488479
26b30a76-698d-43d5-8eb2-02b3afa1ad8e,7da7a7d5-e468-4f10-a91c-c07fd503dc72,0994cb89-90be-4944-806b-eeefe4d6eabb,PURCHASE,10.0,2026-08-25T13:52:01.488479
be26d7b2-8895-4003-9cf2-788ebc92c291,7da7a7d5-e468-4f10-a91c-c07fd503dc72,f2ae0ff7-611d-4a23-b1ee-97688a2701e7,PURCHASE,10.0,2026-08-25T13:52:01.488479
8616dd1f-7357-4660-ba62-7b6698ba0362,7da7a7d5-e468-4f10-a91c-c07fd503dc72,5ac74607-116b-439d-bc3c-14d60fbbf3c9,PURCHASE,10.0,2026-09-01T12:52:01.488479
4d95211a-8ffe-4c59-892b-d3fcc4d5ce05,7da7a7d5-e468-4f10-a91c-c07fd503dc72,5ac74607-116b-439d-bc3c-14d60fbbf3c9,ADD_TO_CART,5.0,2026-09-01T12:52:01.488479
74df39fd-b38f-4a7f-8c12-90bdd8606367,7da7a7d5-e468-4f10-a91c-c07fd503dc72,aafb59e7-4643-44a7-be97-2be664e18e79,PURCHASE,10.0,2026-09-01T12:52:01.488479
1db5b1ef-c34b-4b48-9c9b-f58f28118e9e,7da7a7d5-e468-4f10-a91c-c07fd503dc72,33b8b450-7c1f-41ce-878c-fb991290c907,PURCHASE,10.0,2026-09-01T12:52:01.488479
1e6b7990-34d7-4fe6-96f9-feacb297339f,7da7a7d5-e468-4f10-a91c-c07fd503dc72,33b8b450-7c1f-41ce-878c-fb991290c907,ADD_TO_CART,5.0,2026-09-01T12:52:01.488479
3ef4d6f0-7ed0-4bd9-8237-6fe972200ecc,7da7a7d5-e468-4f10-a91c-c07fd503dc72,32fc637e-f9fe-4fc6-9e2a-675ee8c4feee,PURCHASE,10.0,2026-09-01T12:52:01.488479
888884f2-2b18-45cf-81ac-8e1b2e4f7f4a,7da7a7d5-e468-4f10-a91c-c07fd503dc72,32fc637e-f9fe-4fc6-9e2a-675ee8c4feee,ADD_TO_CART,5.0,2026-09-01T12:52:01.488479
335d7513-5f58-4426-a3c8-6c5d182808b6,4be287a3-4af7-4b0f-93da-1215dbbe7007,0c04e9e0-bb76-47a7-a14d-f2eff4f256d8,PURCHASE,10.0,2026-08-18T19:52:01.488479
8fd21864-c9cc-42cc-ae7b-0e6496ef12d1,4be287a3-4af7-4b0f-93da-1215dbbe7007,0c04e9e0-bb76-47a7-a14d-f2eff4f256d8,ADD_TO_CART,5.0,2026-08-18T19:52:01.488479
d8856e7d-ddde-4b96-a7a5-0a34a84b2234,4be287a3-4af7-4b0f-93da-1215dbbe7007,ef03f9f5-d4ae-43ae-9c98-2b1ac1e2bf87,PURCHASE,10.0,2026-08-18T19:52:01.488479
18effeb4-5000-444e-a046-1aec8ccd4ade,4be287a3-4af7-4b0f-93da-1215dbbe7007,ef03f9f5-d4ae-43ae-9c98-2b1ac1e2bf87,ADD_TO_CART,5.0,2026-08-18T19:52:01.488479
77ee1bdc-c9a5-441b-989a-fe147d33b14c,4be287a3-4af7-4b0f-93da-1215dbbe7007,34119d47-c8c2-4772-b53c-97c701be9620,PURCHASE,10.0,2026-08-18T19:52:01.488479
8673d26c-27dc-4b31-a7f2-8833e5ca3aa5,4be287a3-4af7-4b0f-93da-1215dbbe7007,c72fff1a-1cca-48c8-8569-0e230d5647fd,PURCHASE,10.0,2026-08-23T19:52:01.488479
b0c168c3-84bf-4149-980d-b0565c29f32a,4be287a3-4af7-4b0f-93da-1215dbbe7007,469de709-3edd-4ecf-b373-98a004b5f3ae,PURCHASE,10.0,2026-08-23T19:52:01.488479
1493282d-922d-4e7d-83a0-2a07d3115a7a,4be287a3-4af7-4b0f-93da-1215dbbe7007,34119d47-c8c2-4772-b53c-97c701be9620,PURCHASE,10.0,2026-08-23T19:52:01.488479
fb71b043-b06c-40da-8256-b071332001a5,4be287a3-4af7-4b0f-93da-1215dbbe7007,34119d47-c8c2-4772-b53c-97c701be9620,ADD_TO_CART,5.0,2026-08-23T19:52:01.488479
e291f3fa-ea88-4412-875b-2ec53a64459f,4be287a3-4af7-4b0f-93da-1215dbbe7007,eeefd9b6-1b40-41ed-ba70-4f51c247226a,PURCHASE,10.0,2026-09-01T15:52:01.488479
ec6f12ad-76c3-43d8-9f00-5b07f6073f02,4be287a3-4af7-4b0f-93da-1215dbbe7007,eeefd9b6-1b40-41ed-ba70-4f51c247226a,ADD_TO_CART,5.0,2026-09-01T15:52:01.488479
fb68f156-5c85-4010-9a63-fec20fc32f87,4be287a3-4af7-4b0f-93da-1215dbbe7007,4cc80ba9-1884-4b13-8df8-b093b3882660,PURCHASE,10.0,2026-09-01T15:52:01.488479
0c29df8e-afba-4796-8dda-084e5421100e,4be287a3-4af7-4b0f-93da-1215dbbe7007,4cc80ba9-1884-4b13-8df8-b093b3882660,ADD_TO_CART,5.0,2026-09-01T15:52:01.488479
426c5138-4ab9-447d-9b37-a4e26489fcf6,4be287a3-4af7-4b0f-93da-1215dbbe7007,16d265ed-77a0-4a24-afb5-719cba043ada,PURCHASE,10.0,2026-09-01T15:52:01.488479
3e8e69fa-7124-482b-86be-dacecd9735fc,4be287a3-4af7-4b0f-93da-1215dbbe7007,4db9e4de-ce3d-41d7-bdf4-3931e7243df5,PURCHASE,10.0,2026-09-01T15:52:01.488479
06b33edf-5ef6-4c46-bb37-594d91fe9cbb,4be287a3-4af7-4b0f-93da-1215dbbe7007,4db9e4de-ce3d-41d7-bdf4-3931e7243df5,ADD_TO_CART,5.0,2026-09-01T15:52:01.488479
75a8781a-e820-48aa-a268-47a5e0c9cf6b,f685a52e-f09f-45e3-b296-668bbb414f9f,c8ab7e01-9ce6-44bf-9bcc-a325e05802a4,PURCHASE,10.0,2026-07-28T12:52:01.488479
f98433e2-364e-487d-b7fa-6f81f7b5b2e6,f685a52e-f09f-45e3-b296-668bbb414f9f,ada3490e-9d0d-41c5-b8f6-ee36f232a592,PURCHASE,10.0,2026-07-28T12:52:01.488479
43d64dc8-c926-4a37-a689-ec52640164fc,f685a52e-f09f-45e3-b296-668bbb414f9f,ada3490e-9d0d-41c5-b8f6-ee36f232a592,ADD_TO_CART,5.0,2026-07-28T12:52:01.488479
78320b95-f823-4a62-859e-2dd7379f86ec,f685a52e-f09f-45e3-b296-668bbb414f9f,73ba2336-7a3c-47ec-af09-dc36f47b00fc,PURCHASE,10.0,2026-07-28T12:52:01.488479
8dffa903-50a6-4137-b607-a0cd2bfad5ba,f685a52e-f09f-45e3-b296-668bbb414f9f,28e011b1-cf12-42d0-8034-c80656e0c0d5,PURCHASE,10.0,2026-07-28T12:52:01.488479
816daa28-2d94-43f9-ac4e-43ff49d83a4c,f685a52e-f09f-45e3-b296-668bbb414f9f,5a442680-9fef-499c-825c-bcbe3ceaedb7,PURCHASE,10.0,2026-07-28T12:52:01.488479
0aeb9aa4-82ae-4483-877c-28aa273f54e2,f685a52e-f09f-45e3-b296-668bbb414f9f,a4ef8596-5999-4b27-a3fe-44558bcaa2df,PURCHASE,10.0,2026-07-28T12:52:01.488479
62d3d487-767a-494c-825d-3cc7b8584dac,f685a52e-f09f-45e3-b296-668bbb414f9f,9e466ab4-0753-45f0-b24d-06ca63637b2d,PURCHASE,10.0,2026-08-21T14:52:01.488479
471bd30e-5ba6-4937-bc97-9eaff2d5f70e,f685a52e-f09f-45e3-b296-668bbb414f9f,ada3490e-9d0d-41c5-b8f6-ee36f232a592,PURCHASE,10.0,2026-08-21T14:52:01.488479
4c9d576e-0847-4b93-b5ba-0860036c7e48,f685a52e-f09f-45e3-b296-668bbb414f9f,73ba2336-7a3c-47ec-af09-dc36f47b00fc,PURCHASE,10.0,2026-08-21T14:52:01.488479
658ebc84-ab37-47e9-b1f9-be15549f6c89,f685a52e-f09f-45e3-b296-668bbb414f9f,28e011b1-cf12-42d0-8034-c80656e0c0d5,PURCHASE,10.0,2026-08-21T14:52:01.488479
d16ba8f3-198b-47be-a295-2db17433935a,f685a52e-f09f-45e3-b296-668bbb414f9f,019151cf-91d6-487b-a2fe-afcd1bc9cd70,PURCHASE,10.0,2026-08-21T14:52:01.488479
64001830-e079-4b39-806a-eb588bef4487,f685a52e-f09f-45e3-b296-668bbb414f9f,019151cf-91d6-487b-a2fe-afcd1bc9cd70,ADD_TO_CART,5.0,2026-08-21T14:52:01.488479
dfb85c95-6d71-436c-b39b-c87c849f141a,f685a52e-f09f-45e3-b296-668bbb414f9f,d091bfe2-22ca-4023-a8f1-3226b7f4a7da,PURCHASE,10.0,2026-08-21T14:52:01.488479
ccf55a4c-9cab-4042-a9b8-58bfca81656b,f685a52e-f09f-45e3-b296-668bbb414f9f,9e466ab4-0753-45f0-b24d-06ca63637b2d,PURCHASE,10.0,2026-08-18T17:52:01.488479
9b544bdc-2c78-47f3-b679-b04826eabda0,f685a52e-f09f-45e3-b296-668bbb414f9f,ada3490e-9d0d-41c5-b8f6-ee36f232a592,PURCHASE,10.0,2026-08-18T17:52:01.488479
3d7ce223-e70a-485f-abc5-ffc72f966d5f,f685a52e-f09f-45e3-b296-668bbb414f9f,ada3490e-9d0d-41c5-b8f6-ee36f232a592,ADD_TO_CART,5.0,2026-08-18T17:52:01.488479
46f52e84-2144-47dd-aace-455e2d219682,f685a52e-f09f-45e3-b296-668bbb414f9f,73ba2336-7a3c-47ec-af09-dc36f47b00fc,PURCHASE,10.0,2026-08-18T17:52:01.488479
1346c2ea-4ba4-412b-9b2a-37e23f822f76,f685a52e-f09f-45e3-b296-668bbb414f9f,d5474396-93fa-4ca5-9ce7-c2637eb3b02b,PURCHASE,10.0,2026-08-18T17:52:01.488479
d95d1ab2-d60f-4d4e-9f17-cc57c455fbf1,f685a52e-f09f-45e3-b296-668bbb414f9f,d5474396-93fa-4ca5-9ce7-c2637eb3b02b,ADD_TO_CART,5.0,2026-08-18T17:52:01.488479
d9688d59-1e5d-48cc-a60f-9ffaed378ff5,f685a52e-f09f-45e3-b296-668bbb414f9f,c50ff350-8d5c-44a4-b91f-08c8a0a5c99f,PURCHASE,10.0,2026-08-18T17:52:01.488479
31a474cc-3fd8-4385-b4b2-e8c2706175f1,f685a52e-f09f-45e3-b296-668bbb414f9f,9e466ab4-0753-45f0-b24d-06ca63637b2d,PURCHASE,10.0,2026-08-18T15:52:01.488479
06dfcffa-6c28-42ae-9364-63cfb4c76f6b,f685a52e-f09f-45e3-b296-668bbb414f9f,9e466ab4-0753-45f0-b24d-06ca63637b2d,ADD_TO_CART,5.0,2026-08-18T15:52:01.488479
03434509-0db1-4ff4-9c05-b3aba2a3d760,f685a52e-f09f-45e3-b296-668bbb414f9f,ada3490e-9d0d-41c5-b8f6-ee36f232a592,PURCHASE,10.0,2026-08-18T15:52:01.488479
44c6f97c-e19d-453e-8081-c89d7463cb8c,f685a52e-f09f-45e3-b296-668bbb414f9f,ada3490e-9d0d-41c5-b8f6-ee36f232a592,ADD_TO_CART,5.0,2026-08-18T15:52:01.488479
9c7e2ff7-9fb6-48b2-804e-5d7d75d8ac30,f685a52e-f09f-45e3-b296-668bbb414f9f,aed45e5c-011b-40b3-8e26-d48a1b7a655d,PURCHASE,10.0,2026-08-18T15:52:01.488479
d479cc34-be29-40e4-b1c6-ed861d6529c3,f685a52e-f09f-45e3-b296-668bbb414f9f,aed45e5c-011b-40b3-8e26-d48a1b7a655d,ADD_TO_CART,5.0,2026-08-18T15:52:01.488479
69db6e21-ffb3-498d-9607-eedd567295b7,f685a52e-f09f-45e3-b296-668bbb414f9f,28e011b1-cf12-42d0-8034-c80656e0c0d5,PURCHASE,10.0,2026-08-18T15:52:01.488479
ae4136ea-a048-48d4-9430-dd122984c424,f685a52e-f09f-45e3-b296-668bbb414f9f,c50ff350-8d5c-44a4-b91f-08c8a0a5c99f,PURCHASE,10.0,2026-08-18T15:52:01.488479
9fab69e1-2e64-47e8-a806-0176a76a6b31,f685a52e-f09f-45e3-b296-668bbb414f9f,bf9e355c-e1c9-428e-906d-8e9a455ce885,PURCHASE,10.0,2026-08-26T13:52:01.488479
08b0f825-01bb-4372-9c8f-d1263a4b9e2d,f685a52e-f09f-45e3-b296-668bbb414f9f,ada3490e-9d0d-41c5-b8f6-ee36f232a592,PURCHASE,10.0,2026-08-26T13:52:01.488479
ee5b84d2-35b3-4637-8c23-1efe93a97a8d,f685a52e-f09f-45e3-b296-668bbb414f9f,73ba2336-7a3c-47ec-af09-dc36f47b00fc,PURCHASE,10.0,2026-08-26T13:52:01.488479
f1a5c3e5-b0f5-443a-8d86-002c4d4c5814,f685a52e-f09f-45e3-b296-668bbb414f9f,73ba2336-7a3c-47ec-af09-dc36f47b00fc,ADD_TO_CART,5.0,2026-08-26T13:52:01.488479
c7337d66-18e2-4f1f-9ce7-a014c920ad10,f685a52e-f09f-45e3-b296-668bbb414f9f,43feb303-a583-451a-bf7d-b766f4a40b12,PURCHASE,10.0,2026-08-26T13:52:01.488479
dcd0ff4e-8f0e-4f38-8958-1772fb295364,f685a52e-f09f-45e3-b296-668bbb414f9f,c50ff350-8d5c-44a4-b91f-08c8a0a5c99f,PURCHASE,10.0,2026-08-26T13:52:01.488479
ad0f3e66-e2fd-4b03-915c-6d7a041928c3,f685a52e-f09f-45e3-b296-668bbb414f9f,3cd3d555-a147-44bf-93ea-9a3bff52099e,PURCHASE,10.0,2026-08-26T13:52:01.488479
806e22c8-155f-4a38-9afd-919fe627137a,f685a52e-f09f-45e3-b296-668bbb414f9f,9e466ab4-0753-45f0-b24d-06ca63637b2d,PURCHASE,10.0,2026-09-04T20:52:01.488479
4249a21f-dfb1-43a5-aeff-5424226b3037,f685a52e-f09f-45e3-b296-668bbb414f9f,ada3490e-9d0d-41c5-b8f6-ee36f232a592,PURCHASE,10.0,2026-09-04T20:52:01.488479
da4cc708-27db-411b-ac5b-7b74f2ab4ecd,f685a52e-f09f-45e3-b296-668bbb414f9f,ada3490e-9d0d-41c5-b8f6-ee36f232a592,ADD_TO_CART,5.0,2026-09-04T20:52:01.488479
1035006d-ba7a-4c4a-be0d-63538a364f0d,f685a52e-f09f-45e3-b296-668bbb414f9f,01cc7f23-cad4-4c40-a54b-fae6740f8e23,PURCHASE,10.0,2026-09-04T20:52:01.488479
2833e94e-5078-407c-8ee4-f88455e5bcf5,f685a52e-f09f-45e3-b296-668bbb414f9f,c550a097-fe9a-4708-a8de-917d87890596,PURCHASE,10.0,2026-09-04T20:52:01.488479
f6878239-b672-40bc-b825-7e88687468d7,f685a52e-f09f-45e3-b296-668bbb414f9f,32fc637e-f9fe-4fc6-9e2a-675ee8c4feee,PURCHASE,10.0,2026-09-04T20:52:01.488479
2084e027-2d0a-4609-b46f-1bfe5150e79e,f3fa5f28-5d69-41fc-a0e8-369ed44442f3,513bda1b-657c-4490-9a52-b4bf2f376704,PURCHASE,10.0,2026-08-19T17:52:01.488479
f2d48a01-237b-40b0-b121-8f10df9475ae,f3fa5f28-5d69-41fc-a0e8-369ed44442f3,3a552307-6f65-4c3a-a54d-d271c022e93b,PURCHASE,10.0,2026-08-19T17:52:01.488479
c3f85757-f38b-4673-8a93-109201f47fb0,f3fa5f28-5d69-41fc-a0e8-369ed44442f3,3a552307-6f65-4c3a-a54d-d271c022e93b,ADD_TO_CART,5.0,2026-08-19T17:52:01.488479
5f04137b-a97a-4475-873a-fe9f67afed92,f3fa5f28-5d69-41fc-a0e8-369ed44442f3,c8ab7e01-9ce6-44bf-9bcc-a325e05802a4,PURCHASE,10.0,2026-08-19T17:52:01.488479
57bee9f1-5fee-4a8e-a1d9-00218a5b94a9,f3fa5f28-5d69-41fc-a0e8-369ed44442f3,6fcc34f9-1490-4c70-ae89-f338a3157ec6,PURCHASE,10.0,2026-08-19T17:52:01.488479
60a3bd38-2888-44eb-aafc-678d60648bea,f3fa5f28-5d69-41fc-a0e8-369ed44442f3,0ef48ef3-7d47-4f95-93c0-3b5cc71273c0,PURCHASE,10.0,2026-08-19T17:52:01.488479
7fca2ee2-2b10-4b3b-9918-1b9140bf22a4,f3fa5f28-5d69-41fc-a0e8-369ed44442f3,0ef48ef3-7d47-4f95-93c0-3b5cc71273c0,ADD_TO_CART,5.0,2026-08-19T17:52:01.488479
e677edf0-5ea1-4471-a8cf-4dcb665ae27f,f3fa5f28-5d69-41fc-a0e8-369ed44442f3,e13af574-1a3d-4d74-a9d2-fcc42f75a927,PURCHASE,10.0,2026-08-18T21:52:01.488479
fb6b83d3-92d5-4a72-b763-6938868a797a,f3fa5f28-5d69-41fc-a0e8-369ed44442f3,e13af574-1a3d-4d74-a9d2-fcc42f75a927,ADD_TO_CART,5.0,2026-08-18T21:52:01.488479
028c85c0-f350-4ded-80b8-9642db5ae6ac,f3fa5f28-5d69-41fc-a0e8-369ed44442f3,aafb59e7-4643-44a7-be97-2be664e18e79,PURCHASE,10.0,2026-08-18T21:52:01.488479
afcd39bc-5c76-42d9-b2f9-862368afc599,f3fa5f28-5d69-41fc-a0e8-369ed44442f3,04f54342-120a-43fa-9062-b8d0771ca8a7,PURCHASE,10.0,2026-08-18T21:52:01.488479
7537f53e-a3d0-42d3-b17a-a29c52f2ff1e,f3fa5f28-5d69-41fc-a0e8-369ed44442f3,ef03f9f5-d4ae-43ae-9c98-2b1ac1e2bf87,PURCHASE,10.0,2026-08-18T21:52:01.488479
065ac9d9-85d7-4f2b-ba40-85cf3a58bee4,f3fa5f28-5d69-41fc-a0e8-369ed44442f3,a6f0bc98-cd3d-4600-aa52-1551395a9aee,PURCHASE,10.0,2026-08-18T21:52:01.488479
dec84093-a41e-4be8-a4e2-5a888c52950e,f3fa5f28-5d69-41fc-a0e8-369ed44442f3,e13af574-1a3d-4d74-a9d2-fcc42f75a927,PURCHASE,10.0,2026-08-21T12:52:01.488479
74502bf0-87d0-4e6a-bea4-d497b68ee19a,f3fa5f28-5d69-41fc-a0e8-369ed44442f3,e13af574-1a3d-4d74-a9d2-fcc42f75a927,ADD_TO_CART,5.0,2026-08-21T12:52:01.488479
24205373-d998-4682-bb1f-b2663ed31ba5,f3fa5f28-5d69-41fc-a0e8-369ed44442f3,590e80bb-af16-404a-9e65-c9a5fb7cd1dd,PURCHASE,10.0,2026-08-21T12:52:01.488479
0ca8dd84-246f-44bb-af12-53f42817df3c,f3fa5f28-5d69-41fc-a0e8-369ed44442f3,c8ab7e01-9ce6-44bf-9bcc-a325e05802a4,PURCHASE,10.0,2026-08-21T12:52:01.488479
2b28352e-1c81-4545-a4da-af744072ab18,f3fa5f28-5d69-41fc-a0e8-369ed44442f3,267bcafa-37c4-4b02-92c3-b227652497c8,PURCHASE,10.0,2026-08-21T12:52:01.488479
500867ce-563b-430b-8d09-116c41cd2435,f3fa5f28-5d69-41fc-a0e8-369ed44442f3,267bcafa-37c4-4b02-92c3-b227652497c8,ADD_TO_CART,5.0,2026-08-21T12:52:01.488479
2a124c05-6873-4390-ae86-564a46fe94f2,f3fa5f28-5d69-41fc-a0e8-369ed44442f3,0ef48ef3-7d47-4f95-93c0-3b5cc71273c0,PURCHASE,10.0,2026-08-21T12:52:01.488479
509d3093-5815-4b7c-8cff-e9e3e50af113,f3fa5f28-5d69-41fc-a0e8-369ed44442f3,0ef48ef3-7d47-4f95-93c0-3b5cc71273c0,ADD_TO_CART,5.0,2026-08-21T12:52:01.488479
b372136a-2105-4e97-9fc8-3421da23e2e2,f3fa5f28-5d69-41fc-a0e8-369ed44442f3,c8ab7e01-9ce6-44bf-9bcc-a325e05802a4,PURCHASE,10.0,2026-08-31T21:52:01.488479
e5d6fa30-518d-4c66-a279-6813d1f79aac,f3fa5f28-5d69-41fc-a0e8-369ed44442f3,c8ab7e01-9ce6-44bf-9bcc-a325e05802a4,ADD_TO_CART,5.0,2026-08-31T21:52:01.488479
cd8f42df-3805-455b-9ce1-7a642cbc105d,f3fa5f28-5d69-41fc-a0e8-369ed44442f3,aae46e83-5eca-4bae-83be-d1af00c5cdc0,PURCHASE,10.0,2026-08-31T21:52:01.488479
5ef9190f-e4fd-49e4-93c5-e0ebbdae7b5f,f3fa5f28-5d69-41fc-a0e8-369ed44442f3,2cc864b2-ffcd-4cd9-96ea-35cc70b7f01e,PURCHASE,10.0,2026-08-31T21:52:01.488479
cc24c1c8-1a1c-4c90-9f0f-3e531bf4b527,f3fa5f28-5d69-41fc-a0e8-369ed44442f3,2cc864b2-ffcd-4cd9-96ea-35cc70b7f01e,ADD_TO_CART,5.0,2026-08-31T21:52:01.488479
8e27b13f-327d-4cab-9ee2-084f943c5e1f,f3fa5f28-5d69-41fc-a0e8-369ed44442f3,c8ab7e01-9ce6-44bf-9bcc-a325e05802a4,PURCHASE,10.0,2026-09-03T12:52:01.488479
8369f4ad-898d-463a-9727-d79729a78f04,f3fa5f28-5d69-41fc-a0e8-369ed44442f3,c8ab7e01-9ce6-44bf-9bcc-a325e05802a4,ADD_TO_CART,5.0,2026-09-03T12:52:01.488479
cb9acfc4-b432-4999-9655-64fc2c9cc530,f3fa5f28-5d69-41fc-a0e8-369ed44442f3,472f225e-9fd0-4a31-9d3a-970b74e867a1,PURCHASE,10.0,2026-09-03T12:52:01.488479
2b7f518c-d341-48a0-8875-4895b3b24772,f3fa5f28-5d69-41fc-a0e8-369ed44442f3,e13af574-1a3d-4d74-a9d2-fcc42f75a927,PURCHASE,10.0,2026-09-03T12:52:01.488479
46c032ca-896a-4f32-a91e-01f4fbe906f9,94141fff-971c-4f52-8395-528bde27315a,e7185a39-0261-4ed3-8614-036ab8432fa2,PURCHASE,10.0,2026-08-23T12:52:01.488479
abd2de7b-692e-43c2-af39-f2e0b4304221,94141fff-971c-4f52-8395-528bde27315a,e7185a39-0261-4ed3-8614-036ab8432fa2,ADD_TO_CART,5.0,2026-08-23T12:52:01.488479
525747be-f70b-49ec-8ca5-c811b76f8d9a,94141fff-971c-4f52-8395-528bde27315a,c2baad76-3877-4321-9e02-47d4f8e4cc46,PURCHASE,10.0,2026-08-23T12:52:01.488479
ea29076a-fcba-4e48-9bbc-542736400503,94141fff-971c-4f52-8395-528bde27315a,acea3378-4bf7-4d40-8a6e-bab5fadc2196,PURCHASE,10.0,2026-08-23T12:52:01.488479
fe813264-6cf2-4741-87b0-83bcbce75a19,94141fff-971c-4f52-8395-528bde27315a,469de709-3edd-4ecf-b373-98a004b5f3ae,PURCHASE,10.0,2026-08-23T12:52:01.488479
ce4944ff-e016-4bba-a0e4-a62accd40349,94141fff-971c-4f52-8395-528bde27315a,469de709-3edd-4ecf-b373-98a004b5f3ae,ADD_TO_CART,5.0,2026-08-23T12:52:01.488479
26b00482-6907-4c94-8376-74efaee49abe,94141fff-971c-4f52-8395-528bde27315a,ac50a9d6-f382-4ee3-af21-25a4d7df3eb5,PURCHASE,10.0,2026-08-23T12:52:01.488479
2750a6cb-dd7c-4fd1-b34a-bf7e9da88012,94141fff-971c-4f52-8395-528bde27315a,ac50a9d6-f382-4ee3-af21-25a4d7df3eb5,ADD_TO_CART,5.0,2026-08-23T12:52:01.488479
7671cd83-6494-48af-a0a2-e398d9209850,94141fff-971c-4f52-8395-528bde27315a,29ccbc90-02c5-4cdd-94aa-a6771263620e,PURCHASE,10.0,2026-08-23T12:52:01.488479
80f07f27-08d7-424e-a801-bcf5b9a4d076,94141fff-971c-4f52-8395-528bde27315a,d58dced7-cfe0-4214-b87d-2cfb44f0ad65,PURCHASE,10.0,2026-08-27T20:52:01.488479
2e892ec7-ad47-49e7-b9f8-5486777fb3c2,94141fff-971c-4f52-8395-528bde27315a,84880841-242e-47ad-b889-243a3d69f06a,PURCHASE,10.0,2026-08-27T20:52:01.488479
d5e8b23f-ceec-492a-bcfe-ca849b1aa4fd,94141fff-971c-4f52-8395-528bde27315a,e39a26e9-549e-4b16-96e2-00865896404e,PURCHASE,10.0,2026-08-27T20:52:01.488479
32ba4fef-3fae-4833-8de4-e71c3fdaf453,94141fff-971c-4f52-8395-528bde27315a,e39a26e9-549e-4b16-96e2-00865896404e,ADD_TO_CART,5.0,2026-08-27T20:52:01.488479
7b35c716-61d8-4930-a2b7-8f02e5faac78,94141fff-971c-4f52-8395-528bde27315a,88dc8654-525d-4e13-a1c5-26c467b71fdf,PURCHASE,10.0,2026-09-02T14:52:01.488479
714cf9d2-ebc5-4713-9d57-9c573bc07c45,94141fff-971c-4f52-8395-528bde27315a,5f3f1ace-733c-45a8-9015-9c81106d406a,PURCHASE,10.0,2026-09-02T14:52:01.488479
1a47fb19-5f4e-4b27-923d-c790a2ca89e8,94141fff-971c-4f52-8395-528bde27315a,e39a26e9-549e-4b16-96e2-00865896404e,PURCHASE,10.0,2026-09-02T14:52:01.488479
7f20fe72-e033-4a59-9ded-6460a4da5d6d,94141fff-971c-4f52-8395-528bde27315a,3a4326ef-cf5f-4283-abaa-a5ee739e5cd3,PURCHASE,10.0,2026-09-02T14:52:01.488479
d355a702-0db1-47b6-8be0-1f4ca531f2f7,94141fff-971c-4f52-8395-528bde27315a,a0b08496-a82f-4cd0-be10-3ab342d8be86,PURCHASE,10.0,2026-09-06T14:52:01.488479
01433e39-bb30-48c4-ad22-66b995d3d537,94141fff-971c-4f52-8395-528bde27315a,93e9ec1b-13b4-4518-96f2-a58b6118ade4,PURCHASE,10.0,2026-09-06T14:52:01.488479
11b55594-9f50-452c-b563-c43b89487898,94141fff-971c-4f52-8395-528bde27315a,93e9ec1b-13b4-4518-96f2-a58b6118ade4,ADD_TO_CART,5.0,2026-09-06T14:52:01.488479
ca3f0a42-1a31-47bd-aa8c-275375333a62,94141fff-971c-4f52-8395-528bde27315a,e39a26e9-549e-4b16-96e2-00865896404e,PURCHASE,10.0,2026-09-06T14:52:01.488479
7c4d2e6d-911d-41fd-a12f-03c0d16105aa,94141fff-971c-4f52-8395-528bde27315a,60c49867-cdcd-43c3-8ef5-25d932125183,PURCHASE,10.0,2026-09-06T14:52:01.488479
3c760979-7550-4044-8a12-5f08b522260c,94141fff-971c-4f52-8395-528bde27315a,60c49867-cdcd-43c3-8ef5-25d932125183,ADD_TO_CART,5.0,2026-09-06T14:52:01.488479
1070d94d-806c-46fd-bee9-cdbbf1a91c46,37bb059b-5e8d-42e0-9849-022dce333f74,90d08764-413b-4792-ac7f-41915db7fab3,PURCHASE,10.0,2026-07-29T15:52:01.488479
3900b8d1-7d53-42f1-968f-8aa6d46c6de6,37bb059b-5e8d-42e0-9849-022dce333f74,90d08764-413b-4792-ac7f-41915db7fab3,ADD_TO_CART,5.0,2026-07-29T15:52:01.488479
7954f962-4360-4fe4-8706-3d072e85ede0,37bb059b-5e8d-42e0-9849-022dce333f74,b4c436be-f3b0-415f-bf41-4043d721bf73,PURCHASE,10.0,2026-07-29T15:52:01.488479
2b40290d-dab0-467c-9649-78fcfc36dba3,37bb059b-5e8d-42e0-9849-022dce333f74,267bcafa-37c4-4b02-92c3-b227652497c8,PURCHASE,10.0,2026-07-29T15:52:01.488479
c5797cd6-c3e1-495d-9e80-aadc0452bb9e,37bb059b-5e8d-42e0-9849-022dce333f74,267bcafa-37c4-4b02-92c3-b227652497c8,ADD_TO_CART,5.0,2026-07-29T15:52:01.488479
97f6b00f-9dea-4fe0-bcc3-cd4dc76a7c07,37bb059b-5e8d-42e0-9849-022dce333f74,1b3c4a8b-db3c-47a0-bf6c-b07e358e035a,PURCHASE,10.0,2026-07-29T15:52:01.488479
f88d8076-a22d-4ede-83bc-f375cba63bca,37bb059b-5e8d-42e0-9849-022dce333f74,119171e8-3049-4289-a1e6-20156e6d3e20,PURCHASE,10.0,2026-08-15T17:52:01.488479
d19a5654-b820-4cd0-9489-f3c86d367f80,37bb059b-5e8d-42e0-9849-022dce333f74,b4c436be-f3b0-415f-bf41-4043d721bf73,PURCHASE,10.0,2026-08-15T17:52:01.488479
f3a4f622-f191-4b5f-a823-c213be620297,37bb059b-5e8d-42e0-9849-022dce333f74,6fcc34f9-1490-4c70-ae89-f338a3157ec6,PURCHASE,10.0,2026-08-15T17:52:01.488479
e5703cfc-b08d-4668-a5dd-05eadd954edd,37bb059b-5e8d-42e0-9849-022dce333f74,6fcc34f9-1490-4c70-ae89-f338a3157ec6,ADD_TO_CART,5.0,2026-08-15T17:52:01.488479
9f5f5630-29d8-43c5-b583-38fc1d9cb5c4,37bb059b-5e8d-42e0-9849-022dce333f74,37de3597-b603-4c63-8ff2-99e7384b7a13,PURCHASE,10.0,2026-08-15T17:52:01.488479
160328df-3144-44c6-a442-888c80f58c7c,37bb059b-5e8d-42e0-9849-022dce333f74,73ba2336-7a3c-47ec-af09-dc36f47b00fc,PURCHASE,10.0,2026-08-13T12:52:01.488479
e89c2a07-e27f-4cce-8911-6b0dad638256,37bb059b-5e8d-42e0-9849-022dce333f74,73ba2336-7a3c-47ec-af09-dc36f47b00fc,ADD_TO_CART,5.0,2026-08-13T12:52:01.488479
858c6cf6-d208-405a-8b39-3caa178eef47,37bb059b-5e8d-42e0-9849-022dce333f74,c3495736-91c7-4cc4-809c-67ddabb167ef,PURCHASE,10.0,2026-08-13T12:52:01.488479
1c98c06c-8d90-4d0c-9c01-5db680d67c5d,37bb059b-5e8d-42e0-9849-022dce333f74,1c84fa0c-e043-4a3d-8fe9-cd3d34c99d78,PURCHASE,10.0,2026-08-13T12:52:01.488479
5bfd0b8b-f039-47da-9658-5990f57d60ad,37bb059b-5e8d-42e0-9849-022dce333f74,5a442680-9fef-499c-825c-bcbe3ceaedb7,PURCHASE,10.0,2026-08-13T12:52:01.488479
307b9ca6-f1aa-4eb3-8690-a1b9bdaebe7d,37bb059b-5e8d-42e0-9849-022dce333f74,ee022739-4180-4dc6-8c2b-20baa685e36e,PURCHASE,10.0,2026-08-13T12:52:01.488479
8da52b88-eb7d-46f6-a1c4-a69288fef0f6,37bb059b-5e8d-42e0-9849-022dce333f74,ee022739-4180-4dc6-8c2b-20baa685e36e,ADD_TO_CART,5.0,2026-08-13T12:52:01.488479
60cdc377-3162-4589-84f3-0befcd4a4350,37bb059b-5e8d-42e0-9849-022dce333f74,119171e8-3049-4289-a1e6-20156e6d3e20,PURCHASE,10.0,2026-08-20T19:52:01.488479
ecf4ad75-5681-4843-9e4c-8c70df74d271,37bb059b-5e8d-42e0-9849-022dce333f74,119171e8-3049-4289-a1e6-20156e6d3e20,ADD_TO_CART,5.0,2026-08-20T19:52:01.488479
181a28dd-8038-435e-a02c-fe4a1e217cd0,37bb059b-5e8d-42e0-9849-022dce333f74,39dac036-1cbb-41e3-9550-b0ec6a31b6eb,PURCHASE,10.0,2026-08-20T19:52:01.488479
344da2ea-c145-4195-8e72-732919956744,37bb059b-5e8d-42e0-9849-022dce333f74,ef03f9f5-d4ae-43ae-9c98-2b1ac1e2bf87,PURCHASE,10.0,2026-08-20T19:52:01.488479
ea5b1058-4911-400d-999c-d12bde2e2f1b,37bb059b-5e8d-42e0-9849-022dce333f74,ef03f9f5-d4ae-43ae-9c98-2b1ac1e2bf87,ADD_TO_CART,5.0,2026-08-20T19:52:01.488479
1765d920-4ec9-4281-bbab-e7a43f6df9e5,37bb059b-5e8d-42e0-9849-022dce333f74,90d08764-413b-4792-ac7f-41915db7fab3,PURCHASE,10.0,2026-08-28T20:52:01.488479
97399ac4-9de0-4e01-abfa-26a3cb4df7f0,37bb059b-5e8d-42e0-9849-022dce333f74,90d08764-413b-4792-ac7f-41915db7fab3,ADD_TO_CART,5.0,2026-08-28T20:52:01.488479
9653b689-28cd-4b6a-85df-ce1b5ef049d6,37bb059b-5e8d-42e0-9849-022dce333f74,39dac036-1cbb-41e3-9550-b0ec6a31b6eb,PURCHASE,10.0,2026-08-28T20:52:01.488479
fc3dc889-9379-497a-8360-63a178406cda,37bb059b-5e8d-42e0-9849-022dce333f74,ef03f9f5-d4ae-43ae-9c98-2b1ac1e2bf87,PURCHASE,10.0,2026-08-28T20:52:01.488479
425c4378-234c-4264-a525-42522759d5a4,37bb059b-5e8d-42e0-9849-022dce333f74,5b8c6336-1da2-4e93-a5fb-3781c59c29bb,PURCHASE,10.0,2026-09-05T20:52:01.488479
373aa9ce-ec8b-40d6-82b4-eb7a6efb0531,37bb059b-5e8d-42e0-9849-022dce333f74,5b8c6336-1da2-4e93-a5fb-3781c59c29bb,ADD_TO_CART,5.0,2026-09-05T20:52:01.488479
f6b8f8ef-c88a-440c-942a-650cee39c445,37bb059b-5e8d-42e0-9849-022dce333f74,3a50c212-b6a5-4a68-8319-9c27735e8d16,PURCHASE,10.0,2026-09-05T20:52:01.488479
74ce5888-b4a3-401c-9c4f-2634e3049c67,37bb059b-5e8d-42e0-9849-022dce333f74,267bcafa-37c4-4b02-92c3-b227652497c8,PURCHASE,10.0,2026-09-05T20:52:01.488479
2b1a3597-7834-4cfd-989d-a435165c57d5,37bb059b-5e8d-42e0-9849-022dce333f74,267bcafa-37c4-4b02-92c3-b227652497c8,ADD_TO_CART,5.0,2026-09-05T20:52:01.488479
1f1fed78-e09c-4a83-b434-c4418dded42c,9f45ad9e-b71e-4c60-9339-d23440eeb9ec,bf9e355c-e1c9-428e-906d-8e9a455ce885,PURCHASE,10.0,2026-08-16T17:52:01.493900
2f5901d4-9434-4ec5-914b-d99db381f5fd,9f45ad9e-b71e-4c60-9339-d23440eeb9ec,bf9e355c-e1c9-428e-906d-8e9a455ce885,ADD_TO_CART,5.0,2026-08-16T17:52:01.493900
d8e68d0c-9e94-473f-9443-86f78057c80d,9f45ad9e-b71e-4c60-9339-d23440eeb9ec,e6a04938-5e34-4328-ae59-6d3dc3f1c0f1,PURCHASE,10.0,2026-08-16T17:52:01.493900
fab6f88a-680f-4303-be75-3d42cac652cb,9f45ad9e-b71e-4c60-9339-d23440eeb9ec,ef03f9f5-d4ae-43ae-9c98-2b1ac1e2bf87,PURCHASE,10.0,2026-08-16T17:52:01.493900
d190a91e-b475-49fc-99a7-03f88e55a605,9f45ad9e-b71e-4c60-9339-d23440eeb9ec,ef03f9f5-d4ae-43ae-9c98-2b1ac1e2bf87,ADD_TO_CART,5.0,2026-08-16T17:52:01.493900
227d8dea-eb7d-441f-a583-9991ce79fe18,9f45ad9e-b71e-4c60-9339-d23440eeb9ec,474c4715-f104-4b6d-98d6-3853bd790063,PURCHASE,10.0,2026-08-24T20:52:01.493900
38eca862-e82f-477b-82ee-27f8559c6aa9,9f45ad9e-b71e-4c60-9339-d23440eeb9ec,cdbbec30-7793-4d61-884e-57040023b974,PURCHASE,10.0,2026-08-24T20:52:01.493900
e6208c78-bead-4b74-a0c2-1b7b6d5611dd,9f45ad9e-b71e-4c60-9339-d23440eeb9ec,cdbbec30-7793-4d61-884e-57040023b974,ADD_TO_CART,5.0,2026-08-24T20:52:01.493900
f0e5ba14-71c4-4ceb-9c85-d5b37814783f,9f45ad9e-b71e-4c60-9339-d23440eeb9ec,0235d250-aa7c-4dfb-b553-44b4676cb0a9,PURCHASE,10.0,2026-08-24T20:52:01.493900
099fe6bc-8fc6-47df-aa1e-216a4764629e,9f45ad9e-b71e-4c60-9339-d23440eeb9ec,6d906107-a0e5-47f2-8799-d65930e76c89,PURCHASE,10.0,2026-08-24T20:52:01.493900
9b4d7763-af05-465a-bfed-6de4488cc4aa,9f45ad9e-b71e-4c60-9339-d23440eeb9ec,474c4715-f104-4b6d-98d6-3853bd790063,PURCHASE,10.0,2026-08-24T15:52:01.494689
b9f58916-3bbf-4fc7-99ce-e643b297751b,9f45ad9e-b71e-4c60-9339-d23440eeb9ec,037383ef-6b0c-4d21-91c9-e5c324305667,PURCHASE,10.0,2026-08-24T15:52:01.494689
220d4331-9134-45d3-ad85-dd818320e49e,9f45ad9e-b71e-4c60-9339-d23440eeb9ec,f9d76a86-af1e-436b-ba84-54d2e8a3573e,PURCHASE,10.0,2026-08-24T15:52:01.494689
66d6a188-9d6c-49b6-a18e-ec4ec2c6f4f1,9f45ad9e-b71e-4c60-9339-d23440eeb9ec,f9d76a86-af1e-436b-ba84-54d2e8a3573e,ADD_TO_CART,5.0,2026-08-24T15:52:01.494689
b1783e7a-6983-4a63-b092-337d30cf8d8e,9f45ad9e-b71e-4c60-9339-d23440eeb9ec,6d906107-a0e5-47f2-8799-d65930e76c89,PURCHASE,10.0,2026-08-24T15:52:01.494689
b6607e5c-e305-42ac-9ddd-a1ba3d89c799,9f45ad9e-b71e-4c60-9339-d23440eeb9ec,6d906107-a0e5-47f2-8799-d65930e76c89,ADD_TO_CART,5.0,2026-08-24T15:52:01.494689
67fbd6ad-9e55-4a8e-8ca6-7ad15b7537e6,9f45ad9e-b71e-4c60-9339-d23440eeb9ec,9ecc0d39-ed33-485e-ad18-7a2a707c6d2a,PURCHASE,10.0,2026-09-04T19:52:01.494689
84a535e4-443e-48d9-b6dc-f683c599b749,9f45ad9e-b71e-4c60-9339-d23440eeb9ec,9ecc0d39-ed33-485e-ad18-7a2a707c6d2a,ADD_TO_CART,5.0,2026-09-04T19:52:01.494689
a3e7e137-62bd-4539-b3fa-175b26a2bc56,9f45ad9e-b71e-4c60-9339-d23440eeb9ec,67c8f787-036a-4e80-bf5c-615d33d60cb8,PURCHASE,10.0,2026-09-04T19:52:01.494689
f236391b-4ae9-42bc-b889-d5f3ea22f2a3,9f45ad9e-b71e-4c60-9339-d23440eeb9ec,67c8f787-036a-4e80-bf5c-615d33d60cb8,ADD_TO_CART,5.0,2026-09-04T19:52:01.494689
ee79a980-1085-495e-ab5a-ee414d76cb91,9f45ad9e-b71e-4c60-9339-d23440eeb9ec,33b8b450-7c1f-41ce-878c-fb991290c907,PURCHASE,10.0,2026-09-04T19:52:01.494689
0ff27728-0683-4d29-b130-37c95b8b640d,9f45ad9e-b71e-4c60-9339-d23440eeb9ec,431c6fc2-0f8a-4db6-ae8e-8a20bad8a86f,PURCHASE,10.0,2026-09-04T19:52:01.494689
032a3b04-cb24-45b9-8c6d-84145ee59190,9f45ad9e-b71e-4c60-9339-d23440eeb9ec,a5fe64f7-9a3c-4e55-8f0c-7fc431807fdd,PURCHASE,10.0,2026-09-04T19:52:01.494689
a9b684ea-fb93-4944-bb03-06d0a7d4d0b1,c10ab049-f2a7-46b2-b4fb-24d4a0618ba0,48c05eff-6a2c-4517-9f87-23a6d289b906,PURCHASE,10.0,2026-07-31T17:52:01.494689
f55b0185-52bf-4b57-9b22-fc39cc6ff531,c10ab049-f2a7-46b2-b4fb-24d4a0618ba0,c2baad76-3877-4321-9e02-47d4f8e4cc46,PURCHASE,10.0,2026-07-31T17:52:01.494689
4a12bcce-dde4-4ac1-b986-a63eb211a6f8,c10ab049-f2a7-46b2-b4fb-24d4a0618ba0,334f6d5d-6c87-46e3-b054-4261bb3ac1e2,PURCHASE,10.0,2026-07-31T17:52:01.494689
52221196-dfce-4719-9f72-5d392fe1f031,c10ab049-f2a7-46b2-b4fb-24d4a0618ba0,334f6d5d-6c87-46e3-b054-4261bb3ac1e2,ADD_TO_CART,5.0,2026-07-31T17:52:01.494689
dfe82ddb-5c41-4953-916b-f9f8aa03165f,c10ab049-f2a7-46b2-b4fb-24d4a0618ba0,48c05eff-6a2c-4517-9f87-23a6d289b906,PURCHASE,10.0,2026-08-19T16:52:01.494689
d5469381-7d77-4ab7-ad56-8c7919a20b15,c10ab049-f2a7-46b2-b4fb-24d4a0618ba0,48c05eff-6a2c-4517-9f87-23a6d289b906,ADD_TO_CART,5.0,2026-08-19T16:52:01.494689
31439b49-0833-45c2-a17f-ffcddb61c6d3,c10ab049-f2a7-46b2-b4fb-24d4a0618ba0,ff6ed914-1af0-4743-a219-3c47dd0455f8,PURCHASE,10.0,2026-08-19T16:52:01.494689
92740658-4181-4989-93e8-34b5acbbb242,c10ab049-f2a7-46b2-b4fb-24d4a0618ba0,ff6ed914-1af0-4743-a219-3c47dd0455f8,ADD_TO_CART,5.0,2026-08-19T16:52:01.494689
916c372e-110d-43f3-8e28-802ae4182efc,c10ab049-f2a7-46b2-b4fb-24d4a0618ba0,334f6d5d-6c87-46e3-b054-4261bb3ac1e2,PURCHASE,10.0,2026-08-19T16:52:01.494689
d0956547-63c5-4607-b3cd-cca480ebdacd,c10ab049-f2a7-46b2-b4fb-24d4a0618ba0,ba87582f-c244-431b-a4bd-e5bbdf0cf954,PURCHASE,10.0,2026-08-19T16:52:01.494689
a3e48164-01f4-457e-a988-e8cee9026749,c10ab049-f2a7-46b2-b4fb-24d4a0618ba0,6d17c338-b0f2-4dbf-b830-b69f9ee86bc7,PURCHASE,10.0,2026-08-24T16:52:01.495283
e2b66c6e-c4a7-49da-ac2a-d5201adb4109,c10ab049-f2a7-46b2-b4fb-24d4a0618ba0,6d17c338-b0f2-4dbf-b830-b69f9ee86bc7,ADD_TO_CART,5.0,2026-08-24T16:52:01.495283
71df2dcc-b787-4d26-af89-9bfa587de7b2,c10ab049-f2a7-46b2-b4fb-24d4a0618ba0,15e9cdb5-ab3a-4a67-b1e4-e8a4e2469815,PURCHASE,10.0,2026-08-24T16:52:01.495283
d9ff5b80-c95a-4485-bccb-cefb2a27825d,c10ab049-f2a7-46b2-b4fb-24d4a0618ba0,88dc8654-525d-4e13-a1c5-26c467b71fdf,PURCHASE,10.0,2026-08-24T16:52:01.495283
be7903b4-1360-472c-b61f-a8e056f76e3b,c10ab049-f2a7-46b2-b4fb-24d4a0618ba0,88dc8654-525d-4e13-a1c5-26c467b71fdf,ADD_TO_CART,5.0,2026-08-24T16:52:01.495283
2990dcce-df1a-48a2-a4d5-0c51efc972e4,c10ab049-f2a7-46b2-b4fb-24d4a0618ba0,f7bc89a4-3acf-4f49-af2d-c878fc6e6f45,PURCHASE,10.0,2026-08-26T20:52:01.495283
85040c92-4f49-432e-b6f0-7eb3697806b4,c10ab049-f2a7-46b2-b4fb-24d4a0618ba0,f7bc89a4-3acf-4f49-af2d-c878fc6e6f45,ADD_TO_CART,5.0,2026-08-26T20:52:01.495283
48b7e3d2-0e07-4d89-85f0-7fbe39479657,c10ab049-f2a7-46b2-b4fb-24d4a0618ba0,ff6ed914-1af0-4743-a219-3c47dd0455f8,PURCHASE,10.0,2026-08-26T20:52:01.495283
1d71e8d7-bf5f-4fbf-9cb2-db5d27c03202,c10ab049-f2a7-46b2-b4fb-24d4a0618ba0,ce228021-e222-4cb4-afed-b4079dd03dde,PURCHASE,10.0,2026-08-26T20:52:01.495283
27322c66-b187-4adc-9224-362810061021,c10ab049-f2a7-46b2-b4fb-24d4a0618ba0,ce228021-e222-4cb4-afed-b4079dd03dde,ADD_TO_CART,5.0,2026-08-26T20:52:01.495283
98cb4171-abaa-44d9-8545-0765bbe9f95b,c10ab049-f2a7-46b2-b4fb-24d4a0618ba0,5fd961c1-53ab-45a2-9703-0568fb7e8304,PURCHASE,10.0,2026-08-26T20:52:01.495283
10bd2cb7-d17f-4ccd-94f9-cb3a28e8db5f,c10ab049-f2a7-46b2-b4fb-24d4a0618ba0,48c05eff-6a2c-4517-9f87-23a6d289b906,PURCHASE,10.0,2026-09-07T19:52:01.495283
36904899-5ea6-430d-89bd-48e453e6b72f,c10ab049-f2a7-46b2-b4fb-24d4a0618ba0,ff6ed914-1af0-4743-a219-3c47dd0455f8,PURCHASE,10.0,2026-09-07T19:52:01.495283
07bffc5d-001e-4989-a91d-19f1dc8a3207,c10ab049-f2a7-46b2-b4fb-24d4a0618ba0,e7185a39-0261-4ed3-8614-036ab8432fa2,PURCHASE,10.0,2026-09-07T19:52:01.495283
60e1dec1-6f51-4771-973e-c590cfe5a27d,ade771d7-33ad-4f40-b456-f0a9fee988ff,90d08764-413b-4792-ac7f-41915db7fab3,PURCHASE,10.0,2026-07-31T16:52:01.495283
ba364c13-5d60-4e15-8031-124d16af4ddf,ade771d7-33ad-4f40-b456-f0a9fee988ff,90d08764-413b-4792-ac7f-41915db7fab3,ADD_TO_CART,5.0,2026-07-31T16:52:01.495283
c1c11289-b6c6-42d5-827f-380f3f6abeaf,ade771d7-33ad-4f40-b456-f0a9fee988ff,590e80bb-af16-404a-9e65-c9a5fb7cd1dd,PURCHASE,10.0,2026-07-31T16:52:01.495283
f72d0805-c002-4639-b81c-d3fb2434935f,ade771d7-33ad-4f40-b456-f0a9fee988ff,9fde5f92-80d6-4098-9f79-62288afa3012,PURCHASE,10.0,2026-07-31T16:52:01.495283
98655721-9367-40aa-bee9-b3375b81a315,ade771d7-33ad-4f40-b456-f0a9fee988ff,9fde5f92-80d6-4098-9f79-62288afa3012,ADD_TO_CART,5.0,2026-07-31T16:52:01.495283
8e20d5f4-3386-488a-a745-1fbc1178121d,ade771d7-33ad-4f40-b456-f0a9fee988ff,5a442680-9fef-499c-825c-bcbe3ceaedb7,PURCHASE,10.0,2026-07-31T16:52:01.495283
970e924d-c5a4-47d9-a4f3-01af305bdd1d,ade771d7-33ad-4f40-b456-f0a9fee988ff,5a442680-9fef-499c-825c-bcbe3ceaedb7,ADD_TO_CART,5.0,2026-07-31T16:52:01.495283
2cc199ee-55ad-4c28-b2cf-4af5d4510ce3,ade771d7-33ad-4f40-b456-f0a9fee988ff,acea3378-4bf7-4d40-8a6e-bab5fadc2196,PURCHASE,10.0,2026-07-31T16:52:01.495283
64493904-a3e5-437e-8570-741114f245a3,ade771d7-33ad-4f40-b456-f0a9fee988ff,cd421415-e774-4ace-b0dc-d63a85efee9b,PURCHASE,10.0,2026-07-31T16:52:01.495283
6c5876fe-c53c-4079-adf5-29d7ccf5341c,ade771d7-33ad-4f40-b456-f0a9fee988ff,71052cc8-49f3-422f-be43-de34a2259d59,PURCHASE,10.0,2026-07-31T16:52:01.495283
47740548-f5cc-4740-b03b-88f250b8c2c0,ade771d7-33ad-4f40-b456-f0a9fee988ff,71052cc8-49f3-422f-be43-de34a2259d59,ADD_TO_CART,5.0,2026-07-31T16:52:01.495283
d13e75cc-6d2f-4079-b0a5-01e17e5e1b1f,ade771d7-33ad-4f40-b456-f0a9fee988ff,c6914581-923c-445a-9f9c-eaf0ec5a2c33,PURCHASE,10.0,2026-07-31T16:52:01.495283
8929c3ad-ff7a-419a-8068-6d5198959df1,ade771d7-33ad-4f40-b456-f0a9fee988ff,1b3c4a8b-db3c-47a0-bf6c-b07e358e035a,PURCHASE,10.0,2026-07-31T16:52:01.495283
41d23d52-d93f-428b-83a5-5e3a105f3e55,ade771d7-33ad-4f40-b456-f0a9fee988ff,19d09fa0-c8b2-4b5c-b5a6-7efe29934bd0,PURCHASE,10.0,2026-08-23T14:52:01.495283
a5424af7-5a7e-4dad-9b6f-00f8de2a5965,ade771d7-33ad-4f40-b456-f0a9fee988ff,5c70169d-eaed-4e4c-a326-52c3e7c96dac,PURCHASE,10.0,2026-08-23T14:52:01.495283
5da8fab1-83c2-47ee-a988-4409febb2a7f,ade771d7-33ad-4f40-b456-f0a9fee988ff,3548a058-595f-434d-8b3f-a98dc2df2f75,PURCHASE,10.0,2026-08-23T14:52:01.495283
a9270e2f-8f7d-47d2-9ca3-3c54dc4da8b2,ade771d7-33ad-4f40-b456-f0a9fee988ff,b4c436be-f3b0-415f-bf41-4043d721bf73,PURCHASE,10.0,2026-08-26T17:52:01.495283
3370b9b0-4f44-46a7-9545-11a3bfdd3720,ade771d7-33ad-4f40-b456-f0a9fee988ff,86cea29e-ba3e-4d48-83e6-50fc57051a44,PURCHASE,10.0,2026-08-26T17:52:01.495283
8bba67e2-52b4-4a1c-bb9a-56753c1592f8,ade771d7-33ad-4f40-b456-f0a9fee988ff,d58dced7-cfe0-4214-b87d-2cfb44f0ad65,PURCHASE,10.0,2026-08-26T17:52:01.495283
c54182a9-f5cc-487c-901c-1964ac488ad5,ade771d7-33ad-4f40-b456-f0a9fee988ff,d58dced7-cfe0-4214-b87d-2cfb44f0ad65,ADD_TO_CART,5.0,2026-08-26T17:52:01.495283
e38219f5-0e1b-41b7-be95-f92df8deca80,ade771d7-33ad-4f40-b456-f0a9fee988ff,60c49867-cdcd-43c3-8ef5-25d932125183,PURCHASE,10.0,2026-08-26T17:52:01.495283
fd03b499-c62e-4d62-868c-0de43096585d,ade771d7-33ad-4f40-b456-f0a9fee988ff,e8e1f6be-df4b-472a-b946-31dfbfb43dd2,PURCHASE,10.0,2026-08-25T12:52:01.495283
eddcc3a1-202d-47b5-8703-af33bfd46045,ade771d7-33ad-4f40-b456-f0a9fee988ff,e8e1f6be-df4b-472a-b946-31dfbfb43dd2,ADD_TO_CART,5.0,2026-08-25T12:52:01.495283
49b0c917-312e-40e2-9cf3-36eaefcd038b,ade771d7-33ad-4f40-b456-f0a9fee988ff,c2baad76-3877-4321-9e02-47d4f8e4cc46,PURCHASE,10.0,2026-08-25T12:52:01.495283
76321b81-ff7b-4c10-9183-1aa6f0866128,ade771d7-33ad-4f40-b456-f0a9fee988ff,9fde5f92-80d6-4098-9f79-62288afa3012,PURCHASE,10.0,2026-08-25T12:52:01.495283
5e8dccf4-56a8-4021-83a6-43799eb91c81,ade771d7-33ad-4f40-b456-f0a9fee988ff,3d9f95b7-246a-4a03-b972-3edf5dc69656,PURCHASE,10.0,2026-08-25T12:52:01.495283
1a48c357-f3ee-4615-bb15-c19091594660,ade771d7-33ad-4f40-b456-f0a9fee988ff,43d6910f-14b0-4fa4-8763-100d2a5ef4f5,PURCHASE,10.0,2026-08-25T12:52:01.495283
b7386624-077e-442e-b235-836a21dc12f6,ade771d7-33ad-4f40-b456-f0a9fee988ff,e6a04938-5e34-4328-ae59-6d3dc3f1c0f1,PURCHASE,10.0,2026-08-31T16:52:01.495283
5fde0dae-7017-471c-b662-d5e0a8949abb,ade771d7-33ad-4f40-b456-f0a9fee988ff,6fcc34f9-1490-4c70-ae89-f338a3157ec6,PURCHASE,10.0,2026-08-31T16:52:01.495283
cc30d692-4746-41a3-bcb8-c3b89dbdb766,ade771d7-33ad-4f40-b456-f0a9fee988ff,34119d47-c8c2-4772-b53c-97c701be9620,PURCHASE,10.0,2026-08-31T16:52:01.495283
3215cd65-421e-481c-aae2-e6bebbad266d,ade771d7-33ad-4f40-b456-f0a9fee988ff,1b3c4a8b-db3c-47a0-bf6c-b07e358e035a,PURCHASE,10.0,2026-08-31T16:52:01.495283
730c1218-3e5e-4498-afd0-d2dedd438813,ade771d7-33ad-4f40-b456-f0a9fee988ff,1b3c4a8b-db3c-47a0-bf6c-b07e358e035a,ADD_TO_CART,5.0,2026-08-31T16:52:01.495283
2ef1017c-591f-43b2-a342-65788631ee61,d4948ab5-15b7-42a9-a4d8-4c92da1b486c,b99e1dae-48e4-4376-947d-936df1d7d3fd,PURCHASE,10.0,2026-08-19T14:52:01.495283
7f6c0c33-80ab-494d-8861-51b1877f2490,d4948ab5-15b7-42a9-a4d8-4c92da1b486c,6fcc34f9-1490-4c70-ae89-f338a3157ec6,PURCHASE,10.0,2026-08-19T14:52:01.495283
d9eab0de-4e61-4a06-a965-86049049d19d,d4948ab5-15b7-42a9-a4d8-4c92da1b486c,34119d47-c8c2-4772-b53c-97c701be9620,PURCHASE,10.0,2026-08-19T14:52:01.495283
ffe39170-c920-4e33-b31f-d33a56995ca8,d4948ab5-15b7-42a9-a4d8-4c92da1b486c,bb7150c3-181b-435f-9c77-bee1e39665f5,PURCHASE,10.0,2026-08-19T14:52:01.495283
ca5c461a-38d8-40df-9301-b8bfc167fb43,d4948ab5-15b7-42a9-a4d8-4c92da1b486c,bb7150c3-181b-435f-9c77-bee1e39665f5,ADD_TO_CART,5.0,2026-08-19T14:52:01.495283
fd686257-1bbd-4bba-a1d6-7cf57cc737d2,d4948ab5-15b7-42a9-a4d8-4c92da1b486c,b99e1dae-48e4-4376-947d-936df1d7d3fd,PURCHASE,10.0,2026-09-02T20:52:01.495283
f1cb9cd7-9ce1-4782-a0f2-7492c54da279,d4948ab5-15b7-42a9-a4d8-4c92da1b486c,86cea29e-ba3e-4d48-83e6-50fc57051a44,PURCHASE,10.0,2026-09-02T20:52:01.495283
e6584271-be1c-49a2-b947-7f4213728fd5,d4948ab5-15b7-42a9-a4d8-4c92da1b486c,4049d501-b0c1-4269-9ebe-1b50c2150384,PURCHASE,10.0,2026-09-02T20:52:01.495283
1764fc27-80d7-44db-8946-1d3e4e82079b,d4948ab5-15b7-42a9-a4d8-4c92da1b486c,19d09fa0-c8b2-4b5c-b5a6-7efe29934bd0,PURCHASE,10.0,2026-09-02T19:52:01.495283
a402eb0e-d762-44c6-998f-fb019a754cfc,d4948ab5-15b7-42a9-a4d8-4c92da1b486c,6fcc34f9-1490-4c70-ae89-f338a3157ec6,PURCHASE,10.0,2026-09-02T19:52:01.495283
860d0f03-0f8a-43ba-b12b-b7ccdf73b781,d4948ab5-15b7-42a9-a4d8-4c92da1b486c,a0b08496-a82f-4cd0-be10-3ab342d8be86,PURCHASE,10.0,2026-09-02T19:52:01.495283
48160021-2eec-4ed8-be9b-779d9cff5cc8,60bce0c4-e075-416e-b530-453c6922b587,f2b7b5ef-c8f7-4c34-93ed-2e35f3c536c1,PURCHASE,10.0,2026-08-23T14:52:01.495283
751b1332-47a3-4a37-8da5-5d7675112fba,60bce0c4-e075-416e-b530-453c6922b587,f2b7b5ef-c8f7-4c34-93ed-2e35f3c536c1,ADD_TO_CART,5.0,2026-08-23T14:52:01.495283
a22945c7-722a-4f3c-b2c6-33e8b96400b9,60bce0c4-e075-416e-b530-453c6922b587,3a552307-6f65-4c3a-a54d-d271c022e93b,PURCHASE,10.0,2026-08-23T14:52:01.495283
9e3b4d00-93cd-4cd3-b00a-1d3335d861d5,60bce0c4-e075-416e-b530-453c6922b587,3a552307-6f65-4c3a-a54d-d271c022e93b,ADD_TO_CART,5.0,2026-08-23T14:52:01.495283
9009e7c3-bb1d-4cf9-8194-31ff0c4bf65c,60bce0c4-e075-416e-b530-453c6922b587,2afaf5f3-0c2f-43fa-9e3d-c2b394605f1a,PURCHASE,10.0,2026-08-23T14:52:01.495283
34a33309-c51a-49f8-ae80-e88b87016f49,60bce0c4-e075-416e-b530-453c6922b587,2afaf5f3-0c2f-43fa-9e3d-c2b394605f1a,ADD_TO_CART,5.0,2026-08-23T14:52:01.495283
2830784c-c13d-4300-b73a-88099fd98994,60bce0c4-e075-416e-b530-453c6922b587,d2ee5f06-0a65-4618-96e6-c27bc21be525,PURCHASE,10.0,2026-08-23T14:52:01.495283
6269f9e2-87a9-4950-aa08-b59f92bb862b,60bce0c4-e075-416e-b530-453c6922b587,d2ee5f06-0a65-4618-96e6-c27bc21be525,ADD_TO_CART,5.0,2026-08-23T14:52:01.495283
385551cb-160b-4266-8082-b747867df4f8,60bce0c4-e075-416e-b530-453c6922b587,019151cf-91d6-487b-a2fe-afcd1bc9cd70,PURCHASE,10.0,2026-08-23T14:52:01.495283
c1b9a9b2-9d8d-469f-bf53-e72f85833c61,60bce0c4-e075-416e-b530-453c6922b587,019151cf-91d6-487b-a2fe-afcd1bc9cd70,ADD_TO_CART,5.0,2026-08-23T14:52:01.495283
4c2ad724-a3cd-4826-90c2-ac3d2fab89bb,60bce0c4-e075-416e-b530-453c6922b587,ee4ae226-aca3-4d7c-8291-771300058d27,PURCHASE,10.0,2026-08-18T14:52:01.495283
3d1a38f7-35c1-4240-9bb6-f9b6c94546be,60bce0c4-e075-416e-b530-453c6922b587,ee4ae226-aca3-4d7c-8291-771300058d27,ADD_TO_CART,5.0,2026-08-18T14:52:01.495283
72b4169f-b125-47a4-a265-db85b20c6d59,60bce0c4-e075-416e-b530-453c6922b587,3a552307-6f65-4c3a-a54d-d271c022e93b,PURCHASE,10.0,2026-08-18T14:52:01.495283
ed6cf6e4-257d-4b1e-a313-03ef2e525902,60bce0c4-e075-416e-b530-453c6922b587,3a552307-6f65-4c3a-a54d-d271c022e93b,ADD_TO_CART,5.0,2026-08-18T14:52:01.495283
700def07-ad0f-41dd-b96d-686de2a657de,60bce0c4-e075-416e-b530-453c6922b587,30a35155-a204-4dc4-b803-c1c6e3f4b4f6,PURCHASE,10.0,2026-08-18T14:52:01.495283
7beef802-aecb-457b-9cda-857d9421a3a6,60bce0c4-e075-416e-b530-453c6922b587,d2ee5f06-0a65-4618-96e6-c27bc21be525,PURCHASE,10.0,2026-08-18T14:52:01.495283
4ea9e26d-6dec-4870-9a41-566e76ee53df,60bce0c4-e075-416e-b530-453c6922b587,7b4b3a0e-209c-4217-9a40-96053b050f60,PURCHASE,10.0,2026-08-18T14:52:01.495283
aa7feec8-4949-4f3c-abc6-7256fc96a31c,60bce0c4-e075-416e-b530-453c6922b587,139302a4-3980-4643-9f18-f7f19af45373,PURCHASE,10.0,2026-08-18T14:52:01.495283
e5006412-3773-44d5-9b7e-0da05c4aa365,60bce0c4-e075-416e-b530-453c6922b587,139302a4-3980-4643-9f18-f7f19af45373,ADD_TO_CART,5.0,2026-08-18T14:52:01.495283
0d3c1725-11d6-46d2-bfa4-122f88c82f1d,60bce0c4-e075-416e-b530-453c6922b587,ee4ae226-aca3-4d7c-8291-771300058d27,PURCHASE,10.0,2026-08-30T20:52:01.495283
b3cb0a4e-dfae-4d2c-ad9b-1df450c8945a,60bce0c4-e075-416e-b530-453c6922b587,ee4ae226-aca3-4d7c-8291-771300058d27,ADD_TO_CART,5.0,2026-08-30T20:52:01.495283
efe589a4-a7d4-46e4-8095-c068a0f99e4a,60bce0c4-e075-416e-b530-453c6922b587,3a552307-6f65-4c3a-a54d-d271c022e93b,PURCHASE,10.0,2026-08-30T20:52:01.495283
d1ebed7c-e9d4-4dbd-85aa-6f4c75507898,60bce0c4-e075-416e-b530-453c6922b587,2afaf5f3-0c2f-43fa-9e3d-c2b394605f1a,PURCHASE,10.0,2026-08-30T20:52:01.495283
f34f9069-ffae-4117-81b1-a8e4641a1705,60bce0c4-e075-416e-b530-453c6922b587,d2ee5f06-0a65-4618-96e6-c27bc21be525,PURCHASE,10.0,2026-08-30T20:52:01.495283
b257ea63-21f0-4a64-8a4c-f4f43a1ddab0,60bce0c4-e075-416e-b530-453c6922b587,d2ee5f06-0a65-4618-96e6-c27bc21be525,ADD_TO_CART,5.0,2026-08-30T20:52:01.495283
3f07d5df-7e1e-4505-b89a-01c954061395,60bce0c4-e075-416e-b530-453c6922b587,5a442680-9fef-499c-825c-bcbe3ceaedb7,PURCHASE,10.0,2026-08-30T20:52:01.495283
288b74e1-98fb-4e73-889d-1533b4c6c1b5,60bce0c4-e075-416e-b530-453c6922b587,d24fe122-9118-4ac7-a533-519394afeea2,PURCHASE,10.0,2026-08-30T20:52:01.495283
b43c3eea-bfd8-4cae-b0d1-d720102add4e,60bce0c4-e075-416e-b530-453c6922b587,d24fe122-9118-4ac7-a533-519394afeea2,ADD_TO_CART,5.0,2026-08-30T20:52:01.495283
a89b72a2-0490-4695-9470-0d18926030fb,60bce0c4-e075-416e-b530-453c6922b587,5ac74607-116b-439d-bc3c-14d60fbbf3c9,PURCHASE,10.0,2026-09-03T20:52:01.495283
dd3fa2e4-c3af-43f3-aff2-c281ba2b99a8,60bce0c4-e075-416e-b530-453c6922b587,5ac74607-116b-439d-bc3c-14d60fbbf3c9,ADD_TO_CART,5.0,2026-09-03T20:52:01.495283
fe1bf79c-c370-4c2e-96c6-92e0523480de,60bce0c4-e075-416e-b530-453c6922b587,3a552307-6f65-4c3a-a54d-d271c022e93b,PURCHASE,10.0,2026-09-03T20:52:01.495283
50625321-807b-4362-9d51-74009fb1b8ae,60bce0c4-e075-416e-b530-453c6922b587,0edf81e8-0f9f-40e2-bfe7-e4b020cccfd2,PURCHASE,10.0,2026-09-03T20:52:01.495283
aed48f0a-d22f-42f3-9f5f-5dc7cdd80ff6,60bce0c4-e075-416e-b530-453c6922b587,0edf81e8-0f9f-40e2-bfe7-e4b020cccfd2,ADD_TO_CART,5.0,2026-09-03T20:52:01.495283
f5f2e00a-501d-4521-acd1-f6ca12b54f1c,60bce0c4-e075-416e-b530-453c6922b587,d2ee5f06-0a65-4618-96e6-c27bc21be525,PURCHASE,10.0,2026-09-03T20:52:01.495283
1a27577e-c692-415b-bbb6-7e3ab5818e08,60bce0c4-e075-416e-b530-453c6922b587,d2ee5f06-0a65-4618-96e6-c27bc21be525,ADD_TO_CART,5.0,2026-09-03T20:52:01.495283
714f9a7d-d93e-484b-a576-d185d8128d5e,60bce0c4-e075-416e-b530-453c6922b587,10f05ff2-ae9e-42f6-9878-a22a6ac8d86c,PURCHASE,10.0,2026-09-03T20:52:01.495283
551e6ee1-74ba-4782-b24d-7b4f907c2910,60bce0c4-e075-416e-b530-453c6922b587,10f05ff2-ae9e-42f6-9878-a22a6ac8d86c,ADD_TO_CART,5.0,2026-09-03T20:52:01.495283
a501dc90-87dd-4823-b0f1-50dd901dda0f,5146f581-8c3c-4ddb-a6bf-90392f31cff7,d848e305-da92-42ae-a09b-220a4628adde,PURCHASE,10.0,2026-07-30T13:52:01.497301
2198f07a-7c66-4a66-8263-274b6027974f,5146f581-8c3c-4ddb-a6bf-90392f31cff7,14be1626-52a6-4663-a86f-3e63efc5b7f1,PURCHASE,10.0,2026-07-30T13:52:01.497301
afa90739-064e-4000-85aa-c1a54a311018,5146f581-8c3c-4ddb-a6bf-90392f31cff7,9e466ab4-0753-45f0-b24d-06ca63637b2d,PURCHASE,10.0,2026-07-30T13:52:01.497301
f94bdc23-4931-4b43-81d1-bf37f5236858,5146f581-8c3c-4ddb-a6bf-90392f31cff7,5f7fe85b-a41f-445e-83dd-d16cd8b90fc2,PURCHASE,10.0,2026-07-30T13:52:01.497301
39346d07-bdf2-4510-b180-eb57acddd56f,5146f581-8c3c-4ddb-a6bf-90392f31cff7,0ef48ef3-7d47-4f95-93c0-3b5cc71273c0,PURCHASE,10.0,2026-07-30T13:52:01.497301
f798a100-650b-441a-94dc-f03c9906cb70,5146f581-8c3c-4ddb-a6bf-90392f31cff7,0ef48ef3-7d47-4f95-93c0-3b5cc71273c0,ADD_TO_CART,5.0,2026-07-30T13:52:01.497301
778b61ee-b43a-4367-9bcc-2095cac9942e,5146f581-8c3c-4ddb-a6bf-90392f31cff7,513bda1b-657c-4490-9a52-b4bf2f376704,PURCHASE,10.0,2026-08-25T15:52:01.497301
18b8dd48-1d16-4ffd-82ed-52041c4ea4ff,5146f581-8c3c-4ddb-a6bf-90392f31cff7,513bda1b-657c-4490-9a52-b4bf2f376704,ADD_TO_CART,5.0,2026-08-25T15:52:01.497301
ed7055e1-9a9e-42d1-a3b9-048acad903dc,5146f581-8c3c-4ddb-a6bf-90392f31cff7,14be1626-52a6-4663-a86f-3e63efc5b7f1,PURCHASE,10.0,2026-08-25T15:52:01.497301
ce4719ef-9207-4d88-9719-91eecdd924bc,5146f581-8c3c-4ddb-a6bf-90392f31cff7,14be1626-52a6-4663-a86f-3e63efc5b7f1,ADD_TO_CART,5.0,2026-08-25T15:52:01.497301
9e44fada-69c3-426a-8193-1c09732329e8,5146f581-8c3c-4ddb-a6bf-90392f31cff7,5638747c-cb25-4b64-9d98-851c2db06d60,PURCHASE,10.0,2026-08-25T15:52:01.497301
7f8f6c5d-05e9-4956-81ab-482b9065245b,5146f581-8c3c-4ddb-a6bf-90392f31cff7,5f7fe85b-a41f-445e-83dd-d16cd8b90fc2,PURCHASE,10.0,2026-08-25T15:52:01.497301
2897f5aa-8c74-42da-a800-32972b90bf2b,5146f581-8c3c-4ddb-a6bf-90392f31cff7,40e1e05d-814d-4a4a-a54a-15d27461ead9,PURCHASE,10.0,2026-08-25T15:52:01.497301
ea838008-3ef0-48ba-aaa9-1fc30ee26729,5146f581-8c3c-4ddb-a6bf-90392f31cff7,40e1e05d-814d-4a4a-a54a-15d27461ead9,ADD_TO_CART,5.0,2026-08-25T15:52:01.497301
e4f0cf72-19f8-4738-85ac-ff330bfdd411,5146f581-8c3c-4ddb-a6bf-90392f31cff7,75b6ac0e-4dbc-44ea-9955-7a0b349e0bb4,PURCHASE,10.0,2026-08-21T21:52:01.497301
d607ce79-71a0-433f-bcc9-bad211a64f83,5146f581-8c3c-4ddb-a6bf-90392f31cff7,75b6ac0e-4dbc-44ea-9955-7a0b349e0bb4,ADD_TO_CART,5.0,2026-08-21T21:52:01.497301
e5358428-82cd-4440-817a-0ac6f8ce88d1,5146f581-8c3c-4ddb-a6bf-90392f31cff7,14be1626-52a6-4663-a86f-3e63efc5b7f1,PURCHASE,10.0,2026-08-21T21:52:01.497301
7dbab01d-b715-4a70-b0be-683e91e2f68a,5146f581-8c3c-4ddb-a6bf-90392f31cff7,04f54342-120a-43fa-9062-b8d0771ca8a7,PURCHASE,10.0,2026-08-21T21:52:01.497301
5cf478d8-31ba-439c-8a33-f6e72a897271,5146f581-8c3c-4ddb-a6bf-90392f31cff7,a9adc9d0-b23e-4e5d-be77-825b68788f9f,PURCHASE,10.0,2026-08-21T21:52:01.497301
f1bacb37-789c-4d2e-934f-60112345685f,5146f581-8c3c-4ddb-a6bf-90392f31cff7,6d8943b9-0740-4df5-a7a1-5e1755570fc2,PURCHASE,10.0,2026-08-21T21:52:01.497301
46f0165e-dd06-4f62-bb6a-5dfaac5a212f,5146f581-8c3c-4ddb-a6bf-90392f31cff7,e7185a39-0261-4ed3-8614-036ab8432fa2,PURCHASE,10.0,2026-08-28T12:52:01.497301
65e105af-b465-49f4-81bd-82caaddbed0e,5146f581-8c3c-4ddb-a6bf-90392f31cff7,e7185a39-0261-4ed3-8614-036ab8432fa2,ADD_TO_CART,5.0,2026-08-28T12:52:01.497301
66c29c26-1d99-4135-b50f-de2663a2024b,5146f581-8c3c-4ddb-a6bf-90392f31cff7,590e80bb-af16-404a-9e65-c9a5fb7cd1dd,PURCHASE,10.0,2026-08-28T12:52:01.497301
1196ab8c-a60c-4071-b085-14e834860397,5146f581-8c3c-4ddb-a6bf-90392f31cff7,5638747c-cb25-4b64-9d98-851c2db06d60,PURCHASE,10.0,2026-08-28T12:52:01.497301
18eb6db7-9c28-445e-b087-a7aa3215cea4,5146f581-8c3c-4ddb-a6bf-90392f31cff7,5638747c-cb25-4b64-9d98-851c2db06d60,ADD_TO_CART,5.0,2026-08-28T12:52:01.497301
be79cf4d-579a-49df-a3f9-b75ed641695b,5146f581-8c3c-4ddb-a6bf-90392f31cff7,86cea29e-ba3e-4d48-83e6-50fc57051a44,PURCHASE,10.0,2026-08-28T12:52:01.497301
58965451-5ae0-476e-809b-b13755bf3d69,5146f581-8c3c-4ddb-a6bf-90392f31cff7,ee4da463-7838-44cc-ba60-059bd0de9197,PURCHASE,10.0,2026-08-28T12:52:01.497301
551986f7-105b-4cbc-a17d-903ba53629c9,5146f581-8c3c-4ddb-a6bf-90392f31cff7,ee4da463-7838-44cc-ba60-059bd0de9197,ADD_TO_CART,5.0,2026-08-28T12:52:01.497301
6f068273-0713-4b7d-a03a-eccb8ec7d663,5146f581-8c3c-4ddb-a6bf-90392f31cff7,29ccbc90-02c5-4cdd-94aa-a6771263620e,PURCHASE,10.0,2026-08-28T12:52:01.497301
4341b087-5e09-4fb0-9d25-8f15c04e5b76,5146f581-8c3c-4ddb-a6bf-90392f31cff7,513bda1b-657c-4490-9a52-b4bf2f376704,PURCHASE,10.0,2026-09-06T17:52:01.497301
1a1d77d6-d4d1-492b-ba92-f825349a0b3e,5146f581-8c3c-4ddb-a6bf-90392f31cff7,a606e6d1-bc53-4773-8d0e-ebb7825f84de,PURCHASE,10.0,2026-09-06T17:52:01.497301
4ff398c2-1a55-4a37-a09c-c93c13d8fc2f,5146f581-8c3c-4ddb-a6bf-90392f31cff7,a606e6d1-bc53-4773-8d0e-ebb7825f84de,ADD_TO_CART,5.0,2026-09-06T17:52:01.497301
5d369464-47d1-4798-a047-400efba2a595,5146f581-8c3c-4ddb-a6bf-90392f31cff7,5638747c-cb25-4b64-9d98-851c2db06d60,PURCHASE,10.0,2026-09-06T17:52:01.497301
fd1e4067-3c81-4bec-9ca5-ad5092868a70,5146f581-8c3c-4ddb-a6bf-90392f31cff7,5638747c-cb25-4b64-9d98-851c2db06d60,ADD_TO_CART,5.0,2026-09-06T17:52:01.497301
016ce924-2739-4497-a9e9-95608debbe51,5146f581-8c3c-4ddb-a6bf-90392f31cff7,58ea5898-e09c-4e6b-81bf-211261419595,PURCHASE,10.0,2026-09-06T17:52:01.497301
223e28e9-f2bd-4b8b-82cf-0a11bd2cafff,5146f581-8c3c-4ddb-a6bf-90392f31cff7,c9093b22-8d92-453a-a21a-e917e2a5f225,PURCHASE,10.0,2026-09-06T17:52:01.497301
76f62858-b89e-4c8b-832e-cc6452f706d4,6e8429bb-4b3a-4f9f-90fd-1714a5be004d,34119d47-c8c2-4772-b53c-97c701be9620,PURCHASE,10.0,2026-07-28T15:52:01.497301
0805f771-5aff-4fc1-968f-7ba513a9d5b9,6e8429bb-4b3a-4f9f-90fd-1714a5be004d,91c9927e-dbc0-4857-b3b3-487f7a5adc1d,PURCHASE,10.0,2026-07-28T15:52:01.497301
e37ffe08-b803-4f8f-9192-7ae2f468bbe4,6e8429bb-4b3a-4f9f-90fd-1714a5be004d,9752f5b8-1a9f-485f-954c-d7c75c88038f,PURCHASE,10.0,2026-07-28T15:52:01.497301
2d5500b7-36a5-4f35-8845-c9a77e672142,6e8429bb-4b3a-4f9f-90fd-1714a5be004d,9752f5b8-1a9f-485f-954c-d7c75c88038f,ADD_TO_CART,5.0,2026-07-28T15:52:01.497301
c5613c4e-6e9c-4d3e-8ae5-7763408056b4,6e8429bb-4b3a-4f9f-90fd-1714a5be004d,9ef1d91d-cf40-49eb-9260-13cea31fad19,PURCHASE,10.0,2026-07-28T15:52:01.497301
3ad9af0e-2d1d-4126-a716-b878cfa55a9c,6e8429bb-4b3a-4f9f-90fd-1714a5be004d,d58dced7-cfe0-4214-b87d-2cfb44f0ad65,PURCHASE,10.0,2026-08-21T18:52:01.497301
7c71b049-60de-48e8-bba4-e66206009de3,6e8429bb-4b3a-4f9f-90fd-1714a5be004d,2fc6e23e-4b20-4c24-9330-6bf4084694bd,PURCHASE,10.0,2026-08-21T18:52:01.497301
9221d4d8-8c04-4b38-8d18-db949a20441f,6e8429bb-4b3a-4f9f-90fd-1714a5be004d,e619e35d-2c6a-45f8-9a96-6516579ff2ef,PURCHASE,10.0,2026-08-21T18:52:01.497301
69d9b7d2-512b-4043-9048-007398d68730,6e8429bb-4b3a-4f9f-90fd-1714a5be004d,43d6910f-14b0-4fa4-8763-100d2a5ef4f5,PURCHASE,10.0,2026-08-21T18:52:01.497301
cef8a421-2197-40cb-a85a-4cc11146a1e4,6e8429bb-4b3a-4f9f-90fd-1714a5be004d,43d6910f-14b0-4fa4-8763-100d2a5ef4f5,ADD_TO_CART,5.0,2026-08-21T18:52:01.497301
3ebb4fd8-e173-470e-aaad-25041fea74aa,6e8429bb-4b3a-4f9f-90fd-1714a5be004d,02c672a6-e5ef-4c2f-be80-d74b4bdda901,PURCHASE,10.0,2026-08-09T20:52:01.497301
103b7012-cf26-43c7-910c-0253e3baac8b,6e8429bb-4b3a-4f9f-90fd-1714a5be004d,265e1ca7-c45b-473b-b818-6c1e60c08a99,PURCHASE,10.0,2026-08-09T20:52:01.497301
f649f0ea-dd57-4df3-a477-840b8223e00d,6e8429bb-4b3a-4f9f-90fd-1714a5be004d,265e1ca7-c45b-473b-b818-6c1e60c08a99,ADD_TO_CART,5.0,2026-08-09T20:52:01.497301
8f5f5626-b08c-4920-9406-44483f6d1f9c,6e8429bb-4b3a-4f9f-90fd-1714a5be004d,d9e5f240-1361-45c1-8b4b-b95f01f4c109,PURCHASE,10.0,2026-08-09T20:52:01.497301
b05d48fb-3590-4dea-9360-e2aaeada92a4,6e8429bb-4b3a-4f9f-90fd-1714a5be004d,d9e5f240-1361-45c1-8b4b-b95f01f4c109,ADD_TO_CART,5.0,2026-08-09T20:52:01.497301
f4e22f67-6439-4154-9105-5246ba873430,6e8429bb-4b3a-4f9f-90fd-1714a5be004d,ad9a3a2b-8061-4101-9c57-bd2afbbf392c,PURCHASE,10.0,2026-08-09T20:52:01.497301
d636f1ac-dbaf-4379-b0ce-9cd900e6b04c,6e8429bb-4b3a-4f9f-90fd-1714a5be004d,9f51b935-07d8-4b4c-8d00-113810aa5770,PURCHASE,10.0,2026-08-22T14:52:01.497301
47aecbd1-a86e-454f-a867-74959a943215,6e8429bb-4b3a-4f9f-90fd-1714a5be004d,e906f01e-ecde-40a5-a44c-9132a164f942,PURCHASE,10.0,2026-08-22T14:52:01.497301
a41b1128-2d91-4e8b-abf9-f0f83ae7f4fb,6e8429bb-4b3a-4f9f-90fd-1714a5be004d,e906f01e-ecde-40a5-a44c-9132a164f942,ADD_TO_CART,5.0,2026-08-22T14:52:01.497301
e2872066-5056-4b5e-a370-470ccbf85f20,6e8429bb-4b3a-4f9f-90fd-1714a5be004d,e619e35d-2c6a-45f8-9a96-6516579ff2ef,PURCHASE,10.0,2026-08-22T14:52:01.497301
c078059f-0eea-4dd3-b5f0-48ce7847e36e,6e8429bb-4b3a-4f9f-90fd-1714a5be004d,9f51b935-07d8-4b4c-8d00-113810aa5770,PURCHASE,10.0,2026-08-28T21:52:01.497301
da736ba3-2786-4cfd-9fca-a3c7e6228224,6e8429bb-4b3a-4f9f-90fd-1714a5be004d,9f51b935-07d8-4b4c-8d00-113810aa5770,ADD_TO_CART,5.0,2026-08-28T21:52:01.497301
991c1067-fd9d-448a-b07c-fea4de71e55f,6e8429bb-4b3a-4f9f-90fd-1714a5be004d,265e1ca7-c45b-473b-b818-6c1e60c08a99,PURCHASE,10.0,2026-08-28T21:52:01.497301
ace53bb1-c9a1-416a-bb65-63a4ee9d173f,6e8429bb-4b3a-4f9f-90fd-1714a5be004d,e619e35d-2c6a-45f8-9a96-6516579ff2ef,PURCHASE,10.0,2026-08-28T21:52:01.497301
8a009b79-5579-4371-b92c-3a78fc69f7d0,6e8429bb-4b3a-4f9f-90fd-1714a5be004d,e619e35d-2c6a-45f8-9a96-6516579ff2ef,ADD_TO_CART,5.0,2026-08-28T21:52:01.497301
7e2dc5cd-e5f1-4ea5-9eff-caa9a5955b6f,6e8429bb-4b3a-4f9f-90fd-1714a5be004d,9f51b935-07d8-4b4c-8d00-113810aa5770,PURCHASE,10.0,2026-09-03T21:52:01.497301
83725a57-952e-4786-aae5-3f474a85acf5,6e8429bb-4b3a-4f9f-90fd-1714a5be004d,9f51b935-07d8-4b4c-8d00-113810aa5770,ADD_TO_CART,5.0,2026-09-03T21:52:01.497301
2dfe0a74-de11-42ec-bf3a-1c63f5a026e2,6e8429bb-4b3a-4f9f-90fd-1714a5be004d,265e1ca7-c45b-473b-b818-6c1e60c08a99,PURCHASE,10.0,2026-09-03T21:52:01.497301
6698c74c-a208-47a6-aeb6-52bcd4f3fff8,6e8429bb-4b3a-4f9f-90fd-1714a5be004d,265e1ca7-c45b-473b-b818-6c1e60c08a99,ADD_TO_CART,5.0,2026-09-03T21:52:01.497301
18077b4a-d8d2-4570-919f-77324e5895b6,6e8429bb-4b3a-4f9f-90fd-1714a5be004d,9752f5b8-1a9f-485f-954c-d7c75c88038f,PURCHASE,10.0,2026-09-03T21:52:01.497301
68789e4e-5025-4e35-ae68-4efa365abe45,6e8429bb-4b3a-4f9f-90fd-1714a5be004d,9752f5b8-1a9f-485f-954c-d7c75c88038f,ADD_TO_CART,5.0,2026-09-03T21:52:01.497301
db1d9cc8-d7fe-473e-bf17-c7541d36a188,56422f53-2ae2-4b6f-b750-b63ee1e07845,acea3378-4bf7-4d40-8a6e-bab5fadc2196,PURCHASE,10.0,2026-08-05T16:52:01.497301
9991058b-6f04-40f5-95d7-c9b97b9ab0cd,56422f53-2ae2-4b6f-b750-b63ee1e07845,acea3378-4bf7-4d40-8a6e-bab5fadc2196,ADD_TO_CART,5.0,2026-08-05T16:52:01.497301
b0b34191-ad89-46f9-bc78-0d7af88565da,56422f53-2ae2-4b6f-b750-b63ee1e07845,a25999f5-62a0-4f6a-9365-8884d42cb059,PURCHASE,10.0,2026-08-05T16:52:01.497301
e06f32e7-3570-4985-aed6-9bffa1089588,56422f53-2ae2-4b6f-b750-b63ee1e07845,58ea5898-e09c-4e6b-81bf-211261419595,PURCHASE,10.0,2026-08-05T16:52:01.497301
d92a97e4-28bf-43db-9ae8-c8ad3c2196c6,56422f53-2ae2-4b6f-b750-b63ee1e07845,58ea5898-e09c-4e6b-81bf-211261419595,ADD_TO_CART,5.0,2026-08-05T16:52:01.497301
0a5ea3ff-4f6a-44fb-b8f3-eb146da621f2,56422f53-2ae2-4b6f-b750-b63ee1e07845,ba41f220-5257-44f8-b81b-33288ae7ef35,PURCHASE,10.0,2026-08-05T16:52:01.497301
b5753c60-8b70-49b3-a16a-2649264008c3,56422f53-2ae2-4b6f-b750-b63ee1e07845,ba41f220-5257-44f8-b81b-33288ae7ef35,ADD_TO_CART,5.0,2026-08-05T16:52:01.497301
2dfba50c-941a-461b-9170-f933e159e50d,56422f53-2ae2-4b6f-b750-b63ee1e07845,6ceef2d2-1469-48a0-9d65-3453b2d6099a,PURCHASE,10.0,2026-08-14T14:52:01.497301
12f2e3b6-96ea-4ae0-962b-8818caadbf2f,56422f53-2ae2-4b6f-b750-b63ee1e07845,f2c3bde4-f1f1-484c-ab9a-cc85dfc19c06,PURCHASE,10.0,2026-08-14T14:52:01.497301
cc364c74-839e-4761-bab4-9af3c0b602c9,56422f53-2ae2-4b6f-b750-b63ee1e07845,cb60bbbe-2069-47d8-b5e7-b3ea327f47f8,PURCHASE,10.0,2026-08-14T14:52:01.497301
37dfc391-63de-4805-9041-d8ef29df8066,56422f53-2ae2-4b6f-b750-b63ee1e07845,cb60bbbe-2069-47d8-b5e7-b3ea327f47f8,ADD_TO_CART,5.0,2026-08-14T14:52:01.497301
0e1fe164-a052-413a-9226-6416c6527247,56422f53-2ae2-4b6f-b750-b63ee1e07845,474c4715-f104-4b6d-98d6-3853bd790063,PURCHASE,10.0,2026-08-18T13:52:01.497301
636cdcb9-62aa-44f0-830a-2f6862781b7f,56422f53-2ae2-4b6f-b750-b63ee1e07845,474c4715-f104-4b6d-98d6-3853bd790063,ADD_TO_CART,5.0,2026-08-18T13:52:01.497301
0934ca94-6a01-4525-9310-4887171b46c4,56422f53-2ae2-4b6f-b750-b63ee1e07845,c550a097-fe9a-4708-a8de-917d87890596,PURCHASE,10.0,2026-08-18T13:52:01.497301
eedda048-c18c-4425-bd51-cb973a8a0269,56422f53-2ae2-4b6f-b750-b63ee1e07845,c550a097-fe9a-4708-a8de-917d87890596,ADD_TO_CART,5.0,2026-08-18T13:52:01.497301
4c785124-c3c9-4de2-a27f-33ce14946926,56422f53-2ae2-4b6f-b750-b63ee1e07845,26aee757-06a2-4ead-ab16-d1e71fd68f1b,PURCHASE,10.0,2026-08-18T13:52:01.497301
e30adcba-a8a6-4d17-94aa-2f438d7439fe,56422f53-2ae2-4b6f-b750-b63ee1e07845,6f413aea-b761-4f53-83cc-8909734ca65f,PURCHASE,10.0,2026-08-18T13:52:01.497301
c200d8e8-33d6-4448-8d35-3eaa6ee90415,56422f53-2ae2-4b6f-b750-b63ee1e07845,6f413aea-b761-4f53-83cc-8909734ca65f,ADD_TO_CART,5.0,2026-08-18T13:52:01.497301
dfe2c8f1-227d-49d5-b0b0-f502305e1d90,56422f53-2ae2-4b6f-b750-b63ee1e07845,f7bc89a4-3acf-4f49-af2d-c878fc6e6f45,PURCHASE,10.0,2026-08-23T16:52:01.497301
62ae931d-47b2-4f46-b822-f198cbf77f07,56422f53-2ae2-4b6f-b750-b63ee1e07845,3a50c212-b6a5-4a68-8319-9c27735e8d16,PURCHASE,10.0,2026-08-23T16:52:01.497301
0302ed5b-bd6a-4748-9ff5-c6c8730f95f6,56422f53-2ae2-4b6f-b750-b63ee1e07845,3a50c212-b6a5-4a68-8319-9c27735e8d16,ADD_TO_CART,5.0,2026-08-23T16:52:01.497301
8c2d8023-041d-46f1-a9c0-c4819e906830,56422f53-2ae2-4b6f-b750-b63ee1e07845,58ea5898-e09c-4e6b-81bf-211261419595,PURCHASE,10.0,2026-08-23T16:52:01.497301
c0d3a436-14c7-40b1-8f0e-86a65c770817,56422f53-2ae2-4b6f-b750-b63ee1e07845,58ea5898-e09c-4e6b-81bf-211261419595,ADD_TO_CART,5.0,2026-08-23T16:52:01.497301
b3756d9c-1a9b-4da3-8315-0d58e5736f22,56422f53-2ae2-4b6f-b750-b63ee1e07845,c9813573-f89f-44c9-b0e1-a585d1da29ae,PURCHASE,10.0,2026-08-23T16:52:01.497301
37acd237-70ed-41f7-baad-c50988e4c394,56422f53-2ae2-4b6f-b750-b63ee1e07845,6ceef2d2-1469-48a0-9d65-3453b2d6099a,PURCHASE,10.0,2026-09-06T17:52:01.497301
8c4d4dff-79e9-429f-83fc-16ab90cd105c,56422f53-2ae2-4b6f-b750-b63ee1e07845,eeefd9b6-1b40-41ed-ba70-4f51c247226a,PURCHASE,10.0,2026-09-06T17:52:01.497301
4d3bb9b5-3e11-4b17-bcac-8b462802e0e7,56422f53-2ae2-4b6f-b750-b63ee1e07845,eeefd9b6-1b40-41ed-ba70-4f51c247226a,ADD_TO_CART,5.0,2026-09-06T17:52:01.497301
c6e0fe3c-ff13-4c95-be44-660228e5c320,56422f53-2ae2-4b6f-b750-b63ee1e07845,cb60bbbe-2069-47d8-b5e7-b3ea327f47f8,PURCHASE,10.0,2026-09-06T17:52:01.497301
6e3ff6a8-6815-473c-99cd-e5ce42f49399,2553a9ec-9e91-4594-92cb-e95a45580b2c,0edf81e8-0f9f-40e2-bfe7-e4b020cccfd2,PURCHASE,10.0,2026-08-05T15:52:01.497301
1ff4dd32-5c0f-45b4-a038-9a99b6635927,2553a9ec-9e91-4594-92cb-e95a45580b2c,0edf81e8-0f9f-40e2-bfe7-e4b020cccfd2,ADD_TO_CART,5.0,2026-08-05T15:52:01.497301
981ba78f-2ab3-439d-be0a-50209009b193,2553a9ec-9e91-4594-92cb-e95a45580b2c,8c7704b4-3de8-4fbb-92a9-2c64d6d4ecee,PURCHASE,10.0,2026-08-05T15:52:01.497301
4e63c458-f668-423e-a98c-cc5e20c7ee20,2553a9ec-9e91-4594-92cb-e95a45580b2c,dcc92c40-ca3b-40c8-9cbf-72290ee7e3a0,PURCHASE,10.0,2026-08-05T15:52:01.497301
c574e4db-aedc-4ce8-9fe8-92f84987e790,2553a9ec-9e91-4594-92cb-e95a45580b2c,019151cf-91d6-487b-a2fe-afcd1bc9cd70,PURCHASE,10.0,2026-08-05T15:52:01.497301
9df07adb-8b47-4798-862c-7694996d8faf,2553a9ec-9e91-4594-92cb-e95a45580b2c,019151cf-91d6-487b-a2fe-afcd1bc9cd70,ADD_TO_CART,5.0,2026-08-05T15:52:01.497301
ce1838ba-9fde-4059-bf48-be275ecc26ec,2553a9ec-9e91-4594-92cb-e95a45580b2c,0edf81e8-0f9f-40e2-bfe7-e4b020cccfd2,PURCHASE,10.0,2026-07-30T17:52:01.497301
ece91a6e-2981-461e-80f4-fafedffcab2b,2553a9ec-9e91-4594-92cb-e95a45580b2c,8c7704b4-3de8-4fbb-92a9-2c64d6d4ecee,PURCHASE,10.0,2026-07-30T17:52:01.497301
8eb2884d-2f09-49dc-9435-8eea473e3a25,2553a9ec-9e91-4594-92cb-e95a45580b2c,1fb51520-9238-438a-b8e4-17a7803354a7,PURCHASE,10.0,2026-07-30T17:52:01.497301
0bd82c3c-0311-4a2b-a207-8b4d1b71ad4c,2553a9ec-9e91-4594-92cb-e95a45580b2c,6d906107-a0e5-47f2-8799-d65930e76c89,PURCHASE,10.0,2026-07-30T17:52:01.497301
96d27e9f-d75e-4d40-915b-7848c0af8723,2553a9ec-9e91-4594-92cb-e95a45580b2c,ea0ea7fd-6fb0-4eed-b443-80eecde96f61,PURCHASE,10.0,2026-07-30T17:52:01.497301
95d08c14-85a6-462c-a114-e11a5276d646,2553a9ec-9e91-4594-92cb-e95a45580b2c,ea0ea7fd-6fb0-4eed-b443-80eecde96f61,ADD_TO_CART,5.0,2026-07-30T17:52:01.497301
11debe76-6538-470e-b3ac-e05608ba26ee,2553a9ec-9e91-4594-92cb-e95a45580b2c,474c4715-f104-4b6d-98d6-3853bd790063,PURCHASE,10.0,2026-08-12T16:52:01.499306
0283963f-e3bc-4a76-8e6d-b91802975ce1,2553a9ec-9e91-4594-92cb-e95a45580b2c,474c4715-f104-4b6d-98d6-3853bd790063,ADD_TO_CART,5.0,2026-08-12T16:52:01.499306
4b4b59a5-4ee7-4d5d-9f5d-6739f9cf32e2,2553a9ec-9e91-4594-92cb-e95a45580b2c,61196fcb-7d00-4c63-8871-a2da792babf2,PURCHASE,10.0,2026-08-12T16:52:01.499306
01860a2d-a74f-4037-bf19-432fbb002c83,2553a9ec-9e91-4594-92cb-e95a45580b2c,61196fcb-7d00-4c63-8871-a2da792babf2,ADD_TO_CART,5.0,2026-08-12T16:52:01.499306
b2b62033-aa0d-405f-b822-0dfca831eeab,2553a9ec-9e91-4594-92cb-e95a45580b2c,36ac1cb7-c55e-46e9-bdbf-67db44692a6b,PURCHASE,10.0,2026-08-12T16:52:01.499306
2f7c09ff-d246-4318-8c57-9fea8b578df3,2553a9ec-9e91-4594-92cb-e95a45580b2c,36ac1cb7-c55e-46e9-bdbf-67db44692a6b,ADD_TO_CART,5.0,2026-08-12T16:52:01.499306
304c6c86-f2d9-4e0f-aaaa-ef6afa87b5f5,2553a9ec-9e91-4594-92cb-e95a45580b2c,6cdd3db3-dda7-490b-a0bf-c17e5da99590,PURCHASE,10.0,2026-08-12T16:52:01.499306
befe1741-7296-4be8-a43c-3b349ed3f737,2553a9ec-9e91-4594-92cb-e95a45580b2c,0edf81e8-0f9f-40e2-bfe7-e4b020cccfd2,PURCHASE,10.0,2026-08-19T20:52:01.499306
181dd731-1958-43cf-9f71-1eb32350b586,2553a9ec-9e91-4594-92cb-e95a45580b2c,ccc17542-0192-4e15-82a8-2224b628efab,PURCHASE,10.0,2026-08-19T20:52:01.499306
8e7a91d9-3b58-4af2-a137-1ce087887055,2553a9ec-9e91-4594-92cb-e95a45580b2c,ccc17542-0192-4e15-82a8-2224b628efab,ADD_TO_CART,5.0,2026-08-19T20:52:01.499306
a02e77b3-a2af-46eb-bc7f-ed6aea0c416c,2553a9ec-9e91-4594-92cb-e95a45580b2c,36ac1cb7-c55e-46e9-bdbf-67db44692a6b,PURCHASE,10.0,2026-08-19T20:52:01.499306
f42a028c-856a-45e0-a566-acca3bfedd58,2553a9ec-9e91-4594-92cb-e95a45580b2c,ca262023-1ba4-4c5c-b26f-043d23841ff1,PURCHASE,10.0,2026-08-19T20:52:01.499306
af715ffb-e62e-4feb-a574-641db4e7542e,2553a9ec-9e91-4594-92cb-e95a45580b2c,ca262023-1ba4-4c5c-b26f-043d23841ff1,ADD_TO_CART,5.0,2026-08-19T20:52:01.499306
d63733f4-1b80-4864-b431-51d18c9475df,2553a9ec-9e91-4594-92cb-e95a45580b2c,0edf81e8-0f9f-40e2-bfe7-e4b020cccfd2,PURCHASE,10.0,2026-08-25T14:52:01.499306
e60191a0-eae3-4956-b1d3-af576251db40,2553a9ec-9e91-4594-92cb-e95a45580b2c,0edf81e8-0f9f-40e2-bfe7-e4b020cccfd2,ADD_TO_CART,5.0,2026-08-25T14:52:01.499306
715b106a-1a52-4fa4-a6d2-096aa63cdd89,2553a9ec-9e91-4594-92cb-e95a45580b2c,8c7704b4-3de8-4fbb-92a9-2c64d6d4ecee,PURCHASE,10.0,2026-08-25T14:52:01.499306
58af1244-f33e-457a-9fc8-eddd4ae9aa99,2553a9ec-9e91-4594-92cb-e95a45580b2c,8c7704b4-3de8-4fbb-92a9-2c64d6d4ecee,ADD_TO_CART,5.0,2026-08-25T14:52:01.499306
bb9617a1-4cc1-454b-a7e0-359968004335,2553a9ec-9e91-4594-92cb-e95a45580b2c,1fb51520-9238-438a-b8e4-17a7803354a7,PURCHASE,10.0,2026-08-25T14:52:01.499306
93dce4a9-cca9-4d3c-959d-cffdf2d7e2d5,2553a9ec-9e91-4594-92cb-e95a45580b2c,5a442680-9fef-499c-825c-bcbe3ceaedb7,PURCHASE,10.0,2026-08-25T14:52:01.499306
4948ff06-4f61-44a8-8a34-9357a64bf30d,2553a9ec-9e91-4594-92cb-e95a45580b2c,ea0ea7fd-6fb0-4eed-b443-80eecde96f61,PURCHASE,10.0,2026-08-25T14:52:01.499306
01b3cdbe-88b3-4238-8eb5-d9e0ca31514a,2553a9ec-9e91-4594-92cb-e95a45580b2c,0c46d491-ceb2-4f60-94c0-c9ee7e6802a3,PURCHASE,10.0,2026-09-05T17:52:01.499306
d57450e4-b34a-441f-b89e-52659d4ccab6,2553a9ec-9e91-4594-92cb-e95a45580b2c,0c46d491-ceb2-4f60-94c0-c9ee7e6802a3,ADD_TO_CART,5.0,2026-09-05T17:52:01.499306
8576347a-42d9-4f19-a1bd-91b0d467c241,2553a9ec-9e91-4594-92cb-e95a45580b2c,8c7704b4-3de8-4fbb-92a9-2c64d6d4ecee,PURCHASE,10.0,2026-09-05T17:52:01.499306
4364f946-c766-43bc-848c-e4ac2f415859,2553a9ec-9e91-4594-92cb-e95a45580b2c,36ac1cb7-c55e-46e9-bdbf-67db44692a6b,PURCHASE,10.0,2026-09-05T17:52:01.499306
08f2e68b-0a12-4c7c-9e8c-a57e0a55c67e,2553a9ec-9e91-4594-92cb-e95a45580b2c,6d906107-a0e5-47f2-8799-d65930e76c89,PURCHASE,10.0,2026-09-05T17:52:01.499306
c42a3250-8533-4075-a8e8-550ef1fe2f01,6a46c140-d217-4b21-a864-dcc86a03328e,474c4715-f104-4b6d-98d6-3853bd790063,PURCHASE,10.0,2026-08-11T16:52:01.499306
dfa3222a-44bb-4996-bbf5-d3ef9f1d3bc1,6a46c140-d217-4b21-a864-dcc86a03328e,474c4715-f104-4b6d-98d6-3853bd790063,ADD_TO_CART,5.0,2026-08-11T16:52:01.499306
5cb4e5d7-e124-48dd-9240-301b8f5753ee,6a46c140-d217-4b21-a864-dcc86a03328e,25f04353-3717-43fc-8cda-10082eb64989,PURCHASE,10.0,2026-08-11T16:52:01.499306
48a7e9ee-e8a8-4e5b-bc06-4a3514f4b10e,6a46c140-d217-4b21-a864-dcc86a03328e,25f04353-3717-43fc-8cda-10082eb64989,ADD_TO_CART,5.0,2026-08-11T16:52:01.499306
d43b7378-383f-4825-9caf-a86128055de7,6a46c140-d217-4b21-a864-dcc86a03328e,1c84fa0c-e043-4a3d-8fe9-cd3d34c99d78,PURCHASE,10.0,2026-08-11T16:52:01.499306
fdc4b62d-8d62-4a7d-9f20-8d0169c82e6f,6a46c140-d217-4b21-a864-dcc86a03328e,6cdd3db3-dda7-490b-a0bf-c17e5da99590,PURCHASE,10.0,2026-08-11T16:52:01.499306
691fa36b-a810-4930-8c33-7809507f06c1,6a46c140-d217-4b21-a864-dcc86a03328e,6cdd3db3-dda7-490b-a0bf-c17e5da99590,ADD_TO_CART,5.0,2026-08-11T16:52:01.499306
2014cbca-58cd-4db8-acdf-03c4b6afda16,6a46c140-d217-4b21-a864-dcc86a03328e,bf9e355c-e1c9-428e-906d-8e9a455ce885,PURCHASE,10.0,2026-08-30T16:52:01.499306
404c17bb-7230-4e59-9681-e129e9629ed8,6a46c140-d217-4b21-a864-dcc86a03328e,bf9e355c-e1c9-428e-906d-8e9a455ce885,ADD_TO_CART,5.0,2026-08-30T16:52:01.499306
39b1d27c-9ac5-4345-bb7c-610641a36d2c,6a46c140-d217-4b21-a864-dcc86a03328e,fc99c491-28ac-40fc-bd3b-edf6d3a3588b,PURCHASE,10.0,2026-08-30T16:52:01.499306
5653b334-83b9-480d-ac0f-de6f301c05c4,6a46c140-d217-4b21-a864-dcc86a03328e,fbcb63ab-7591-4598-83a2-72cc2ef2c603,PURCHASE,10.0,2026-08-30T16:52:01.499306
ef746a77-069f-462e-8995-ee39d767db26,6a46c140-d217-4b21-a864-dcc86a03328e,fbcb63ab-7591-4598-83a2-72cc2ef2c603,ADD_TO_CART,5.0,2026-08-30T16:52:01.499306
cf5b543c-3e76-4dae-b7bd-ee9e4fecee0a,6a46c140-d217-4b21-a864-dcc86a03328e,ba87582f-c244-431b-a4bd-e5bbdf0cf954,PURCHASE,10.0,2026-08-30T16:52:01.499306
b7e9f54b-fadb-4258-905e-ec59c398b74c,6a46c140-d217-4b21-a864-dcc86a03328e,ba87582f-c244-431b-a4bd-e5bbdf0cf954,ADD_TO_CART,5.0,2026-08-30T16:52:01.499306
1573923d-afc0-4566-85dd-0c46642c82fe,6a46c140-d217-4b21-a864-dcc86a03328e,474c4715-f104-4b6d-98d6-3853bd790063,PURCHASE,10.0,2026-08-26T13:52:01.499306
5578779b-8a4e-4a7a-8dc7-edae8ff95cad,6a46c140-d217-4b21-a864-dcc86a03328e,474c4715-f104-4b6d-98d6-3853bd790063,ADD_TO_CART,5.0,2026-08-26T13:52:01.499306
3cebd898-f566-4bb9-919f-86e4d068f3e4,6a46c140-d217-4b21-a864-dcc86a03328e,037383ef-6b0c-4d21-91c9-e5c324305667,PURCHASE,10.0,2026-08-26T13:52:01.499306
b305eefc-5157-42e5-9c8e-d07c31b7e605,6a46c140-d217-4b21-a864-dcc86a03328e,037383ef-6b0c-4d21-91c9-e5c324305667,ADD_TO_CART,5.0,2026-08-26T13:52:01.499306
251b0028-6d19-4520-a02f-4b9108263d2f,6a46c140-d217-4b21-a864-dcc86a03328e,1fb51520-9238-438a-b8e4-17a7803354a7,PURCHASE,10.0,2026-08-26T13:52:01.499306
e6d80a15-56ac-4b8a-8541-93057f7c7636,6a46c140-d217-4b21-a864-dcc86a03328e,300c236a-5cf1-4646-b74a-bd449ed18374,PURCHASE,10.0,2026-08-26T13:52:01.499306
379e1712-c121-4585-b42a-0e164f299a07,6a46c140-d217-4b21-a864-dcc86a03328e,300c236a-5cf1-4646-b74a-bd449ed18374,ADD_TO_CART,5.0,2026-08-26T13:52:01.499306
32fd2800-6294-4e2b-b01c-14269dd5a72c,6a46c140-d217-4b21-a864-dcc86a03328e,474c4715-f104-4b6d-98d6-3853bd790063,PURCHASE,10.0,2026-09-06T14:52:01.499306
37876751-34a0-4ff3-ab62-ef1c6a3ed0f8,6a46c140-d217-4b21-a864-dcc86a03328e,474c4715-f104-4b6d-98d6-3853bd790063,ADD_TO_CART,5.0,2026-09-06T14:52:01.499306
38140fc7-175a-42a5-aa4b-4b97fb6221d9,6a46c140-d217-4b21-a864-dcc86a03328e,d2ee5f06-0a65-4618-96e6-c27bc21be525,PURCHASE,10.0,2026-09-06T14:52:01.499306
8a485334-48f7-45fe-93c1-406b5fad557e,6a46c140-d217-4b21-a864-dcc86a03328e,d2ee5f06-0a65-4618-96e6-c27bc21be525,ADD_TO_CART,5.0,2026-09-06T14:52:01.499306
1a967f93-d2d3-4e30-8774-11d994a9ce01,6a46c140-d217-4b21-a864-dcc86a03328e,dcc92c40-ca3b-40c8-9cbf-72290ee7e3a0,PURCHASE,10.0,2026-09-06T14:52:01.499306
4184ec47-3655-4bfe-ac0c-35a6a3f19ccd,6a46c140-d217-4b21-a864-dcc86a03328e,dcc92c40-ca3b-40c8-9cbf-72290ee7e3a0,ADD_TO_CART,5.0,2026-09-06T14:52:01.499306
59c8a248-dee8-4cd8-8b52-40d8ad4ad49a,6a46c140-d217-4b21-a864-dcc86a03328e,c6914581-923c-445a-9f9c-eaf0ec5a2c33,PURCHASE,10.0,2026-09-06T14:52:01.499306
bba179d4-9c2b-4509-a2ac-f1defae89097,2631bbc2-340f-4a9a-a752-4cec04e400d2,acea3378-4bf7-4d40-8a6e-bab5fadc2196,PURCHASE,10.0,2026-08-10T20:52:01.499306
41fff764-fb48-4e53-99fe-a579597a73a7,2631bbc2-340f-4a9a-a752-4cec04e400d2,acea3378-4bf7-4d40-8a6e-bab5fadc2196,ADD_TO_CART,5.0,2026-08-10T20:52:01.499306
eec87e72-25ab-4b37-8cd0-554e17ae846a,2631bbc2-340f-4a9a-a752-4cec04e400d2,c2baad76-3877-4321-9e02-47d4f8e4cc46,PURCHASE,10.0,2026-08-10T20:52:01.499306
50d3ed6d-46a2-4f78-a334-02ba844d0480,2631bbc2-340f-4a9a-a752-4cec04e400d2,d848e305-da92-42ae-a09b-220a4628adde,PURCHASE,10.0,2026-08-10T20:52:01.499306
9c85c3c1-c7c6-4f56-8268-968189a8106d,2631bbc2-340f-4a9a-a752-4cec04e400d2,acea3378-4bf7-4d40-8a6e-bab5fadc2196,PURCHASE,10.0,2026-08-22T16:52:01.499306
7c2aaed5-eb1e-44f1-891a-3ecb5c57ca97,2631bbc2-340f-4a9a-a752-4cec04e400d2,c2baad76-3877-4321-9e02-47d4f8e4cc46,PURCHASE,10.0,2026-08-22T16:52:01.499306
676b3b6d-083d-4d2d-835d-99b3076a29c9,2631bbc2-340f-4a9a-a752-4cec04e400d2,c2baad76-3877-4321-9e02-47d4f8e4cc46,ADD_TO_CART,5.0,2026-08-22T16:52:01.499306
53c87e60-6439-41c7-95a7-0133888e348a,2631bbc2-340f-4a9a-a752-4cec04e400d2,ce228021-e222-4cb4-afed-b4079dd03dde,PURCHASE,10.0,2026-08-22T16:52:01.499306
87415bc6-fe46-40a6-943b-236bf53c2b13,2631bbc2-340f-4a9a-a752-4cec04e400d2,acea3378-4bf7-4d40-8a6e-bab5fadc2196,PURCHASE,10.0,2026-08-30T18:52:01.499306
21ee42d6-4cfd-4999-8ddb-1f1e9a919fe4,2631bbc2-340f-4a9a-a752-4cec04e400d2,c2baad76-3877-4321-9e02-47d4f8e4cc46,PURCHASE,10.0,2026-08-30T18:52:01.499306
709a5a53-6bad-4225-b4ed-51381ccba55b,2631bbc2-340f-4a9a-a752-4cec04e400d2,dcc92c40-ca3b-40c8-9cbf-72290ee7e3a0,PURCHASE,10.0,2026-08-30T18:52:01.499306
63b311a6-62d6-4c7e-92e3-4f3728bc7b7b,2631bbc2-340f-4a9a-a752-4cec04e400d2,9e62c28d-8fc0-432a-b85d-e57755b7a392,PURCHASE,10.0,2026-08-30T18:52:01.499306
b397c710-a851-4f0e-a535-73ed53748879,2631bbc2-340f-4a9a-a752-4cec04e400d2,3a4326ef-cf5f-4283-abaa-a5ee739e5cd3,PURCHASE,10.0,2026-08-30T18:52:01.499306
3b6c7b1d-e463-46d2-8212-1c58bcd1f7b7,2631bbc2-340f-4a9a-a752-4cec04e400d2,acea3378-4bf7-4d40-8a6e-bab5fadc2196,PURCHASE,10.0,2026-09-05T16:52:01.499306
9e3e7b4a-9013-447f-9c6f-15ee7e04894c,2631bbc2-340f-4a9a-a752-4cec04e400d2,c2baad76-3877-4321-9e02-47d4f8e4cc46,PURCHASE,10.0,2026-09-05T16:52:01.499306
05e8c129-b942-4e95-b7f6-02ea6f2fee36,2631bbc2-340f-4a9a-a752-4cec04e400d2,c2baad76-3877-4321-9e02-47d4f8e4cc46,ADD_TO_CART,5.0,2026-09-05T16:52:01.499306
5960f4b6-a543-49a3-805c-94259cc0bc7c,2631bbc2-340f-4a9a-a752-4cec04e400d2,334f6d5d-6c87-46e3-b054-4261bb3ac1e2,PURCHASE,10.0,2026-09-05T16:52:01.499306
ec73dcaf-7e8a-4491-b603-19b19936736f,c3df3a50-2251-45a6-883f-032b8033f52e,fd8c9d08-eb21-41d5-9636-2248c81282bf,PURCHASE,10.0,2026-07-31T16:52:01.499306
4b9feccd-bb9e-4d3f-82c8-cb1a53c80836,c3df3a50-2251-45a6-883f-032b8033f52e,40dc9d92-f58c-4d7d-9147-c68c24af66b3,PURCHASE,10.0,2026-07-31T16:52:01.499306
c1542868-33fe-4649-bc8c-6a880f717536,c3df3a50-2251-45a6-883f-032b8033f52e,1fb51520-9238-438a-b8e4-17a7803354a7,PURCHASE,10.0,2026-07-31T16:52:01.499306
d9332b56-5db7-48fc-8314-c7e70b5f32fb,c3df3a50-2251-45a6-883f-032b8033f52e,c6914581-923c-445a-9f9c-eaf0ec5a2c33,PURCHASE,10.0,2026-07-31T16:52:01.499306
0c0b7be3-0f84-45b2-8e3a-9873308fa5fb,c3df3a50-2251-45a6-883f-032b8033f52e,c6914581-923c-445a-9f9c-eaf0ec5a2c33,ADD_TO_CART,5.0,2026-07-31T16:52:01.499306
3c952655-ab87-4fa5-b021-0c0048c038a8,c3df3a50-2251-45a6-883f-032b8033f52e,0c46d491-ceb2-4f60-94c0-c9ee7e6802a3,PURCHASE,10.0,2026-08-02T18:52:01.499306
64164192-611d-4f7b-8dab-065bca784071,c3df3a50-2251-45a6-883f-032b8033f52e,40dc9d92-f58c-4d7d-9147-c68c24af66b3,PURCHASE,10.0,2026-08-02T18:52:01.499306
65bf60eb-ef05-4072-ae20-761fbb94b741,c3df3a50-2251-45a6-883f-032b8033f52e,26aee757-06a2-4ead-ab16-d1e71fd68f1b,PURCHASE,10.0,2026-08-02T18:52:01.499306
0cd2a0be-11a8-489b-b90f-fb325272f25b,c3df3a50-2251-45a6-883f-032b8033f52e,26aee757-06a2-4ead-ab16-d1e71fd68f1b,ADD_TO_CART,5.0,2026-08-02T18:52:01.499306
d7dc63d7-c491-4829-9f51-2d087e39eba5,c3df3a50-2251-45a6-883f-032b8033f52e,300c236a-5cf1-4646-b74a-bd449ed18374,PURCHASE,10.0,2026-08-02T18:52:01.499306
ccaca517-c65d-4402-b2d1-00bc318657da,c3df3a50-2251-45a6-883f-032b8033f52e,01cc7f23-cad4-4c40-a54b-fae6740f8e23,PURCHASE,10.0,2026-08-14T17:52:01.499306
1ebffe6b-5ac4-45a8-9c4d-4bd40aa552e4,c3df3a50-2251-45a6-883f-032b8033f52e,40dc9d92-f58c-4d7d-9147-c68c24af66b3,PURCHASE,10.0,2026-08-14T17:52:01.499306
26c7ed6f-b0ca-46cf-b4bf-ee219355da6a,c3df3a50-2251-45a6-883f-032b8033f52e,40dc9d92-f58c-4d7d-9147-c68c24af66b3,ADD_TO_CART,5.0,2026-08-14T17:52:01.499306
cc8dc5bf-dcd2-4a9c-9f6e-aae1814ce076,c3df3a50-2251-45a6-883f-032b8033f52e,af0f56de-c9ad-4e77-9616-63f500df272d,PURCHASE,10.0,2026-08-14T17:52:01.499306
a6bd4b99-aa98-49eb-a672-508aa15defba,c3df3a50-2251-45a6-883f-032b8033f52e,32fc637e-f9fe-4fc6-9e2a-675ee8c4feee,PURCHASE,10.0,2026-08-14T17:52:01.499306
146645fa-1343-4dd2-a89f-e7d92d0a63fa,c3df3a50-2251-45a6-883f-032b8033f52e,e83f625e-4033-46b8-b595-e7f5d55bab20,PURCHASE,10.0,2026-08-14T17:52:01.499306
0075db07-9137-4187-b91e-9c706220f5c7,c3df3a50-2251-45a6-883f-032b8033f52e,3917a229-00ce-4f07-ab63-a7dfc2cd82df,PURCHASE,10.0,2026-08-15T15:52:01.499306
1f40fa1d-48cd-45b4-bf01-f167cfc53258,c3df3a50-2251-45a6-883f-032b8033f52e,3917a229-00ce-4f07-ab63-a7dfc2cd82df,ADD_TO_CART,5.0,2026-08-15T15:52:01.499306
30db451e-547d-48a5-b3ea-4349db128bee,c3df3a50-2251-45a6-883f-032b8033f52e,8925d13b-14fa-4779-863a-25811e076e6a,PURCHASE,10.0,2026-08-15T15:52:01.499306
486ae5ae-4547-4b26-b1dd-d9287714b886,c3df3a50-2251-45a6-883f-032b8033f52e,631a1e24-52d6-4900-a14f-f38ab19822d4,PURCHASE,10.0,2026-08-15T15:52:01.499306
49386cee-6679-46ac-85d6-ee0f23dab5c5,c3df3a50-2251-45a6-883f-032b8033f52e,3917a229-00ce-4f07-ab63-a7dfc2cd82df,PURCHASE,10.0,2026-08-26T12:52:01.499306
4b329c34-6efb-46f9-a40b-1269ba735101,c3df3a50-2251-45a6-883f-032b8033f52e,3917a229-00ce-4f07-ab63-a7dfc2cd82df,ADD_TO_CART,5.0,2026-08-26T12:52:01.499306
56cec831-68d8-4138-a91f-35af88b1dead,c3df3a50-2251-45a6-883f-032b8033f52e,15e9cdb5-ab3a-4a67-b1e4-e8a4e2469815,PURCHASE,10.0,2026-08-26T12:52:01.499306
7862d086-3979-4f2a-ad7e-0b5838a10f21,c3df3a50-2251-45a6-883f-032b8033f52e,15e9cdb5-ab3a-4a67-b1e4-e8a4e2469815,ADD_TO_CART,5.0,2026-08-26T12:52:01.499306
2f1783ce-9595-4c84-8e09-b4bc74de0dba,c3df3a50-2251-45a6-883f-032b8033f52e,02c672a6-e5ef-4c2f-be80-d74b4bdda901,PURCHASE,10.0,2026-08-26T12:52:01.499306
71092dd1-c0ee-4c71-b6fc-feba69d4a9e8,c3df3a50-2251-45a6-883f-032b8033f52e,e83f625e-4033-46b8-b595-e7f5d55bab20,PURCHASE,10.0,2026-08-26T12:52:01.499306
715acc71-9ca4-437f-b7b6-45b36775a83a,c3df3a50-2251-45a6-883f-032b8033f52e,30a35155-a204-4dc4-b803-c1c6e3f4b4f6,PURCHASE,10.0,2026-09-03T21:52:01.501310
005ef477-e034-421a-a881-5268e84bae3f,c3df3a50-2251-45a6-883f-032b8033f52e,30a35155-a204-4dc4-b803-c1c6e3f4b4f6,ADD_TO_CART,5.0,2026-09-03T21:52:01.501310
387fbc27-ad0e-4179-9c4b-30b4e521dab6,c3df3a50-2251-45a6-883f-032b8033f52e,5dedc130-d37a-4fce-8a23-c2c6186c790f,PURCHASE,10.0,2026-09-03T21:52:01.501310
68f72c9e-25d2-441a-a1cd-48caa6371892,c3df3a50-2251-45a6-883f-032b8033f52e,5dedc130-d37a-4fce-8a23-c2c6186c790f,ADD_TO_CART,5.0,2026-09-03T21:52:01.501310
df0811ac-aef8-4545-a42d-926b888f06bc,c3df3a50-2251-45a6-883f-032b8033f52e,cb56deaa-8d41-4adc-8a3f-3bdf869aed1e,PURCHASE,10.0,2026-09-03T21:52:01.501310
19e2cc7c-2662-420b-a882-4890afe31d5a,c3df3a50-2251-45a6-883f-032b8033f52e,cb56deaa-8d41-4adc-8a3f-3bdf869aed1e,ADD_TO_CART,5.0,2026-09-03T21:52:01.501310
07c42eea-6eae-493f-8538-25d3ce79d870,c3df3a50-2251-45a6-883f-032b8033f52e,749c4ddf-974f-4931-a100-4225142185fc,PURCHASE,10.0,2026-09-03T21:52:01.501310
797f514c-c46c-4325-bbbb-ee97f23ce61f,c3df3a50-2251-45a6-883f-032b8033f52e,4db9e4de-ce3d-41d7-bdf4-3931e7243df5,PURCHASE,10.0,2026-09-03T21:52:01.501310
af451b5f-625e-4587-beb2-fce89e421db0,c3df3a50-2251-45a6-883f-032b8033f52e,4db9e4de-ce3d-41d7-bdf4-3931e7243df5,ADD_TO_CART,5.0,2026-09-03T21:52:01.501310
55e92978-ee86-44ae-bf1b-ee20894b8c3f,3fe7f558-21bf-4ff6-8746-47c0323cafb0,f7bc89a4-3acf-4f49-af2d-c878fc6e6f45,PURCHASE,10.0,2026-08-17T18:52:01.501310
5e37c47b-2194-4c8c-b739-29c13a6fa34b,3fe7f558-21bf-4ff6-8746-47c0323cafb0,6d17c338-b0f2-4dbf-b830-b69f9ee86bc7,PURCHASE,10.0,2026-08-17T18:52:01.501310
1eb2589a-2f4e-4369-ae75-114d9f6ca7de,3fe7f558-21bf-4ff6-8746-47c0323cafb0,6d17c338-b0f2-4dbf-b830-b69f9ee86bc7,ADD_TO_CART,5.0,2026-08-17T18:52:01.501310
363ed29b-b7d3-43c2-8c8f-cbab60f27658,3fe7f558-21bf-4ff6-8746-47c0323cafb0,15e9cdb5-ab3a-4a67-b1e4-e8a4e2469815,PURCHASE,10.0,2026-08-17T18:52:01.501310
86cd2287-95b9-42dd-b95a-7d898f736c59,3fe7f558-21bf-4ff6-8746-47c0323cafb0,15e9cdb5-ab3a-4a67-b1e4-e8a4e2469815,ADD_TO_CART,5.0,2026-08-17T18:52:01.501310
100c2f85-dc10-4eab-95c3-5dca24072e00,3fe7f558-21bf-4ff6-8746-47c0323cafb0,97d5ca4f-3b66-4ca0-8ad0-5e170c9e8af1,PURCHASE,10.0,2026-08-17T18:52:01.501310
e82b34a2-0949-4dc7-930b-bb39213c29f0,3fe7f558-21bf-4ff6-8746-47c0323cafb0,97d5ca4f-3b66-4ca0-8ad0-5e170c9e8af1,ADD_TO_CART,5.0,2026-08-17T18:52:01.501310
77316efb-25ff-4e3a-9f5d-37e01bd71c58,3fe7f558-21bf-4ff6-8746-47c0323cafb0,1bb87e6c-1ef0-4ba0-9166-0a2eb7a7df7e,PURCHASE,10.0,2026-08-15T12:52:01.503318
46e08890-7f83-4a5c-b391-0ac000bb4f7a,3fe7f558-21bf-4ff6-8746-47c0323cafb0,c2baad76-3877-4321-9e02-47d4f8e4cc46,PURCHASE,10.0,2026-08-15T12:52:01.503318
710ba6ba-5497-44a5-a0c2-488cd56c7a10,3fe7f558-21bf-4ff6-8746-47c0323cafb0,c1825c45-0d7b-4a7a-8dcb-9551977f9a86,PURCHASE,10.0,2026-08-15T12:52:01.503318
c4549c15-9668-47d7-83a2-10fcc1cdd3e6,3fe7f558-21bf-4ff6-8746-47c0323cafb0,c550a097-fe9a-4708-a8de-917d87890596,PURCHASE,10.0,2026-08-15T12:52:01.503318
02c5848c-8600-4123-8546-f08302511cfe,3fe7f558-21bf-4ff6-8746-47c0323cafb0,019151cf-91d6-487b-a2fe-afcd1bc9cd70,PURCHASE,10.0,2026-08-15T12:52:01.503318
66672ab0-b739-4be2-889b-9cd3a59d4186,3fe7f558-21bf-4ff6-8746-47c0323cafb0,019151cf-91d6-487b-a2fe-afcd1bc9cd70,ADD_TO_CART,5.0,2026-08-15T12:52:01.503318
04f0a1d6-0f25-480c-a87c-ee7e413273d8,3fe7f558-21bf-4ff6-8746-47c0323cafb0,acea3378-4bf7-4d40-8a6e-bab5fadc2196,PURCHASE,10.0,2026-08-17T12:52:01.503318
5757fbc0-33ac-41b7-9732-89f510161b50,3fe7f558-21bf-4ff6-8746-47c0323cafb0,aafb59e7-4643-44a7-be97-2be664e18e79,PURCHASE,10.0,2026-08-17T12:52:01.503318
c91b2a82-3339-4b94-9b67-6cb03ebfe6b1,3fe7f558-21bf-4ff6-8746-47c0323cafb0,c1825c45-0d7b-4a7a-8dcb-9551977f9a86,PURCHASE,10.0,2026-08-17T12:52:01.503318
a81448c0-c17d-4834-b022-7ffe94cf24a4,3fe7f558-21bf-4ff6-8746-47c0323cafb0,c550a097-fe9a-4708-a8de-917d87890596,PURCHASE,10.0,2026-08-17T12:52:01.503318
2e28b7cb-173f-4e26-ac52-b372c5fda007,3fe7f558-21bf-4ff6-8746-47c0323cafb0,32fc637e-f9fe-4fc6-9e2a-675ee8c4feee,PURCHASE,10.0,2026-08-17T12:52:01.503318
9d561478-0c88-4ecc-bae8-a0a1d956f4c8,3fe7f558-21bf-4ff6-8746-47c0323cafb0,1bb87e6c-1ef0-4ba0-9166-0a2eb7a7df7e,PURCHASE,10.0,2026-08-27T12:52:01.503318
14252170-518d-4d3d-a4a2-61dcbcdea0ac,3fe7f558-21bf-4ff6-8746-47c0323cafb0,deb77a6a-d2ec-4d3c-8fc3-f9c307c2c6ff,PURCHASE,10.0,2026-08-27T12:52:01.503318
e11d2273-598c-4d61-8612-086db412e73b,3fe7f558-21bf-4ff6-8746-47c0323cafb0,0f8e2979-fd0e-4891-afd3-3b4a418d17c1,PURCHASE,10.0,2026-08-27T12:52:01.503318
96ba5982-543e-4665-9d5e-2712acfc268f,3fe7f558-21bf-4ff6-8746-47c0323cafb0,83ca398d-72d2-4e50-b32e-53acfaf9f224,PURCHASE,10.0,2026-08-27T12:52:01.503318
5414a749-e525-42cd-a076-86f8d38c8356,3fe7f558-21bf-4ff6-8746-47c0323cafb0,83ca398d-72d2-4e50-b32e-53acfaf9f224,ADD_TO_CART,5.0,2026-08-27T12:52:01.503318
fd03cfdf-54d2-4782-a9b8-17e00af6b8c2,3fe7f558-21bf-4ff6-8746-47c0323cafb0,1bb87e6c-1ef0-4ba0-9166-0a2eb7a7df7e,PURCHASE,10.0,2026-09-03T14:52:01.503318
9f6672b1-d022-40ba-a520-b89262309f42,3fe7f558-21bf-4ff6-8746-47c0323cafb0,1bb87e6c-1ef0-4ba0-9166-0a2eb7a7df7e,ADD_TO_CART,5.0,2026-09-03T14:52:01.503318
2b33486c-e4d8-4cf1-9601-569a6364ac5d,3fe7f558-21bf-4ff6-8746-47c0323cafb0,aafb59e7-4643-44a7-be97-2be664e18e79,PURCHASE,10.0,2026-09-03T14:52:01.503318
66b28f35-a3b2-4b30-ac2f-b01f09786d1d,3fe7f558-21bf-4ff6-8746-47c0323cafb0,c1825c45-0d7b-4a7a-8dcb-9551977f9a86,PURCHASE,10.0,2026-09-03T14:52:01.503318
50b7755e-4c53-433c-96dd-b40c7d623a9f,3fe7f558-21bf-4ff6-8746-47c0323cafb0,c550a097-fe9a-4708-a8de-917d87890596,PURCHASE,10.0,2026-09-03T14:52:01.503318
30d96d8c-7bf3-4042-b25f-ba3800b0fbb4,3fe7f558-21bf-4ff6-8746-47c0323cafb0,c550a097-fe9a-4708-a8de-917d87890596,ADD_TO_CART,5.0,2026-09-03T14:52:01.503318
8a9ea6cb-73f4-494f-b813-3e7990453785,3fe7f558-21bf-4ff6-8746-47c0323cafb0,9343e411-1342-4af6-b84c-49ab26ee23f0,PURCHASE,10.0,2026-09-03T14:52:01.503318
58985edf-9f52-42f4-933b-84ae919c6ae9,3fe7f558-21bf-4ff6-8746-47c0323cafb0,1bb87e6c-1ef0-4ba0-9166-0a2eb7a7df7e,PURCHASE,10.0,2026-09-02T20:52:01.503318
b41de193-1438-4c53-aea8-c8875fc48ce2,3fe7f558-21bf-4ff6-8746-47c0323cafb0,3a552307-6f65-4c3a-a54d-d271c022e93b,PURCHASE,10.0,2026-09-02T20:52:01.503318
5871b501-94f6-49cf-98e6-1231290cfde5,3fe7f558-21bf-4ff6-8746-47c0323cafb0,c1825c45-0d7b-4a7a-8dcb-9551977f9a86,PURCHASE,10.0,2026-09-02T20:52:01.503318
4d968812-c530-48a0-a8ca-9c31708d22c8,3fe7f558-21bf-4ff6-8746-47c0323cafb0,5dab8803-0ab8-4447-a6f6-08365aa53ddb,PURCHASE,10.0,2026-09-02T20:52:01.503318
08ed411b-547d-49f4-9670-6cb9ba866268,3fe7f558-21bf-4ff6-8746-47c0323cafb0,d7fe6fa6-3558-4d24-830f-7b3e26266011,PURCHASE,10.0,2026-09-02T20:52:01.503318
760fdf98-c62b-4459-bd11-1ee5a1bf8d1e,3fe7f558-21bf-4ff6-8746-47c0323cafb0,d7fe6fa6-3558-4d24-830f-7b3e26266011,ADD_TO_CART,5.0,2026-09-02T20:52:01.503318
8e071275-8c49-4311-8c7c-c5d98ab2fca4,3fe7f558-21bf-4ff6-8746-47c0323cafb0,de3294f9-be62-4d28-b20b-e8c0b1924b62,PURCHASE,10.0,2026-09-02T20:52:01.503318
0388dd20-b96b-4a5b-849f-3715845408f5,db2f9e6e-c99d-4f6e-8640-8a7f9ee121bc,d58dced7-cfe0-4214-b87d-2cfb44f0ad65,PURCHASE,10.0,2026-08-18T16:52:01.504341
88d67124-957a-40a6-82c9-d1fdfa206ccd,db2f9e6e-c99d-4f6e-8640-8a7f9ee121bc,84880841-242e-47ad-b889-243a3d69f06a,PURCHASE,10.0,2026-08-18T16:52:01.504341
1d0a43f9-02ec-4f08-8b63-1d3c70779702,db2f9e6e-c99d-4f6e-8640-8a7f9ee121bc,7a7c4c3b-cbaa-425a-94c8-f3bcd4fe371d,PURCHASE,10.0,2026-08-18T16:52:01.504341
0217524c-8af9-4493-a32e-9484b20b9aca,db2f9e6e-c99d-4f6e-8640-8a7f9ee121bc,7a7c4c3b-cbaa-425a-94c8-f3bcd4fe371d,ADD_TO_CART,5.0,2026-08-18T16:52:01.504341
45625440-4d21-45dd-9cfb-cec42bb6662e,db2f9e6e-c99d-4f6e-8640-8a7f9ee121bc,104009cc-da4b-4dee-a460-f070c98af59a,PURCHASE,10.0,2026-08-18T16:52:01.504341
17545c59-6a25-4633-b877-3ae77c7dd3ac,db2f9e6e-c99d-4f6e-8640-8a7f9ee121bc,4049d501-b0c1-4269-9ebe-1b50c2150384,PURCHASE,10.0,2026-08-30T21:52:01.504341
bec87f5e-dfa0-43db-a3d1-7122f1b2551a,db2f9e6e-c99d-4f6e-8640-8a7f9ee121bc,9b60151d-2d71-442a-b900-6cead41b6a44,PURCHASE,10.0,2026-08-30T21:52:01.504341
d65278cc-e17c-4979-a4d0-ba30742e1432,db2f9e6e-c99d-4f6e-8640-8a7f9ee121bc,9b60151d-2d71-442a-b900-6cead41b6a44,ADD_TO_CART,5.0,2026-08-30T21:52:01.504341
e3f5cb5b-a438-4f23-9257-491d7dfe2d7e,db2f9e6e-c99d-4f6e-8640-8a7f9ee121bc,e619e35d-2c6a-45f8-9a96-6516579ff2ef,PURCHASE,10.0,2026-08-30T21:52:01.504341
a39c1c7f-0919-43cb-972a-1adf1599a5f4,db2f9e6e-c99d-4f6e-8640-8a7f9ee121bc,e619e35d-2c6a-45f8-9a96-6516579ff2ef,ADD_TO_CART,5.0,2026-08-30T21:52:01.504341
b481149f-bf6f-4837-a23d-9f21af9562f1,db2f9e6e-c99d-4f6e-8640-8a7f9ee121bc,27b7bd08-eb19-4d34-8cc6-3e49ea12d010,PURCHASE,10.0,2026-08-30T21:52:01.504341
798a9d09-f870-47e5-999d-49b533dbe58a,db2f9e6e-c99d-4f6e-8640-8a7f9ee121bc,fbcb63ab-7591-4598-83a2-72cc2ef2c603,PURCHASE,10.0,2026-09-07T21:52:01.504341
da67b324-50b5-4ed9-9057-2448b94641e0,db2f9e6e-c99d-4f6e-8640-8a7f9ee121bc,cd421415-e774-4ace-b0dc-d63a85efee9b,PURCHASE,10.0,2026-09-07T21:52:01.504341
e691f8a9-f059-4eef-a255-50bcc75c4c37,db2f9e6e-c99d-4f6e-8640-8a7f9ee121bc,6e1f18a9-7abb-46a0-81bd-8f86711777f3,PURCHASE,10.0,2026-09-07T21:52:01.504341
4c5a504d-ac2c-497d-91f9-4d8a6cf988b8,db2f9e6e-c99d-4f6e-8640-8a7f9ee121bc,cb60bbbe-2069-47d8-b5e7-b3ea327f47f8,PURCHASE,10.0,2026-09-07T21:52:01.504341
ffbc0f4c-3c65-45e6-a940-992750df2fae,db2f9e6e-c99d-4f6e-8640-8a7f9ee121bc,8a79f0bd-7f06-4ca9-80fe-75a8a001957d,PURCHASE,10.0,2026-09-07T21:52:01.504341
7dff8af0-3f9b-4e26-844c-df18d3ef9b8d,2434510b-4b97-4d29-92d1-a8c111c4d0b8,3548a058-595f-434d-8b3f-a98dc2df2f75,PURCHASE,10.0,2026-08-17T13:52:01.504341
7960c21b-aa3c-4bab-b459-cd6211519939,2434510b-4b97-4d29-92d1-a8c111c4d0b8,29678b9f-85cc-4478-80dd-b15bfdc3fc2f,PURCHASE,10.0,2026-08-17T13:52:01.504341
6f8fed52-cca0-4aca-9c05-3260b8ae65bb,2434510b-4b97-4d29-92d1-a8c111c4d0b8,29678b9f-85cc-4478-80dd-b15bfdc3fc2f,ADD_TO_CART,5.0,2026-08-17T13:52:01.504341
1698c26e-8565-4fc1-85b3-af690ed32a6d,2434510b-4b97-4d29-92d1-a8c111c4d0b8,d9e5f240-1361-45c1-8b4b-b95f01f4c109,PURCHASE,10.0,2026-08-17T13:52:01.504341
e90ad5ac-4055-49a6-8765-3bcbb2aabc81,2434510b-4b97-4d29-92d1-a8c111c4d0b8,119171e8-3049-4289-a1e6-20156e6d3e20,PURCHASE,10.0,2026-08-24T17:52:01.504341
25121dfb-7e2f-404c-88b7-e9e8b326465f,2434510b-4b97-4d29-92d1-a8c111c4d0b8,c2baad76-3877-4321-9e02-47d4f8e4cc46,PURCHASE,10.0,2026-08-24T17:52:01.504341
c10caffa-6da4-4221-8c08-a4c07ec71c76,2434510b-4b97-4d29-92d1-a8c111c4d0b8,c1825c45-0d7b-4a7a-8dcb-9551977f9a86,PURCHASE,10.0,2026-08-24T17:52:01.504341
9d24cb6a-7962-4eb9-bb06-754d66019f15,2434510b-4b97-4d29-92d1-a8c111c4d0b8,cdbbec30-7793-4d61-884e-57040023b974,PURCHASE,10.0,2026-08-24T17:52:01.504341
f685c45a-834b-4bb1-9c54-f6b6e51c5805,2434510b-4b97-4d29-92d1-a8c111c4d0b8,cdbbec30-7793-4d61-884e-57040023b974,ADD_TO_CART,5.0,2026-08-24T17:52:01.504341
86dca349-6434-4109-bdba-40a7b9705e77,2434510b-4b97-4d29-92d1-a8c111c4d0b8,5a442680-9fef-499c-825c-bcbe3ceaedb7,PURCHASE,10.0,2026-08-24T17:52:01.504341
9aacb06a-4ac7-4824-b237-ad4996dd858f,2434510b-4b97-4d29-92d1-a8c111c4d0b8,2092e6e4-cc99-42b1-9022-3773df7a65e3,PURCHASE,10.0,2026-08-24T17:52:01.504341
101ae3b2-c8c3-48c7-a0a2-ed37710c348f,2434510b-4b97-4d29-92d1-a8c111c4d0b8,3548a058-595f-434d-8b3f-a98dc2df2f75,PURCHASE,10.0,2026-09-04T18:52:01.505378
aaaf55f7-9805-4ccb-bb22-36ebbd56c857,2434510b-4b97-4d29-92d1-a8c111c4d0b8,3548a058-595f-434d-8b3f-a98dc2df2f75,ADD_TO_CART,5.0,2026-09-04T18:52:01.505378
7032fd41-beed-41aa-8885-09d2aef6d567,2434510b-4b97-4d29-92d1-a8c111c4d0b8,29678b9f-85cc-4478-80dd-b15bfdc3fc2f,PURCHASE,10.0,2026-09-04T18:52:01.505378
d097197a-93c9-4337-b415-c0e3c1b1d346,2434510b-4b97-4d29-92d1-a8c111c4d0b8,e39a26e9-549e-4b16-96e2-00865896404e,PURCHASE,10.0,2026-09-04T18:52:01.505378
2a07d0c5-273d-4e79-a052-382ef40df913,2434510b-4b97-4d29-92d1-a8c111c4d0b8,e39a26e9-549e-4b16-96e2-00865896404e,ADD_TO_CART,5.0,2026-09-04T18:52:01.505378
ec6c254d-f0e5-47c5-a328-0cca5b401f86,2434510b-4b97-4d29-92d1-a8c111c4d0b8,4db9e4de-ce3d-41d7-bdf4-3931e7243df5,PURCHASE,10.0,2026-09-04T18:52:01.505378
242a1602-3bd6-49b8-a41c-d18c59fa72b3,2434510b-4b97-4d29-92d1-a8c111c4d0b8,4db9e4de-ce3d-41d7-bdf4-3931e7243df5,ADD_TO_CART,5.0,2026-09-04T18:52:01.505378
d7814857-2362-4e12-9c02-4218ac1bccfa,300ccb51-269e-4dad-bbd7-bc4d6f1214bf,5638747c-cb25-4b64-9d98-851c2db06d60,PURCHASE,10.0,2026-08-16T21:52:01.505378
08cb2c75-a78d-4e55-8653-a2bd46eae276,300ccb51-269e-4dad-bbd7-bc4d6f1214bf,5638747c-cb25-4b64-9d98-851c2db06d60,ADD_TO_CART,5.0,2026-08-16T21:52:01.505378
c6be3dca-5802-49f0-8536-6f71980f108a,300ccb51-269e-4dad-bbd7-bc4d6f1214bf,e6a04938-5e34-4328-ae59-6d3dc3f1c0f1,PURCHASE,10.0,2026-08-16T21:52:01.505378
5a585f23-b90d-4a2d-857e-33e5b3b2e100,300ccb51-269e-4dad-bbd7-bc4d6f1214bf,6fcc34f9-1490-4c70-ae89-f338a3157ec6,PURCHASE,10.0,2026-08-16T21:52:01.505378
b1e94ff6-ac70-42d5-82ab-ea83e00ea4f6,300ccb51-269e-4dad-bbd7-bc4d6f1214bf,6fcc34f9-1490-4c70-ae89-f338a3157ec6,ADD_TO_CART,5.0,2026-08-16T21:52:01.505378
62b13de6-0ebd-473d-97cc-6c26914b7422,300ccb51-269e-4dad-bbd7-bc4d6f1214bf,119171e8-3049-4289-a1e6-20156e6d3e20,PURCHASE,10.0,2026-09-01T18:52:01.505378
8ada588f-2460-470b-97d8-a9a942a2c2d8,300ccb51-269e-4dad-bbd7-bc4d6f1214bf,119171e8-3049-4289-a1e6-20156e6d3e20,ADD_TO_CART,5.0,2026-09-01T18:52:01.505378
1373af18-cab3-464d-be19-5ae01124e4da,300ccb51-269e-4dad-bbd7-bc4d6f1214bf,3a50c212-b6a5-4a68-8319-9c27735e8d16,PURCHASE,10.0,2026-09-01T18:52:01.505378
09bd2677-7ab4-4597-a710-4648807cb52b,300ccb51-269e-4dad-bbd7-bc4d6f1214bf,5f7fe85b-a41f-445e-83dd-d16cd8b90fc2,PURCHASE,10.0,2026-09-01T18:52:01.505378
60b7cc3b-2550-44cf-8029-1196b3e1094b,300ccb51-269e-4dad-bbd7-bc4d6f1214bf,5f7fe85b-a41f-445e-83dd-d16cd8b90fc2,ADD_TO_CART,5.0,2026-09-01T18:52:01.505378
f39d1526-b51f-4fb7-b973-a423ce8532b3,300ccb51-269e-4dad-bbd7-bc4d6f1214bf,c8ab7e01-9ce6-44bf-9bcc-a325e05802a4,PURCHASE,10.0,2026-09-02T18:52:01.505378
3aa30799-e021-4879-94c4-9ec93cc40227,300ccb51-269e-4dad-bbd7-bc4d6f1214bf,b4c436be-f3b0-415f-bf41-4043d721bf73,PURCHASE,10.0,2026-09-02T18:52:01.505378
877a00e2-05ab-4b96-9b39-d5095c191c33,300ccb51-269e-4dad-bbd7-bc4d6f1214bf,b4c436be-f3b0-415f-bf41-4043d721bf73,ADD_TO_CART,5.0,2026-09-02T18:52:01.505378
65dd96b6-2ad6-4e6a-a1a1-eed7e2fdf6b2,300ccb51-269e-4dad-bbd7-bc4d6f1214bf,58ea5898-e09c-4e6b-81bf-211261419595,PURCHASE,10.0,2026-09-02T18:52:01.505378
bbfa1797-e06a-4a15-a7a5-e47d75113919,ad765317-0ae5-4394-9861-e51d92a1fcc6,5ac74607-116b-439d-bc3c-14d60fbbf3c9,PURCHASE,10.0,2026-08-09T13:52:01.505378
3e5df685-e621-4dff-9625-f9e9ec29ceab,ad765317-0ae5-4394-9861-e51d92a1fcc6,5ac74607-116b-439d-bc3c-14d60fbbf3c9,ADD_TO_CART,5.0,2026-08-09T13:52:01.505378
8c9ed172-ab25-464a-9019-1cf992e6d2f1,ad765317-0ae5-4394-9861-e51d92a1fcc6,0921c244-e74f-43b4-b909-08651f21641e,PURCHASE,10.0,2026-08-09T13:52:01.505378
67160180-fc6e-4d33-973e-34dbc3bd3357,ad765317-0ae5-4394-9861-e51d92a1fcc6,cb56deaa-8d41-4adc-8a3f-3bdf869aed1e,PURCHASE,10.0,2026-08-09T13:52:01.505378
46232052-77b6-4998-a392-47761daeb103,ad765317-0ae5-4394-9861-e51d92a1fcc6,5a442680-9fef-499c-825c-bcbe3ceaedb7,PURCHASE,10.0,2026-08-09T13:52:01.505378
d57a73de-8d4a-4d5e-8acc-be0c099d8284,ad765317-0ae5-4394-9861-e51d92a1fcc6,5a442680-9fef-499c-825c-bcbe3ceaedb7,ADD_TO_CART,5.0,2026-08-09T13:52:01.505378
0973910d-59bc-40c6-bf79-ede5c4ea6903,ad765317-0ae5-4394-9861-e51d92a1fcc6,478565a6-134b-43e0-99c5-454f4ff7cbf0,PURCHASE,10.0,2026-08-06T16:52:01.505378
1bf029a8-4c44-4f66-801e-331e4da5eb15,ad765317-0ae5-4394-9861-e51d92a1fcc6,478565a6-134b-43e0-99c5-454f4ff7cbf0,ADD_TO_CART,5.0,2026-08-06T16:52:01.505378
a4ee5bec-d746-4502-a351-2b1141ea1a7a,ad765317-0ae5-4394-9861-e51d92a1fcc6,5dedc130-d37a-4fce-8a23-c2c6186c790f,PURCHASE,10.0,2026-08-06T16:52:01.505378
705d73f8-d55a-4e79-a624-ff76f0615127,ad765317-0ae5-4394-9861-e51d92a1fcc6,5dedc130-d37a-4fce-8a23-c2c6186c790f,ADD_TO_CART,5.0,2026-08-06T16:52:01.505378
7b34a56f-2ba3-4211-818e-c23529ff7c9e,ad765317-0ae5-4394-9861-e51d92a1fcc6,dcc92c40-ca3b-40c8-9cbf-72290ee7e3a0,PURCHASE,10.0,2026-08-06T16:52:01.505378
fe2f2600-432c-4203-8463-6c10fd61e5d0,ad765317-0ae5-4394-9861-e51d92a1fcc6,0de12161-675e-4cbb-96b4-0107237dd341,PURCHASE,10.0,2026-08-06T16:52:01.505378
912e3ba7-2fe3-499e-bba8-c95a6c3def38,ad765317-0ae5-4394-9861-e51d92a1fcc6,0de12161-675e-4cbb-96b4-0107237dd341,ADD_TO_CART,5.0,2026-08-06T16:52:01.505378
c67253ac-4879-4e91-81cc-8790ac773bb2,ad765317-0ae5-4394-9861-e51d92a1fcc6,3d4ce172-6260-4dfa-9af8-74eeb46f6ae1,PURCHASE,10.0,2026-08-18T16:52:01.505378
e161f874-6ff1-4e8b-aac4-7502dcb83880,ad765317-0ae5-4394-9861-e51d92a1fcc6,5dedc130-d37a-4fce-8a23-c2c6186c790f,PURCHASE,10.0,2026-08-18T16:52:01.505378
146c3fff-6182-40e8-a67c-62a1f7181197,ad765317-0ae5-4394-9861-e51d92a1fcc6,5dedc130-d37a-4fce-8a23-c2c6186c790f,ADD_TO_CART,5.0,2026-08-18T16:52:01.505378
e2d53f41-05be-43be-9f5d-07b7b1fb26ba,ad765317-0ae5-4394-9861-e51d92a1fcc6,7869a02c-ef9c-4865-b4e9-b8e9c7d06af4,PURCHASE,10.0,2026-08-18T16:52:01.505378
0076c59f-f47a-4108-9ebe-e4a91919ea02,ad765317-0ae5-4394-9861-e51d92a1fcc6,6f413aea-b761-4f53-83cc-8909734ca65f,PURCHASE,10.0,2026-08-18T16:52:01.505378
0fa93042-a3c7-4b74-82e1-0552adb7debe,ad765317-0ae5-4394-9861-e51d92a1fcc6,6f413aea-b761-4f53-83cc-8909734ca65f,ADD_TO_CART,5.0,2026-08-18T16:52:01.505378
8d1f7dbe-efa1-4f46-b4a7-0c1368bfcf45,ad765317-0ae5-4394-9861-e51d92a1fcc6,acea3378-4bf7-4d40-8a6e-bab5fadc2196,PURCHASE,10.0,2026-08-16T21:52:01.506461
dc2b7102-0f78-4adb-8f76-5a2a48c9f830,ad765317-0ae5-4394-9861-e51d92a1fcc6,0921c244-e74f-43b4-b909-08651f21641e,PURCHASE,10.0,2026-08-16T21:52:01.506461
93fecb61-d130-4f4f-9683-a01633a9fcf3,ad765317-0ae5-4394-9861-e51d92a1fcc6,71052cc8-49f3-422f-be43-de34a2259d59,PURCHASE,10.0,2026-08-16T21:52:01.506461
a43c9ba8-0a69-4216-846f-e0c5093bc5c6,ad765317-0ae5-4394-9861-e51d92a1fcc6,300c236a-5cf1-4646-b74a-bd449ed18374,PURCHASE,10.0,2026-08-16T21:52:01.506461
ef308354-10fa-4426-aece-40274b1853e5,ad765317-0ae5-4394-9861-e51d92a1fcc6,300c236a-5cf1-4646-b74a-bd449ed18374,ADD_TO_CART,5.0,2026-08-16T21:52:01.506461
38a08d10-d724-4123-9311-836e731cd45f,ad765317-0ae5-4394-9861-e51d92a1fcc6,30a35155-a204-4dc4-b803-c1c6e3f4b4f6,PURCHASE,10.0,2026-08-25T16:52:01.506461
2e8d9104-8bc7-4418-9fdc-c60da29df234,ad765317-0ae5-4394-9861-e51d92a1fcc6,28e011b1-cf12-42d0-8034-c80656e0c0d5,PURCHASE,10.0,2026-08-25T16:52:01.506461
a5c6de11-0184-4e8d-aebf-52126eef805d,ad765317-0ae5-4394-9861-e51d92a1fcc6,70e90051-397e-40bf-833c-120d977f7445,PURCHASE,10.0,2026-08-25T16:52:01.506461
c92c2fb8-2132-44a6-8f77-1c616e5b3c3a,ad765317-0ae5-4394-9861-e51d92a1fcc6,70e90051-397e-40bf-833c-120d977f7445,ADD_TO_CART,5.0,2026-08-25T16:52:01.506461
19e194d3-27e8-45ab-96a7-e307e2976ca3,ad765317-0ae5-4394-9861-e51d92a1fcc6,300c236a-5cf1-4646-b74a-bd449ed18374,PURCHASE,10.0,2026-08-25T16:52:01.506461
3fe3a72d-c939-443a-bb9d-93e281b350c7,ad765317-0ae5-4394-9861-e51d92a1fcc6,30a35155-a204-4dc4-b803-c1c6e3f4b4f6,PURCHASE,10.0,2026-09-02T16:52:01.506461
513d6964-6813-4488-8e9b-97c1999e66b5,ad765317-0ae5-4394-9861-e51d92a1fcc6,5dedc130-d37a-4fce-8a23-c2c6186c790f,PURCHASE,10.0,2026-09-02T16:52:01.506461
bb63b40b-a1b1-4358-b9ea-0fb6316fe5ff,ad765317-0ae5-4394-9861-e51d92a1fcc6,1c84fa0c-e043-4a3d-8fe9-cd3d34c99d78,PURCHASE,10.0,2026-09-02T16:52:01.506461
9aa34324-18e0-4534-b772-78cbc5c64942,ad765317-0ae5-4394-9861-e51d92a1fcc6,1c84fa0c-e043-4a3d-8fe9-cd3d34c99d78,ADD_TO_CART,5.0,2026-09-02T16:52:01.506461
78d5d9c7-f031-4685-b79a-746464eef12e,ad765317-0ae5-4394-9861-e51d92a1fcc6,32fc637e-f9fe-4fc6-9e2a-675ee8c4feee,PURCHASE,10.0,2026-09-02T16:52:01.506461
2caa1db3-6d3e-44c5-9aaa-f5b35fd390f1,ad765317-0ae5-4394-9861-e51d92a1fcc6,32fc637e-f9fe-4fc6-9e2a-675ee8c4feee,ADD_TO_CART,5.0,2026-09-02T16:52:01.506461
411316e1-02a1-4b65-bb01-2d9561c05dc7,f0727e5c-5d1e-4ea7-aa00-d6053f839ba3,bf9e355c-e1c9-428e-906d-8e9a455ce885,PURCHASE,10.0,2026-08-24T19:52:01.506461
adb69895-5980-445d-b0bc-936a00c61b16,f0727e5c-5d1e-4ea7-aa00-d6053f839ba3,fc99c491-28ac-40fc-bd3b-edf6d3a3588b,PURCHASE,10.0,2026-08-24T19:52:01.506461
f1aafb04-2ca7-4ab2-93fa-00c6c65f0168,f0727e5c-5d1e-4ea7-aa00-d6053f839ba3,0031e56a-e740-4991-af49-d3cac14a83eb,PURCHASE,10.0,2026-08-24T19:52:01.506461
cc3af9ea-0cdd-4482-a281-a76cd66e3ee2,f0727e5c-5d1e-4ea7-aa00-d6053f839ba3,bf9e355c-e1c9-428e-906d-8e9a455ce885,PURCHASE,10.0,2026-08-27T20:52:01.506461
226b7502-3f99-4b27-8c77-a1246617b9ee,f0727e5c-5d1e-4ea7-aa00-d6053f839ba3,bf9e355c-e1c9-428e-906d-8e9a455ce885,ADD_TO_CART,5.0,2026-08-27T20:52:01.506461
749e27a2-0242-4742-8533-1ffd84de1075,f0727e5c-5d1e-4ea7-aa00-d6053f839ba3,0921c244-e74f-43b4-b909-08651f21641e,PURCHASE,10.0,2026-08-27T20:52:01.506461
6a174841-7499-4610-ada9-9d5d232a51eb,f0727e5c-5d1e-4ea7-aa00-d6053f839ba3,0921c244-e74f-43b4-b909-08651f21641e,ADD_TO_CART,5.0,2026-08-27T20:52:01.506461
2f18ce40-1be8-4540-92e6-a58ced7ef5e3,f0727e5c-5d1e-4ea7-aa00-d6053f839ba3,0031e56a-e740-4991-af49-d3cac14a83eb,PURCHASE,10.0,2026-08-27T20:52:01.506461
c7bb3330-1210-4a21-a602-31b86a698d95,f0727e5c-5d1e-4ea7-aa00-d6053f839ba3,ae9fd366-c734-40ed-a400-bcb11499a529,PURCHASE,10.0,2026-08-27T20:52:01.506461
10cdadf0-f3a7-4055-8808-bfab4b5fdb42,f0727e5c-5d1e-4ea7-aa00-d6053f839ba3,0994cb89-90be-4944-806b-eeefe4d6eabb,PURCHASE,10.0,2026-09-03T13:52:01.506461
4f63ffd8-82e6-437a-b9d4-d0bb628cabec,f0727e5c-5d1e-4ea7-aa00-d6053f839ba3,e906f01e-ecde-40a5-a44c-9132a164f942,PURCHASE,10.0,2026-09-03T13:52:01.506461
def1cc10-b4c7-47e8-8ef8-20584aba3889,f0727e5c-5d1e-4ea7-aa00-d6053f839ba3,a7290bdd-22fb-4a4d-a4a4-c2bf75c7ab09,PURCHASE,10.0,2026-09-03T13:52:01.506461
fe3ea8e6-d39a-402c-9895-2cf820a4c312,d42e4be4-b29c-47fe-a1b3-8255948344ac,bf9e355c-e1c9-428e-906d-8e9a455ce885,PURCHASE,10.0,2026-08-12T15:52:01.506461
1dbd51f2-e3c7-478c-9ec6-b68ee5f3d336,d42e4be4-b29c-47fe-a1b3-8255948344ac,aae46e83-5eca-4bae-83be-d1af00c5cdc0,PURCHASE,10.0,2026-08-12T15:52:01.506461
3daadd95-35a7-4a3c-9928-3b344242fa56,d42e4be4-b29c-47fe-a1b3-8255948344ac,aae46e83-5eca-4bae-83be-d1af00c5cdc0,ADD_TO_CART,5.0,2026-08-12T15:52:01.506461
e4966166-5208-4881-9b9a-560dc02e99fe,d42e4be4-b29c-47fe-a1b3-8255948344ac,cabd7ff0-1bed-4ba5-bf93-93b2b0f3cc62,PURCHASE,10.0,2026-08-12T15:52:01.506461
91d9291f-8eeb-47ad-afb6-e72337ca84c9,d42e4be4-b29c-47fe-a1b3-8255948344ac,9e62c28d-8fc0-432a-b85d-e57755b7a392,PURCHASE,10.0,2026-08-12T15:52:01.506461
dfb96d8c-c9a4-4623-9d7c-78643b4f2713,d42e4be4-b29c-47fe-a1b3-8255948344ac,9e62c28d-8fc0-432a-b85d-e57755b7a392,ADD_TO_CART,5.0,2026-08-12T15:52:01.506461
41efbec8-8bbf-4210-9b30-027e385a8bc6,d42e4be4-b29c-47fe-a1b3-8255948344ac,119171e8-3049-4289-a1e6-20156e6d3e20,PURCHASE,10.0,2026-08-19T21:52:01.506461
0d0868fe-e966-40c7-aef6-6ece17c71845,d42e4be4-b29c-47fe-a1b3-8255948344ac,aae46e83-5eca-4bae-83be-d1af00c5cdc0,PURCHASE,10.0,2026-08-19T21:52:01.506461
50c9c112-4c0d-4dcf-96a1-23e0a6231883,d42e4be4-b29c-47fe-a1b3-8255948344ac,2be07e4c-3dbf-42e5-90c3-26540a177fd1,PURCHASE,10.0,2026-08-19T21:52:01.506461
17ef3a49-3051-4893-9351-b67761e49b95,d42e4be4-b29c-47fe-a1b3-8255948344ac,2be07e4c-3dbf-42e5-90c3-26540a177fd1,ADD_TO_CART,5.0,2026-08-19T21:52:01.506461
75078427-d904-4e01-908c-21ea93239648,d42e4be4-b29c-47fe-a1b3-8255948344ac,300c236a-5cf1-4646-b74a-bd449ed18374,PURCHASE,10.0,2026-08-19T21:52:01.506461
4ecca0b5-bf0d-40e8-9d96-415f3b8008ed,d42e4be4-b29c-47fe-a1b3-8255948344ac,e83f625e-4033-46b8-b595-e7f5d55bab20,PURCHASE,10.0,2026-08-19T21:52:01.506461
ba267238-09ef-4142-9410-54824ea919a4,d42e4be4-b29c-47fe-a1b3-8255948344ac,acea3378-4bf7-4d40-8a6e-bab5fadc2196,PURCHASE,10.0,2026-08-10T19:52:01.506461
af870a99-63e6-48f8-a0ce-d31201043fe6,d42e4be4-b29c-47fe-a1b3-8255948344ac,3917a229-00ce-4f07-ab63-a7dfc2cd82df,PURCHASE,10.0,2026-08-10T19:52:01.506461
265bcfb4-52d4-40fe-9f78-ea4ea8645cb1,d42e4be4-b29c-47fe-a1b3-8255948344ac,3917a229-00ce-4f07-ab63-a7dfc2cd82df,ADD_TO_CART,5.0,2026-08-10T19:52:01.506461
c06d10c9-00bb-43f9-8833-01261a1b2eaf,d42e4be4-b29c-47fe-a1b3-8255948344ac,a9adc9d0-b23e-4e5d-be77-825b68788f9f,PURCHASE,10.0,2026-08-10T19:52:01.506461
4f38d404-a7ff-42ed-870e-f133cab2987e,d42e4be4-b29c-47fe-a1b3-8255948344ac,3ee84a7d-619b-4ebd-a86f-6e73e1aa0f56,PURCHASE,10.0,2026-08-10T19:52:01.506461
d0236850-e2a8-412a-bf0f-14d85d077f76,d42e4be4-b29c-47fe-a1b3-8255948344ac,1bb87e6c-1ef0-4ba0-9166-0a2eb7a7df7e,PURCHASE,10.0,2026-08-27T18:52:01.506461
164c2548-7ef7-4ac8-a6fa-8e2c6063dba1,d42e4be4-b29c-47fe-a1b3-8255948344ac,1bb87e6c-1ef0-4ba0-9166-0a2eb7a7df7e,ADD_TO_CART,5.0,2026-08-27T18:52:01.506461
8c09c71b-3216-467d-bc11-4d5dfa25c6d7,d42e4be4-b29c-47fe-a1b3-8255948344ac,aae46e83-5eca-4bae-83be-d1af00c5cdc0,PURCHASE,10.0,2026-08-27T18:52:01.506461
16ec2166-dd4c-4961-b397-5846a6cd23de,d42e4be4-b29c-47fe-a1b3-8255948344ac,aae46e83-5eca-4bae-83be-d1af00c5cdc0,ADD_TO_CART,5.0,2026-08-27T18:52:01.506461
b33f7e8a-c2d3-4d76-945e-5a62d7706fe4,d42e4be4-b29c-47fe-a1b3-8255948344ac,cabd7ff0-1bed-4ba5-bf93-93b2b0f3cc62,PURCHASE,10.0,2026-08-27T18:52:01.506461
48626a06-10c6-43e8-9141-4374266d0ec2,d42e4be4-b29c-47fe-a1b3-8255948344ac,cabd7ff0-1bed-4ba5-bf93-93b2b0f3cc62,ADD_TO_CART,5.0,2026-08-27T18:52:01.506461
c142b2b5-a4ab-4a7e-9b42-7ad6a6725a88,d42e4be4-b29c-47fe-a1b3-8255948344ac,9e62c28d-8fc0-432a-b85d-e57755b7a392,PURCHASE,10.0,2026-08-27T18:52:01.506461
a0b9abf3-2034-4a64-9ee1-818fca53bec0,d42e4be4-b29c-47fe-a1b3-8255948344ac,5638747c-cb25-4b64-9d98-851c2db06d60,PURCHASE,10.0,2026-08-29T12:52:01.506461
ea1f5db7-87ef-4556-9165-79f4ae429950,d42e4be4-b29c-47fe-a1b3-8255948344ac,5638747c-cb25-4b64-9d98-851c2db06d60,ADD_TO_CART,5.0,2026-08-29T12:52:01.506461
6fe7787b-6cab-4cc2-b684-b62a218ee9f6,d42e4be4-b29c-47fe-a1b3-8255948344ac,aae46e83-5eca-4bae-83be-d1af00c5cdc0,PURCHASE,10.0,2026-08-29T12:52:01.506461
b5f4c80b-7063-485b-b12f-48323cdb1412,d42e4be4-b29c-47fe-a1b3-8255948344ac,aae46e83-5eca-4bae-83be-d1af00c5cdc0,ADD_TO_CART,5.0,2026-08-29T12:52:01.506461
98a5c1f2-fa0e-4f80-9eb8-bc648b65aadc,d42e4be4-b29c-47fe-a1b3-8255948344ac,33b8b450-7c1f-41ce-878c-fb991290c907,PURCHASE,10.0,2026-08-29T12:52:01.506461
5dd50609-68ec-4152-b085-84b923ca21bf,d42e4be4-b29c-47fe-a1b3-8255948344ac,300c236a-5cf1-4646-b74a-bd449ed18374,PURCHASE,10.0,2026-08-29T12:52:01.506461
5d22d6e2-64c2-4ffb-a353-459618a22058,d42e4be4-b29c-47fe-a1b3-8255948344ac,300c236a-5cf1-4646-b74a-bd449ed18374,ADD_TO_CART,5.0,2026-08-29T12:52:01.506461
86b88138-0fa8-42c0-8b68-b769deafabb9,d42e4be4-b29c-47fe-a1b3-8255948344ac,5ac74607-116b-439d-bc3c-14d60fbbf3c9,PURCHASE,10.0,2026-08-31T20:52:01.508497
b89f1def-6561-459a-8962-7bac59e3ee92,d42e4be4-b29c-47fe-a1b3-8255948344ac,aae46e83-5eca-4bae-83be-d1af00c5cdc0,PURCHASE,10.0,2026-08-31T20:52:01.508497
4d296e86-9065-48db-affd-7858a0f16bf5,d42e4be4-b29c-47fe-a1b3-8255948344ac,2be07e4c-3dbf-42e5-90c3-26540a177fd1,PURCHASE,10.0,2026-08-31T20:52:01.508497
e9cd4096-097f-49c0-9841-55a71b958d95,d42e4be4-b29c-47fe-a1b3-8255948344ac,6f413aea-b761-4f53-83cc-8909734ca65f,PURCHASE,10.0,2026-08-31T20:52:01.508497
005c0ada-8cfd-4f80-8a40-d7014d4713bf,d42e4be4-b29c-47fe-a1b3-8255948344ac,f41418e2-b35c-40cc-aad0-8cd036569dfe,PURCHASE,10.0,2026-08-31T20:52:01.508497
12bd3123-303d-47f9-aff3-504c55367fe7,d42e4be4-b29c-47fe-a1b3-8255948344ac,f41418e2-b35c-40cc-aad0-8cd036569dfe,ADD_TO_CART,5.0,2026-08-31T20:52:01.508497
07938cca-ee54-4e14-a9b2-d9e2323252ec,db1b9299-96df-4fd8-932c-3ad6613bc967,588f8f78-1d77-4989-b8cd-3e0869658448,PURCHASE,10.0,2026-08-25T21:52:01.508497
3af3e6de-e13b-419b-b221-202a25e2813f,db1b9299-96df-4fd8-932c-3ad6613bc967,0f8e2979-fd0e-4891-afd3-3b4a418d17c1,PURCHASE,10.0,2026-08-25T21:52:01.508497
c86d7ce5-3348-4b80-8212-cc64817d155d,db1b9299-96df-4fd8-932c-3ad6613bc967,0f8e2979-fd0e-4891-afd3-3b4a418d17c1,ADD_TO_CART,5.0,2026-08-25T21:52:01.508497
0212ba59-cffc-4872-b4d0-5f17fdde1d4d,db1b9299-96df-4fd8-932c-3ad6613bc967,53375854-801f-4fc4-9bca-a764bf6963fe,PURCHASE,10.0,2026-08-25T21:52:01.508497
cadb3743-7d73-401a-b745-1edd921b3991,db1b9299-96df-4fd8-932c-3ad6613bc967,53375854-801f-4fc4-9bca-a764bf6963fe,ADD_TO_CART,5.0,2026-08-25T21:52:01.508497
c85ec37d-cdbf-4c82-9875-abb66aee3da1,db1b9299-96df-4fd8-932c-3ad6613bc967,93e72030-6ff8-43c4-8fed-6ec2084ee35e,PURCHASE,10.0,2026-08-24T13:52:01.508497
a4e9fbc8-79e5-4aa2-a0d7-95f01ace6819,db1b9299-96df-4fd8-932c-3ad6613bc967,93e72030-6ff8-43c4-8fed-6ec2084ee35e,ADD_TO_CART,5.0,2026-08-24T13:52:01.508497
b3f32333-8c7e-4c69-ac13-1444cef79886,db1b9299-96df-4fd8-932c-3ad6613bc967,0f8e2979-fd0e-4891-afd3-3b4a418d17c1,PURCHASE,10.0,2026-08-24T13:52:01.508497
227f7a2f-111a-4c4f-8e6d-9e425798208e,db1b9299-96df-4fd8-932c-3ad6613bc967,0f8e2979-fd0e-4891-afd3-3b4a418d17c1,ADD_TO_CART,5.0,2026-08-24T13:52:01.508497
eaa269b3-a861-4e96-9d11-d0c0abdc122f,db1b9299-96df-4fd8-932c-3ad6613bc967,d58dced7-cfe0-4214-b87d-2cfb44f0ad65,PURCHASE,10.0,2026-08-24T13:52:01.508497
63935749-d71f-4b07-942a-535659824b3e,db1b9299-96df-4fd8-932c-3ad6613bc967,1bdc298b-761f-486b-b642-592ca600704a,PURCHASE,10.0,2026-08-24T13:52:01.508497
c5e815d0-4acc-4870-9d33-76c68cfeadd4,db1b9299-96df-4fd8-932c-3ad6613bc967,1bdc298b-761f-486b-b642-592ca600704a,ADD_TO_CART,5.0,2026-08-24T13:52:01.508497
b5825f3f-46c3-4af2-ae75-8cc37b4ed2bc,db1b9299-96df-4fd8-932c-3ad6613bc967,588f8f78-1d77-4989-b8cd-3e0869658448,PURCHASE,10.0,2026-09-02T21:52:01.508497
be262d01-5d93-4b8f-ad93-a895650eb829,db1b9299-96df-4fd8-932c-3ad6613bc967,588f8f78-1d77-4989-b8cd-3e0869658448,ADD_TO_CART,5.0,2026-09-02T21:52:01.508497
f216bb2b-94d1-4e96-b301-ebd7986e3ddb,db1b9299-96df-4fd8-932c-3ad6613bc967,0f8e2979-fd0e-4891-afd3-3b4a418d17c1,PURCHASE,10.0,2026-09-02T21:52:01.508497
71bad3ee-0b00-4924-a311-ebfb078837e2,db1b9299-96df-4fd8-932c-3ad6613bc967,0f8e2979-fd0e-4891-afd3-3b4a418d17c1,ADD_TO_CART,5.0,2026-09-02T21:52:01.508497
487ba957-d124-40b1-bc37-b7c9d2912c7d,db1b9299-96df-4fd8-932c-3ad6613bc967,631a1e24-52d6-4900-a14f-f38ab19822d4,PURCHASE,10.0,2026-09-02T21:52:01.508497
fa95897f-b9d2-4758-9546-23ae6455ff8e,db1b9299-96df-4fd8-932c-3ad6613bc967,631a1e24-52d6-4900-a14f-f38ab19822d4,ADD_TO_CART,5.0,2026-09-02T21:52:01.508497
952a73ba-ad5f-4acd-9280-dae41c0c7d53,db1b9299-96df-4fd8-932c-3ad6613bc967,deb77a6a-d2ec-4d3c-8fc3-f9c307c2c6ff,PURCHASE,10.0,2026-09-03T17:52:01.509582
b4df162f-3e7c-46e4-b175-7139a8f2f87e,db1b9299-96df-4fd8-932c-3ad6613bc967,0f8e2979-fd0e-4891-afd3-3b4a418d17c1,PURCHASE,10.0,2026-09-03T17:52:01.509582
7f143923-43ab-4d5e-b2d9-00216829f0a6,db1b9299-96df-4fd8-932c-3ad6613bc967,88dc8654-525d-4e13-a1c5-26c467b71fdf,PURCHASE,10.0,2026-09-03T17:52:01.509582
fc67f4ea-a937-4873-b895-b51ddf4c3d35,db1b9299-96df-4fd8-932c-3ad6613bc967,4d5ef443-7417-46f6-bed0-97173a7829e5,PURCHASE,10.0,2026-09-03T17:52:01.509582
0bb342dc-c087-4953-95b0-05f56244a329,db1b9299-96df-4fd8-932c-3ad6613bc967,4d5ef443-7417-46f6-bed0-97173a7829e5,ADD_TO_CART,5.0,2026-09-03T17:52:01.509582
5c3dd06b-8d04-428e-b43b-35702da8ebf6,fc895620-c446-471c-972e-18f4ce979e28,9e466ab4-0753-45f0-b24d-06ca63637b2d,PURCHASE,10.0,2026-08-12T14:52:01.509582
86540df7-efaa-432d-98e6-44ff26855da5,fc895620-c446-471c-972e-18f4ce979e28,9e466ab4-0753-45f0-b24d-06ca63637b2d,ADD_TO_CART,5.0,2026-08-12T14:52:01.509582
a7606757-8c56-4110-96bb-21e792939fcc,fc895620-c446-471c-972e-18f4ce979e28,ada3490e-9d0d-41c5-b8f6-ee36f232a592,PURCHASE,10.0,2026-08-12T14:52:01.509582
ae52d6ec-33d1-4532-b064-994bb4ef462d,fc895620-c446-471c-972e-18f4ce979e28,ada3490e-9d0d-41c5-b8f6-ee36f232a592,ADD_TO_CART,5.0,2026-08-12T14:52:01.509582
8aaa5436-880b-45d6-9098-3fd2b928fb1c,fc895620-c446-471c-972e-18f4ce979e28,73697b54-c6e2-44c9-8814-663dd2d9dba7,PURCHASE,10.0,2026-08-12T14:52:01.509582
03afa952-3e21-4fa1-8538-4171c9808044,fc895620-c446-471c-972e-18f4ce979e28,d2ee5f06-0a65-4618-96e6-c27bc21be525,PURCHASE,10.0,2026-08-12T14:52:01.509582
94f62fe2-35a6-4b2e-b617-6121a39b232e,fc895620-c446-471c-972e-18f4ce979e28,d2ee5f06-0a65-4618-96e6-c27bc21be525,ADD_TO_CART,5.0,2026-08-12T14:52:01.509582
93e71678-94ff-4c2c-8e7c-c147f04fc954,fc895620-c446-471c-972e-18f4ce979e28,5a442680-9fef-499c-825c-bcbe3ceaedb7,PURCHASE,10.0,2026-08-12T14:52:01.509582
bf48ae45-96a4-43ad-a570-f89e73fa257a,fc895620-c446-471c-972e-18f4ce979e28,b8258701-7eba-4efa-be89-1236720808da,PURCHASE,10.0,2026-08-12T14:52:01.509582
f074644a-8754-4987-ab99-11dac09a9f44,fc895620-c446-471c-972e-18f4ce979e28,1bb87e6c-1ef0-4ba0-9166-0a2eb7a7df7e,PURCHASE,10.0,2026-08-24T15:52:01.510329
935dec92-89c5-43f8-b769-f511d731dcd0,fc895620-c446-471c-972e-18f4ce979e28,1bb87e6c-1ef0-4ba0-9166-0a2eb7a7df7e,ADD_TO_CART,5.0,2026-08-24T15:52:01.510329
23acac4f-3997-4832-a923-c9dfd47d272f,fc895620-c446-471c-972e-18f4ce979e28,472f225e-9fd0-4a31-9d3a-970b74e867a1,PURCHASE,10.0,2026-08-24T15:52:01.510329
3a16e369-b786-40be-8474-0ea011a99e9e,fc895620-c446-471c-972e-18f4ce979e28,73ba2336-7a3c-47ec-af09-dc36f47b00fc,PURCHASE,10.0,2026-08-24T15:52:01.510329
8dcd443b-1106-4289-ad9e-1513577049c7,fc895620-c446-471c-972e-18f4ce979e28,73ba2336-7a3c-47ec-af09-dc36f47b00fc,ADD_TO_CART,5.0,2026-08-24T15:52:01.510329
01313510-8e02-4e19-8238-b093c4370983,fc895620-c446-471c-972e-18f4ce979e28,28e011b1-cf12-42d0-8034-c80656e0c0d5,PURCHASE,10.0,2026-08-24T15:52:01.510329
3c9430e8-ef7b-45ac-afda-95021c6540f9,fc895620-c446-471c-972e-18f4ce979e28,7b4b3a0e-209c-4217-9a40-96053b050f60,PURCHASE,10.0,2026-08-24T15:52:01.510329
007b775c-c390-4d44-a9df-8272a8a8677b,fc895620-c446-471c-972e-18f4ce979e28,7b4b3a0e-209c-4217-9a40-96053b050f60,ADD_TO_CART,5.0,2026-08-24T15:52:01.510329
bdb71dbb-f8dd-45e9-a8bb-dc6f09c3f5bf,fc895620-c446-471c-972e-18f4ce979e28,90d08764-413b-4792-ac7f-41915db7fab3,PURCHASE,10.0,2026-08-29T17:52:01.510988
d0dfdd1a-5a40-42d5-9055-befdc960317c,fc895620-c446-471c-972e-18f4ce979e28,ada3490e-9d0d-41c5-b8f6-ee36f232a592,PURCHASE,10.0,2026-08-29T17:52:01.510988
f38a12b9-ccb9-4557-960a-63c6c612daee,fc895620-c446-471c-972e-18f4ce979e28,478565a6-134b-43e0-99c5-454f4ff7cbf0,PURCHASE,10.0,2026-08-29T17:52:01.510988
12a75d4d-b926-40ab-b2f9-96e0d14efd0e,fc895620-c446-471c-972e-18f4ce979e28,f001e0a4-8020-4880-8626-0a0c1e822852,PURCHASE,10.0,2026-08-29T17:52:01.510988
daba455f-4985-499f-8c18-12efb0f03055,fc895620-c446-471c-972e-18f4ce979e28,f001e0a4-8020-4880-8626-0a0c1e822852,ADD_TO_CART,5.0,2026-08-29T17:52:01.510988
1525069f-5e97-4bf9-891a-891ce2d62359,fc895620-c446-471c-972e-18f4ce979e28,32fc637e-f9fe-4fc6-9e2a-675ee8c4feee,PURCHASE,10.0,2026-08-29T17:52:01.510988
5aa9b830-99bf-4f8b-a89c-7b2a4abe3f61,fc895620-c446-471c-972e-18f4ce979e28,32fc637e-f9fe-4fc6-9e2a-675ee8c4feee,ADD_TO_CART,5.0,2026-08-29T17:52:01.510988
6aac51c9-cf10-4ca9-90e0-0732d8a16391,fc895620-c446-471c-972e-18f4ce979e28,4db9e4de-ce3d-41d7-bdf4-3931e7243df5,PURCHASE,10.0,2026-08-29T17:52:01.510988
550cd42a-a8af-4d78-80a5-a5385a4e2908,fc895620-c446-471c-972e-18f4ce979e28,4db9e4de-ce3d-41d7-bdf4-3931e7243df5,ADD_TO_CART,5.0,2026-08-29T17:52:01.510988
724e824b-f69e-4dc8-85b8-34e6783e10c0,fc895620-c446-471c-972e-18f4ce979e28,9e466ab4-0753-45f0-b24d-06ca63637b2d,PURCHASE,10.0,2026-09-05T16:52:01.510988
acd13506-6711-4ec5-8455-142c10eccb73,fc895620-c446-471c-972e-18f4ce979e28,9e466ab4-0753-45f0-b24d-06ca63637b2d,ADD_TO_CART,5.0,2026-09-05T16:52:01.510988
2be14df8-9ac9-42f4-8edb-bff0f8bc93a5,fc895620-c446-471c-972e-18f4ce979e28,fc99c491-28ac-40fc-bd3b-edf6d3a3588b,PURCHASE,10.0,2026-09-05T16:52:01.510988
cba7c3a1-4b49-4182-bf34-0608290569d5,fc895620-c446-471c-972e-18f4ce979e28,fc99c491-28ac-40fc-bd3b-edf6d3a3588b,ADD_TO_CART,5.0,2026-09-05T16:52:01.510988
3c848017-ff3a-465c-8f6a-386318ad767a,fc895620-c446-471c-972e-18f4ce979e28,73ba2336-7a3c-47ec-af09-dc36f47b00fc,PURCHASE,10.0,2026-09-05T16:52:01.510988
70740508-cba7-48f2-85fe-a9a0883b4e77,fc895620-c446-471c-972e-18f4ce979e28,73ba2336-7a3c-47ec-af09-dc36f47b00fc,ADD_TO_CART,5.0,2026-09-05T16:52:01.510988
5577afeb-7a22-46b0-9610-59e716753790,fc895620-c446-471c-972e-18f4ce979e28,28e011b1-cf12-42d0-8034-c80656e0c0d5,PURCHASE,10.0,2026-09-05T16:52:01.510988
7a00cdab-628d-4642-abce-f58476a7d5e9,fc895620-c446-471c-972e-18f4ce979e28,9e62c28d-8fc0-432a-b85d-e57755b7a392,PURCHASE,10.0,2026-09-05T16:52:01.510988
e711329b-bd57-4681-8ec5-b8625dec1a26,fc895620-c446-471c-972e-18f4ce979e28,9e62c28d-8fc0-432a-b85d-e57755b7a392,ADD_TO_CART,5.0,2026-09-05T16:52:01.510988
ddef2267-a50b-46b0-86d9-95113e55df1d,389a7839-5278-4984-bbc6-7d40b80eec74,2cc864b2-ffcd-4cd9-96ea-35cc70b7f01e,PURCHASE,10.0,2026-08-04T20:52:01.510988
49e66118-24f4-426b-bd12-d630771744ac,389a7839-5278-4984-bbc6-7d40b80eec74,ef1edfc3-47b7-4fd4-83d6-8e411458ec16,PURCHASE,10.0,2026-08-04T20:52:01.510988
229f4cc8-b393-42b7-a0f1-8be578d177d3,389a7839-5278-4984-bbc6-7d40b80eec74,5ac74607-116b-439d-bc3c-14d60fbbf3c9,PURCHASE,10.0,2026-08-04T20:52:01.510988
a8e73021-6c25-4b30-b948-2e6b43e1ea80,389a7839-5278-4984-bbc6-7d40b80eec74,028a6f74-cbb2-4589-8fa2-ca3fba159ad4,PURCHASE,10.0,2026-08-04T20:52:01.510988
fbf61d3a-60b9-4505-ba27-b720c498b34f,389a7839-5278-4984-bbc6-7d40b80eec74,028a6f74-cbb2-4589-8fa2-ca3fba159ad4,ADD_TO_CART,5.0,2026-08-04T20:52:01.510988
ac190f2c-2ca6-44b0-9ecd-0c50b0542b4a,389a7839-5278-4984-bbc6-7d40b80eec74,9d1653d7-c14d-409f-8b0a-e199ffe4499d,PURCHASE,10.0,2026-08-04T20:52:01.510988
f65b2333-2359-4f01-8352-80a905c15c9d,389a7839-5278-4984-bbc6-7d40b80eec74,9d1653d7-c14d-409f-8b0a-e199ffe4499d,ADD_TO_CART,5.0,2026-08-04T20:52:01.510988
cabf3ad6-f976-453a-8896-bb6bc388cb52,389a7839-5278-4984-bbc6-7d40b80eec74,87375ac9-631a-474b-b827-a0d25831f6cc,PURCHASE,10.0,2026-08-04T20:52:01.510988
925a643b-85fa-4017-84b9-1aaaa74b7895,389a7839-5278-4984-bbc6-7d40b80eec74,6dfa977d-ac40-4b0c-9944-77f5fc5892c4,PURCHASE,10.0,2026-08-23T15:52:01.510988
9b81cbfe-075e-4a09-bc25-5e29bd1e3b1f,389a7839-5278-4984-bbc6-7d40b80eec74,6dfa977d-ac40-4b0c-9944-77f5fc5892c4,ADD_TO_CART,5.0,2026-08-23T15:52:01.510988
45a54a3c-bbd6-46d7-8eb7-85702f655d89,389a7839-5278-4984-bbc6-7d40b80eec74,1a485340-f614-4da7-9953-4cbb2f709dc6,PURCHASE,10.0,2026-08-23T15:52:01.510988
6edd3b8d-2485-4e18-8849-53402f4511db,389a7839-5278-4984-bbc6-7d40b80eec74,93972ebd-a548-446c-a61e-54abc0d9eb7a,PURCHASE,10.0,2026-08-23T15:52:01.510988
d0a13881-4324-481c-8036-d43cc5c92923,389a7839-5278-4984-bbc6-7d40b80eec74,d6bbbbbd-5bb9-4372-86a3-876b161d74ed,PURCHASE,10.0,2026-08-21T18:52:01.512329
3f9a92a6-8f40-4fe2-aefa-04186442c53d,389a7839-5278-4984-bbc6-7d40b80eec74,0921c244-e74f-43b4-b909-08651f21641e,PURCHASE,10.0,2026-08-21T18:52:01.512329
236d3081-bd10-433a-b0d9-84cf30e6b826,389a7839-5278-4984-bbc6-7d40b80eec74,5ac74607-116b-439d-bc3c-14d60fbbf3c9,PURCHASE,10.0,2026-08-21T18:52:01.512329
2fe0c9ce-2a6f-43a3-8b7a-bd5b47daf63a,389a7839-5278-4984-bbc6-7d40b80eec74,ffb35857-5a01-4e4d-b7f3-e4dba8ebcf4b,PURCHASE,10.0,2026-08-21T18:52:01.512329
9e28210e-2ec3-4e0e-ac79-34ced5852b72,389a7839-5278-4984-bbc6-7d40b80eec74,8b414293-228c-404f-aedb-2bfc01e00016,PURCHASE,10.0,2026-08-21T18:52:01.512329
933ace08-971a-4058-979d-1b4a2092513e,389a7839-5278-4984-bbc6-7d40b80eec74,61994682-174b-47e1-a92b-8d56e543416b,PURCHASE,10.0,2026-08-21T18:52:01.512329
85341579-ddb5-493a-bb71-19e4f81c837d,389a7839-5278-4984-bbc6-7d40b80eec74,61994682-174b-47e1-a92b-8d56e543416b,ADD_TO_CART,5.0,2026-08-21T18:52:01.512329
f0a6cb84-fb7b-4943-9acc-04b25c429dd5,389a7839-5278-4984-bbc6-7d40b80eec74,16d265ed-77a0-4a24-afb5-719cba043ada,PURCHASE,10.0,2026-08-25T18:52:01.512329
05b756c9-0deb-413c-b772-248069746eac,389a7839-5278-4984-bbc6-7d40b80eec74,84880841-242e-47ad-b889-243a3d69f06a,PURCHASE,10.0,2026-08-25T18:52:01.512329
d2da3d12-52c1-454d-8b63-76fc7fabdb50,389a7839-5278-4984-bbc6-7d40b80eec74,1565d3db-fa61-4937-9a95-61ffa16b52f8,PURCHASE,10.0,2026-08-25T18:52:01.512329
09a4996e-d8bc-481a-8c59-527f8fe04da8,389a7839-5278-4984-bbc6-7d40b80eec74,88dc8654-525d-4e13-a1c5-26c467b71fdf,PURCHASE,10.0,2026-09-04T12:52:01.512329
c3defe1d-e2e4-4284-808f-c861b4a86f30,389a7839-5278-4984-bbc6-7d40b80eec74,88dc8654-525d-4e13-a1c5-26c467b71fdf,ADD_TO_CART,5.0,2026-09-04T12:52:01.512329
4470d6fb-a135-49ad-bb7e-21aa188ec227,389a7839-5278-4984-bbc6-7d40b80eec74,84880841-242e-47ad-b889-243a3d69f06a,PURCHASE,10.0,2026-09-04T12:52:01.512329
8657114f-73cd-4604-8b56-70477370f66f,389a7839-5278-4984-bbc6-7d40b80eec74,84880841-242e-47ad-b889-243a3d69f06a,ADD_TO_CART,5.0,2026-09-04T12:52:01.512329
0b28eb44-9b0f-4252-a0a6-7ea59ac9c37f,389a7839-5278-4984-bbc6-7d40b80eec74,1565d3db-fa61-4937-9a95-61ffa16b52f8,PURCHASE,10.0,2026-09-04T12:52:01.512329
083e7358-2f47-4e3c-ac64-274788adbafa,389a7839-5278-4984-bbc6-7d40b80eec74,1565d3db-fa61-4937-9a95-61ffa16b52f8,ADD_TO_CART,5.0,2026-09-04T12:52:01.512329
ac65fcc0-d747-4b16-8d28-2c7c3d586ddf,389a7839-5278-4984-bbc6-7d40b80eec74,ab1b7d49-94b3-4a3a-aa89-6ff904cccd84,PURCHASE,10.0,2026-09-04T12:52:01.512329
8fdd3b43-cebe-4330-ad59-b8c958c22561,389a7839-5278-4984-bbc6-7d40b80eec74,ab1b7d49-94b3-4a3a-aa89-6ff904cccd84,ADD_TO_CART,5.0,2026-09-04T12:52:01.512329
d1c2a206-0fff-458c-8853-ffedf7cff1f9,f93c5b61-46df-44b0-a718-571307f2d308,88dc8654-525d-4e13-a1c5-26c467b71fdf,PURCHASE,10.0,2026-08-02T17:52:01.512329
7ea3253d-0ec1-4593-9c1d-2556fb682d0d,f93c5b61-46df-44b0-a718-571307f2d308,2fc6e23e-4b20-4c24-9330-6bf4084694bd,PURCHASE,10.0,2026-08-02T17:52:01.512329
bbd089a1-dd96-41f1-9fd1-31bc847a6933,f93c5b61-46df-44b0-a718-571307f2d308,d9e5f240-1361-45c1-8b4b-b95f01f4c109,PURCHASE,10.0,2026-08-02T17:52:01.512329
5091f3f2-ccfc-4f92-b46b-89a0e6b0324d,f93c5b61-46df-44b0-a718-571307f2d308,3cd3d555-a147-44bf-93ea-9a3bff52099e,PURCHASE,10.0,2026-08-02T17:52:01.512329
54ffd122-f530-4882-93b2-c42a3ad0a257,f93c5b61-46df-44b0-a718-571307f2d308,3cd3d555-a147-44bf-93ea-9a3bff52099e,ADD_TO_CART,5.0,2026-08-02T17:52:01.512329
0eba30a6-d953-4074-ad94-9e2ca4fc6585,f93c5b61-46df-44b0-a718-571307f2d308,88dc8654-525d-4e13-a1c5-26c467b71fdf,PURCHASE,10.0,2026-08-13T12:52:01.512329
86f7538e-4c03-4be4-be18-4073eac52f23,f93c5b61-46df-44b0-a718-571307f2d308,88dc8654-525d-4e13-a1c5-26c467b71fdf,ADD_TO_CART,5.0,2026-08-13T12:52:01.512329
cce4d15d-f132-45fb-8737-80fa5f82f9e7,f93c5b61-46df-44b0-a718-571307f2d308,84880841-242e-47ad-b889-243a3d69f06a,PURCHASE,10.0,2026-08-13T12:52:01.512329
bc4909d0-a5a1-4a8c-9fd9-0740e5beb516,f93c5b61-46df-44b0-a718-571307f2d308,93972ebd-a548-446c-a61e-54abc0d9eb7a,PURCHASE,10.0,2026-08-13T12:52:01.512329
95223b3c-07ca-49c4-b37c-50d63041bb57,f93c5b61-46df-44b0-a718-571307f2d308,93972ebd-a548-446c-a61e-54abc0d9eb7a,ADD_TO_CART,5.0,2026-08-13T12:52:01.512329
aa57d9be-1c27-4eaf-8201-38167c86af68,f93c5b61-46df-44b0-a718-571307f2d308,631a1e24-52d6-4900-a14f-f38ab19822d4,PURCHASE,10.0,2026-08-27T19:52:01.513525
75c325b0-2d53-45d5-9b32-398e2679bbe0,f93c5b61-46df-44b0-a718-571307f2d308,0f39696d-33be-4ab3-98ce-dfbfa4d9b7e5,PURCHASE,10.0,2026-08-27T19:52:01.513525
4b00cb06-307c-44fb-bac1-247742ede675,f93c5b61-46df-44b0-a718-571307f2d308,0f39696d-33be-4ab3-98ce-dfbfa4d9b7e5,ADD_TO_CART,5.0,2026-08-27T19:52:01.513525
27d49551-c30d-46bc-a5ef-509ad7df52ee,f93c5b61-46df-44b0-a718-571307f2d308,93972ebd-a548-446c-a61e-54abc0d9eb7a,PURCHASE,10.0,2026-08-27T19:52:01.513525
50fe0d6c-4154-489d-9fd8-aaedfcff7069,f93c5b61-46df-44b0-a718-571307f2d308,88dc8654-525d-4e13-a1c5-26c467b71fdf,PURCHASE,10.0,2026-08-29T20:52:01.513525
40d4db7d-8ff1-4d9d-b87c-737e12cb5b8e,f93c5b61-46df-44b0-a718-571307f2d308,1a485340-f614-4da7-9953-4cbb2f709dc6,PURCHASE,10.0,2026-08-29T20:52:01.513525
3e4a1602-9db9-408b-a187-3214ab09498a,f93c5b61-46df-44b0-a718-571307f2d308,93972ebd-a548-446c-a61e-54abc0d9eb7a,PURCHASE,10.0,2026-08-29T20:52:01.513525
8d9fc50e-a401-4d38-80cb-e0949b74631a,f93c5b61-46df-44b0-a718-571307f2d308,93972ebd-a548-446c-a61e-54abc0d9eb7a,ADD_TO_CART,5.0,2026-08-29T20:52:01.513525
c31f4e06-6be1-4ac0-a87a-4d9e0eb62ddf,f93c5b61-46df-44b0-a718-571307f2d308,f7034ed5-d9d4-433b-982e-4c12f95f649e,PURCHASE,10.0,2026-08-29T20:52:01.513525
c054ce16-3553-4e43-bc3a-841e6fe04d2b,f93c5b61-46df-44b0-a718-571307f2d308,f7034ed5-d9d4-433b-982e-4c12f95f649e,ADD_TO_CART,5.0,2026-08-29T20:52:01.513525
d0135f84-961d-4bda-add2-a99358ebc4a8,f93c5b61-46df-44b0-a718-571307f2d308,6dfa977d-ac40-4b0c-9944-77f5fc5892c4,PURCHASE,10.0,2026-09-03T15:52:01.513525
6504d300-131a-411a-945c-5903fd91e14f,f93c5b61-46df-44b0-a718-571307f2d308,6dfa977d-ac40-4b0c-9944-77f5fc5892c4,ADD_TO_CART,5.0,2026-09-03T15:52:01.513525
9b403ce6-92d5-4b30-bace-7810eab9e6c9,f93c5b61-46df-44b0-a718-571307f2d308,1a485340-f614-4da7-9953-4cbb2f709dc6,PURCHASE,10.0,2026-09-03T15:52:01.513525
971f09aa-32b1-4ecf-8727-8839a9f2bfa7,f93c5b61-46df-44b0-a718-571307f2d308,1a485340-f614-4da7-9953-4cbb2f709dc6,ADD_TO_CART,5.0,2026-09-03T15:52:01.513525
db1d4941-6418-45ba-9ff6-c4a0557f913c,f93c5b61-46df-44b0-a718-571307f2d308,795061e1-6f7c-4d90-a042-3f0f8849e2dd,PURCHASE,10.0,2026-09-03T15:52:01.513525
09b5c3b2-14dd-4020-aa72-c47d77a14c41,6d807f3a-a6f7-4bd1-9559-7d534e353dc6,119171e8-3049-4289-a1e6-20156e6d3e20,PURCHASE,10.0,2026-08-17T15:52:01.513525
462026d3-643d-4d15-878c-a5c8def4899b,6d807f3a-a6f7-4bd1-9559-7d534e353dc6,b99e1dae-48e4-4376-947d-936df1d7d3fd,PURCHASE,10.0,2026-08-17T15:52:01.513525
e01f3141-4581-4ae5-9d52-26f81164164d,6d807f3a-a6f7-4bd1-9559-7d534e353dc6,028a6f74-cbb2-4589-8fa2-ca3fba159ad4,PURCHASE,10.0,2026-08-17T15:52:01.513525
cef389b1-8139-4855-959f-4e146ce8471f,6d807f3a-a6f7-4bd1-9559-7d534e353dc6,028a6f74-cbb2-4589-8fa2-ca3fba159ad4,ADD_TO_CART,5.0,2026-08-17T15:52:01.513525
8371a53f-a91a-4c47-8f88-dcc1af19e7a7,6d807f3a-a6f7-4bd1-9559-7d534e353dc6,798ae4e6-fad9-4806-8971-c892a9483220,PURCHASE,10.0,2026-08-23T17:52:01.513525
b50a0f16-0960-4703-8aac-c22123e30cb2,6d807f3a-a6f7-4bd1-9559-7d534e353dc6,798ae4e6-fad9-4806-8971-c892a9483220,ADD_TO_CART,5.0,2026-08-23T17:52:01.513525
11368509-bf77-4720-a856-e2d02325aa42,6d807f3a-a6f7-4bd1-9559-7d534e353dc6,3a552307-6f65-4c3a-a54d-d271c022e93b,PURCHASE,10.0,2026-08-23T17:52:01.513525
8589ccb9-a504-4d18-8d66-f109f011315b,6d807f3a-a6f7-4bd1-9559-7d534e353dc6,3a552307-6f65-4c3a-a54d-d271c022e93b,ADD_TO_CART,5.0,2026-08-23T17:52:01.513525
4d8b0c6d-19ae-498d-97e5-f988259a99b2,6d807f3a-a6f7-4bd1-9559-7d534e353dc6,ee4ae226-aca3-4d7c-8291-771300058d27,PURCHASE,10.0,2026-08-23T17:52:01.513525
7e8193ec-caf4-48d0-8a86-7c511434e7bd,6d807f3a-a6f7-4bd1-9559-7d534e353dc6,4cc80ba9-1884-4b13-8df8-b093b3882660,PURCHASE,10.0,2026-08-23T17:52:01.513525
8b9f998a-08db-44b4-bc37-ef63a8f49221,6d807f3a-a6f7-4bd1-9559-7d534e353dc6,6d8943b9-0740-4df5-a7a1-5e1755570fc2,PURCHASE,10.0,2026-08-23T17:52:01.513525
c900a9d8-b309-4ae5-ad25-52dd62444878,6d807f3a-a6f7-4bd1-9559-7d534e353dc6,3a34d1a4-8f79-4d3b-8d81-bb5fd72a1b3a,PURCHASE,10.0,2026-08-23T17:52:01.513525
8ba38390-93cd-4f7d-8f3f-5ebfe2b652a9,6d807f3a-a6f7-4bd1-9559-7d534e353dc6,3a34d1a4-8f79-4d3b-8d81-bb5fd72a1b3a,ADD_TO_CART,5.0,2026-08-23T17:52:01.513525
1172fae0-d09a-41b6-b6bc-a3fb44dbba0f,6d807f3a-a6f7-4bd1-9559-7d534e353dc6,ee4ae226-aca3-4d7c-8291-771300058d27,PURCHASE,10.0,2026-09-05T21:52:01.514533
ef0f8b34-4bb7-4c67-9a84-4924e16df73d,6d807f3a-a6f7-4bd1-9559-7d534e353dc6,ee4ae226-aca3-4d7c-8291-771300058d27,ADD_TO_CART,5.0,2026-09-05T21:52:01.514533
dce3b01b-4eaa-43de-8b86-7b6c6ea130f7,6d807f3a-a6f7-4bd1-9559-7d534e353dc6,a25999f5-62a0-4f6a-9365-8884d42cb059,PURCHASE,10.0,2026-09-05T21:52:01.514533
fe2d0a68-5378-42bb-9388-de3230be9f1a,6d807f3a-a6f7-4bd1-9559-7d534e353dc6,a25999f5-62a0-4f6a-9365-8884d42cb059,ADD_TO_CART,5.0,2026-09-05T21:52:01.514533
126da128-403f-477d-b63e-edd9c466aec4,6d807f3a-a6f7-4bd1-9559-7d534e353dc6,86cea29e-ba3e-4d48-83e6-50fc57051a44,PURCHASE,10.0,2026-09-05T21:52:01.514533
9702f1ca-410e-4d50-b573-28b8b10ad038,6d807f3a-a6f7-4bd1-9559-7d534e353dc6,86cea29e-ba3e-4d48-83e6-50fc57051a44,ADD_TO_CART,5.0,2026-09-05T21:52:01.514533
7eaf30f2-9ce7-46e1-a337-5f23d929df5e,fae7e454-f146-44cd-a680-3dfc2879df45,73697b54-c6e2-44c9-8814-663dd2d9dba7,PURCHASE,10.0,2026-08-21T19:52:01.514533
3ae65888-6e6d-43f9-a297-a49c9312171c,fae7e454-f146-44cd-a680-3dfc2879df45,43feb303-a583-451a-bf7d-b766f4a40b12,PURCHASE,10.0,2026-08-21T19:52:01.514533
e8894a6d-bf93-4981-8798-e1e3b495ec1d,fae7e454-f146-44cd-a680-3dfc2879df45,2858bb15-902c-497e-a053-466c6becf391,PURCHASE,10.0,2026-08-21T19:52:01.514533
861697c6-ad4c-44ce-920a-79de284e9a18,fae7e454-f146-44cd-a680-3dfc2879df45,2858bb15-902c-497e-a053-466c6becf391,ADD_TO_CART,5.0,2026-08-21T19:52:01.514533
39f338fc-0f20-4d54-9c42-39b9e5072ca0,fae7e454-f146-44cd-a680-3dfc2879df45,9c21e0d1-367d-46e5-8ddf-c5c2e66c5178,PURCHASE,10.0,2026-08-21T19:52:01.514533
321b1f9d-5cf6-421b-a1b4-93bb95d8dfe3,fae7e454-f146-44cd-a680-3dfc2879df45,d74863d0-49fd-4224-a133-7612b158140e,PURCHASE,10.0,2026-08-21T19:52:01.514533
6a6697e3-63f6-4c01-903e-72e270b13888,fae7e454-f146-44cd-a680-3dfc2879df45,73697b54-c6e2-44c9-8814-663dd2d9dba7,PURCHASE,10.0,2026-08-29T14:52:01.514533
2a414afc-6254-4679-aa44-fbaf21f599b4,fae7e454-f146-44cd-a680-3dfc2879df45,5dab8803-0ab8-4447-a6f6-08365aa53ddb,PURCHASE,10.0,2026-08-29T14:52:01.514533
b06366b5-6ff3-4ac7-94d7-f81909fb8a94,fae7e454-f146-44cd-a680-3dfc2879df45,cabd7ff0-1bed-4ba5-bf93-93b2b0f3cc62,PURCHASE,10.0,2026-08-29T14:52:01.514533
fbbc4efa-e460-400e-a720-64d9bd510fe9,fae7e454-f146-44cd-a680-3dfc2879df45,431c6fc2-0f8a-4db6-ae8e-8a20bad8a86f,PURCHASE,10.0,2026-08-29T14:52:01.514533
40bf8bb0-f64f-4add-ac3e-2c14df249384,fae7e454-f146-44cd-a680-3dfc2879df45,73697b54-c6e2-44c9-8814-663dd2d9dba7,PURCHASE,10.0,2026-09-05T20:52:01.515556
f118a85a-e0c4-45cb-8551-c3e59f170f99,fae7e454-f146-44cd-a680-3dfc2879df45,f001e0a4-8020-4880-8626-0a0c1e822852,PURCHASE,10.0,2026-09-05T20:52:01.515556
b4560b56-0602-48d1-b75c-aa4d9f4448dc,fae7e454-f146-44cd-a680-3dfc2879df45,f001e0a4-8020-4880-8626-0a0c1e822852,ADD_TO_CART,5.0,2026-09-05T20:52:01.515556
f7c15933-a338-4493-b28c-df81cd9d51c1,fae7e454-f146-44cd-a680-3dfc2879df45,cb56deaa-8d41-4adc-8a3f-3bdf869aed1e,PURCHASE,10.0,2026-09-05T20:52:01.515556
764126d6-5c36-45d7-8fbd-61aa4a47cb86,fae7e454-f146-44cd-a680-3dfc2879df45,cb56deaa-8d41-4adc-8a3f-3bdf869aed1e,ADD_TO_CART,5.0,2026-09-05T20:52:01.515556
22414136-14ef-4c3e-b623-fefb4c663c2a,fae7e454-f146-44cd-a680-3dfc2879df45,32fc637e-f9fe-4fc6-9e2a-675ee8c4feee,PURCHASE,10.0,2026-09-05T20:52:01.515556
836987e3-3a7b-4ad4-8161-d3f639222eb0,4cd53847-8857-4983-ab6f-bbf44a1f863e,6ceef2d2-1469-48a0-9d65-3453b2d6099a,PURCHASE,10.0,2026-08-04T12:52:01.515556
67c1d8ed-c9a2-43e7-8fab-304fd2c6cf68,4cd53847-8857-4983-ab6f-bbf44a1f863e,cd421415-e774-4ace-b0dc-d63a85efee9b,PURCHASE,10.0,2026-08-04T12:52:01.515556
b8461c1a-b49b-4fc6-9b05-a2287dcc0bf9,4cd53847-8857-4983-ab6f-bbf44a1f863e,fbcb63ab-7591-4598-83a2-72cc2ef2c603,PURCHASE,10.0,2026-08-04T12:52:01.515556
8854a3f7-7638-4e7b-abbc-4e4075f67b92,4cd53847-8857-4983-ab6f-bbf44a1f863e,2948b4d3-301f-481d-8a28-8fbc91814afa,PURCHASE,10.0,2026-08-04T12:52:01.515556
664512c2-ae11-4ac7-8935-29401ef730a0,4cd53847-8857-4983-ab6f-bbf44a1f863e,6ceef2d2-1469-48a0-9d65-3453b2d6099a,PURCHASE,10.0,2026-08-11T12:52:01.516302
ebb6d3f9-1ba5-4102-bbe0-4714ba604610,4cd53847-8857-4983-ab6f-bbf44a1f863e,aae46e83-5eca-4bae-83be-d1af00c5cdc0,PURCHASE,10.0,2026-08-11T12:52:01.516302
1bca3195-4914-4d4a-9635-a56b6902cb90,4cd53847-8857-4983-ab6f-bbf44a1f863e,e7185a39-0261-4ed3-8614-036ab8432fa2,PURCHASE,10.0,2026-08-11T12:52:01.516302
6caf9bdd-1cf2-4c84-a807-cb44ed6b544b,4cd53847-8857-4983-ab6f-bbf44a1f863e,4ac755cc-3384-4c38-89bd-810d4afee67e,PURCHASE,10.0,2026-08-11T12:52:01.516302
3ca6c453-bf39-4c21-8367-f79b2dd3c743,4cd53847-8857-4983-ab6f-bbf44a1f863e,f5ecb502-edeb-4f3d-9b76-0d53f2ba0bcf,PURCHASE,10.0,2026-08-15T21:52:01.516302
56f34026-92a4-4317-9993-ece8a66bdd67,4cd53847-8857-4983-ab6f-bbf44a1f863e,cd421415-e774-4ace-b0dc-d63a85efee9b,PURCHASE,10.0,2026-08-15T21:52:01.516302
5756d004-0ea3-4cc4-b8b6-5230965b2c7c,4cd53847-8857-4983-ab6f-bbf44a1f863e,fbcb63ab-7591-4598-83a2-72cc2ef2c603,PURCHASE,10.0,2026-08-15T21:52:01.516302
d1d7edbc-2b19-494a-9034-80aed3145de5,4cd53847-8857-4983-ab6f-bbf44a1f863e,c2e712d4-fa5d-4331-96a6-e1b4233c081b,PURCHASE,10.0,2026-08-15T21:52:01.516302
287379b1-cd48-4182-93a2-aba1df87ed03,4cd53847-8857-4983-ab6f-bbf44a1f863e,6ceef2d2-1469-48a0-9d65-3453b2d6099a,PURCHASE,10.0,2026-08-18T12:52:01.516302
9758edaf-fb30-4bc2-850b-1b7af4651d62,4cd53847-8857-4983-ab6f-bbf44a1f863e,cd421415-e774-4ace-b0dc-d63a85efee9b,PURCHASE,10.0,2026-08-18T12:52:01.516302
c1ce96ba-a552-4464-9501-e7c7cb68e461,4cd53847-8857-4983-ab6f-bbf44a1f863e,cd421415-e774-4ace-b0dc-d63a85efee9b,ADD_TO_CART,5.0,2026-08-18T12:52:01.516302
4e32e0f1-4155-494d-a806-21f3c74e38ca,4cd53847-8857-4983-ab6f-bbf44a1f863e,ca810efa-f2ec-4c94-85c8-746258ad8064,PURCHASE,10.0,2026-08-18T12:52:01.516302
7cd0c50f-79c4-4237-9780-0a802b4c1bf8,4cd53847-8857-4983-ab6f-bbf44a1f863e,6ceef2d2-1469-48a0-9d65-3453b2d6099a,PURCHASE,10.0,2026-09-01T17:52:01.516302
ac5585c7-6644-4211-a911-394c339d8bf6,4cd53847-8857-4983-ab6f-bbf44a1f863e,6ceef2d2-1469-48a0-9d65-3453b2d6099a,ADD_TO_CART,5.0,2026-09-01T17:52:01.516302
59f001b4-ac2e-48fb-9a80-50f3502110f2,4cd53847-8857-4983-ab6f-bbf44a1f863e,cd421415-e774-4ace-b0dc-d63a85efee9b,PURCHASE,10.0,2026-09-01T17:52:01.516302
5500de06-8247-4583-902f-d7faae2b0309,4cd53847-8857-4983-ab6f-bbf44a1f863e,cd421415-e774-4ace-b0dc-d63a85efee9b,ADD_TO_CART,5.0,2026-09-01T17:52:01.516302
b9ccdfd8-5124-46c3-ba46-e640e6103780,4cd53847-8857-4983-ab6f-bbf44a1f863e,e9fb161f-634a-44fb-9050-efc22a610c33,PURCHASE,10.0,2026-09-01T17:52:01.516302
d5af9a15-a1c7-4d55-aadb-a75bb59ebbcb,4cd53847-8857-4983-ab6f-bbf44a1f863e,e9fb161f-634a-44fb-9050-efc22a610c33,ADD_TO_CART,5.0,2026-09-01T17:52:01.516302
250da1bf-c1e0-4121-a332-a8a228641be5,4cd53847-8857-4983-ab6f-bbf44a1f863e,c2e712d4-fa5d-4331-96a6-e1b4233c081b,PURCHASE,10.0,2026-09-01T17:52:01.516302
197d7961-0a01-48c6-96cc-11860b78b084,4cd53847-8857-4983-ab6f-bbf44a1f863e,c2e712d4-fa5d-4331-96a6-e1b4233c081b,ADD_TO_CART,5.0,2026-09-01T17:52:01.516302
672e433e-05d1-43a8-9261-5c58245782e3,4cd53847-8857-4983-ab6f-bbf44a1f863e,6ceef2d2-1469-48a0-9d65-3453b2d6099a,PURCHASE,10.0,2026-09-03T16:52:01.517019
a1dc2e91-051f-4f44-a766-9e2f401c9bb6,4cd53847-8857-4983-ab6f-bbf44a1f863e,6ceef2d2-1469-48a0-9d65-3453b2d6099a,ADD_TO_CART,5.0,2026-09-03T16:52:01.517019
fe257367-c6f3-4c53-9e34-66b3976066bd,4cd53847-8857-4983-ab6f-bbf44a1f863e,cd421415-e774-4ace-b0dc-d63a85efee9b,PURCHASE,10.0,2026-09-03T16:52:01.517019
79424cc3-34bc-490b-a8b9-4e472710edf8,4cd53847-8857-4983-ab6f-bbf44a1f863e,2cc864b2-ffcd-4cd9-96ea-35cc70b7f01e,PURCHASE,10.0,2026-09-03T16:52:01.517019
7784c2c4-22a2-49ac-abd6-06ebda432e8a,4cd53847-8857-4983-ab6f-bbf44a1f863e,9c684ad3-ee07-4119-a505-2110e78a5f34,PURCHASE,10.0,2026-09-03T16:52:01.517019
a2883f16-722c-4708-8544-094d149603e6,4cd53847-8857-4983-ab6f-bbf44a1f863e,9c684ad3-ee07-4119-a505-2110e78a5f34,ADD_TO_CART,5.0,2026-09-03T16:52:01.517019
13204972-58b4-4332-873b-2f3544a4f044,8e5d4ae9-8fb2-45af-aae1-40e41e752b6e,48c05eff-6a2c-4517-9f87-23a6d289b906,PURCHASE,10.0,2026-08-10T15:52:01.517019
8a2f1107-3352-4b63-aac0-6c6a5bc66955,8e5d4ae9-8fb2-45af-aae1-40e41e752b6e,48c05eff-6a2c-4517-9f87-23a6d289b906,ADD_TO_CART,5.0,2026-08-10T15:52:01.517019
981320be-18d9-4b13-9a9d-3b13cecf76e3,8e5d4ae9-8fb2-45af-aae1-40e41e752b6e,ff6ed914-1af0-4743-a219-3c47dd0455f8,PURCHASE,10.0,2026-08-10T15:52:01.517019
5adf7153-f5c6-46f9-b9da-85bc6bd5a989,8e5d4ae9-8fb2-45af-aae1-40e41e752b6e,36ac1cb7-c55e-46e9-bdbf-67db44692a6b,PURCHASE,10.0,2026-08-10T15:52:01.517019
7d6b31cd-1731-44dd-98d5-0dbad1f2a354,8e5d4ae9-8fb2-45af-aae1-40e41e752b6e,9c21e0d1-367d-46e5-8ddf-c5c2e66c5178,PURCHASE,10.0,2026-08-10T15:52:01.517019
8ce0dc8f-f000-4ed5-8243-82e7d8651427,8e5d4ae9-8fb2-45af-aae1-40e41e752b6e,6e1f18a9-7abb-46a0-81bd-8f86711777f3,PURCHASE,10.0,2026-08-06T20:52:01.517019
cb472079-51e6-451f-9941-ba01741b6331,8e5d4ae9-8fb2-45af-aae1-40e41e752b6e,6e1f18a9-7abb-46a0-81bd-8f86711777f3,ADD_TO_CART,5.0,2026-08-06T20:52:01.517019
3f191755-90d9-44af-824f-fc8833ea9d91,8e5d4ae9-8fb2-45af-aae1-40e41e752b6e,ff6ed914-1af0-4743-a219-3c47dd0455f8,PURCHASE,10.0,2026-08-06T20:52:01.517019
c7059807-19e1-457a-81e5-c0395cd377be,8e5d4ae9-8fb2-45af-aae1-40e41e752b6e,36ac1cb7-c55e-46e9-bdbf-67db44692a6b,PURCHASE,10.0,2026-08-06T20:52:01.517019
09b5cc52-298a-488f-840d-864bd26d7615,8e5d4ae9-8fb2-45af-aae1-40e41e752b6e,36ac1cb7-c55e-46e9-bdbf-67db44692a6b,ADD_TO_CART,5.0,2026-08-06T20:52:01.517019
3e87a6f7-8e1d-49c3-8ea6-13fe07d55670,8e5d4ae9-8fb2-45af-aae1-40e41e752b6e,6cdd3db3-dda7-490b-a0bf-c17e5da99590,PURCHASE,10.0,2026-08-06T20:52:01.517019
ecd8b648-174c-4bc9-a2fc-b83ffd44e376,8e5d4ae9-8fb2-45af-aae1-40e41e752b6e,48c05eff-6a2c-4517-9f87-23a6d289b906,PURCHASE,10.0,2026-08-17T15:52:01.518059
d9ad30bd-cff1-439d-b233-55f1591e3ebb,8e5d4ae9-8fb2-45af-aae1-40e41e752b6e,ff6ed914-1af0-4743-a219-3c47dd0455f8,PURCHASE,10.0,2026-08-17T15:52:01.518059
02980b80-ea02-4bb8-9266-5e197ae1f14c,8e5d4ae9-8fb2-45af-aae1-40e41e752b6e,ff6ed914-1af0-4743-a219-3c47dd0455f8,ADD_TO_CART,5.0,2026-08-17T15:52:01.518059
007c9617-eff0-4e93-96a7-4ef2e7ff143b,8e5d4ae9-8fb2-45af-aae1-40e41e752b6e,36ac1cb7-c55e-46e9-bdbf-67db44692a6b,PURCHASE,10.0,2026-08-17T15:52:01.518059
385b6dbc-a97b-4a23-bcb3-9c67daccd3f3,8e5d4ae9-8fb2-45af-aae1-40e41e752b6e,3d9f95b7-246a-4a03-b972-3edf5dc69656,PURCHASE,10.0,2026-08-17T15:52:01.518059
e0059a65-e68f-405f-bd23-7edc2bb61d8e,8e5d4ae9-8fb2-45af-aae1-40e41e752b6e,48c05eff-6a2c-4517-9f87-23a6d289b906,PURCHASE,10.0,2026-08-25T15:52:01.518059
10f3c87f-a69f-4afa-b2b5-0f8de20272be,8e5d4ae9-8fb2-45af-aae1-40e41e752b6e,48c05eff-6a2c-4517-9f87-23a6d289b906,ADD_TO_CART,5.0,2026-08-25T15:52:01.518059
a55e5d03-18ac-4c81-9941-c74801ecdb41,8e5d4ae9-8fb2-45af-aae1-40e41e752b6e,ff6ed914-1af0-4743-a219-3c47dd0455f8,PURCHASE,10.0,2026-08-25T15:52:01.518059
561f2f1d-4504-460e-aaeb-3b610cd4b61c,8e5d4ae9-8fb2-45af-aae1-40e41e752b6e,0edf81e8-0f9f-40e2-bfe7-e4b020cccfd2,PURCHASE,10.0,2026-08-25T15:52:01.518059
c63c84f1-7c91-4252-8e14-83f0af789d0e,8e5d4ae9-8fb2-45af-aae1-40e41e752b6e,0edf81e8-0f9f-40e2-bfe7-e4b020cccfd2,ADD_TO_CART,5.0,2026-08-25T15:52:01.518059
4e03d9e9-169a-40c1-ae5f-32979afa6ad1,8e5d4ae9-8fb2-45af-aae1-40e41e752b6e,037383ef-6b0c-4d21-91c9-e5c324305667,PURCHASE,10.0,2026-08-25T15:52:01.518059
68065e74-c51e-4807-b10b-79a38160cb43,8e5d4ae9-8fb2-45af-aae1-40e41e752b6e,3d9f95b7-246a-4a03-b972-3edf5dc69656,PURCHASE,10.0,2026-08-25T15:52:01.518059
ccaeb5dd-3e98-4647-bc1c-d85c42ee648e,8e5d4ae9-8fb2-45af-aae1-40e41e752b6e,3d9f95b7-246a-4a03-b972-3edf5dc69656,ADD_TO_CART,5.0,2026-08-25T15:52:01.518059
778230f4-7bfa-40f0-852c-430f1f32324a,8e5d4ae9-8fb2-45af-aae1-40e41e752b6e,48c05eff-6a2c-4517-9f87-23a6d289b906,PURCHASE,10.0,2026-08-25T16:52:01.520084
73561734-c883-42e5-be2a-525f045938a6,8e5d4ae9-8fb2-45af-aae1-40e41e752b6e,ff6ed914-1af0-4743-a219-3c47dd0455f8,PURCHASE,10.0,2026-08-25T16:52:01.520084
039c88c2-18cf-4218-b08e-43eee2232641,8e5d4ae9-8fb2-45af-aae1-40e41e752b6e,ff6ed914-1af0-4743-a219-3c47dd0455f8,ADD_TO_CART,5.0,2026-08-25T16:52:01.520084
ad3187c2-cd35-4c29-8063-cfa4a6d61866,8e5d4ae9-8fb2-45af-aae1-40e41e752b6e,36ac1cb7-c55e-46e9-bdbf-67db44692a6b,PURCHASE,10.0,2026-08-25T16:52:01.520084
aff0cb8c-3fea-4357-b1ed-5f592162bf6f,8e5d4ae9-8fb2-45af-aae1-40e41e752b6e,9e62c28d-8fc0-432a-b85d-e57755b7a392,PURCHASE,10.0,2026-08-25T16:52:01.520084
3c9619c9-846e-4c40-937d-ebdd781b21c0,8e5d4ae9-8fb2-45af-aae1-40e41e752b6e,5638747c-cb25-4b64-9d98-851c2db06d60,PURCHASE,10.0,2026-09-03T14:52:01.520084
a5f0a28e-8a69-4dd7-9a10-3cca3ad9ac17,8e5d4ae9-8fb2-45af-aae1-40e41e752b6e,5638747c-cb25-4b64-9d98-851c2db06d60,ADD_TO_CART,5.0,2026-09-03T14:52:01.520084
d043a801-7a97-4ba2-bd4b-e3587ca5b11f,8e5d4ae9-8fb2-45af-aae1-40e41e752b6e,ff6ed914-1af0-4743-a219-3c47dd0455f8,PURCHASE,10.0,2026-09-03T14:52:01.520084
cecca9f2-6d05-4601-b9aa-830118c9e6f6,8e5d4ae9-8fb2-45af-aae1-40e41e752b6e,ff6ed914-1af0-4743-a219-3c47dd0455f8,ADD_TO_CART,5.0,2026-09-03T14:52:01.520084
519ed59e-5bff-4be7-aed6-ae1cdc2290ea,8e5d4ae9-8fb2-45af-aae1-40e41e752b6e,70e90051-397e-40bf-833c-120d977f7445,PURCHASE,10.0,2026-09-03T14:52:01.520084
2005d43a-c3d4-48f4-a4bc-d3e7a646511a,8e5d4ae9-8fb2-45af-aae1-40e41e752b6e,0de12161-675e-4cbb-96b4-0107237dd341,PURCHASE,10.0,2026-09-03T14:52:01.520084
5f4e8be7-cc0f-486a-83c8-2f6201399832,8e5d4ae9-8fb2-45af-aae1-40e41e752b6e,0de12161-675e-4cbb-96b4-0107237dd341,ADD_TO_CART,5.0,2026-09-03T14:52:01.520084
02a59742-589f-4d5f-8201-3f79a937159b,919278a5-6e46-4b47-9a6b-d4022e747c9f,c72fff1a-1cca-48c8-8569-0e230d5647fd,PURCHASE,10.0,2026-08-24T12:52:01.522123
f55a64e3-6820-4e4d-a75f-b1f00c01565b,919278a5-6e46-4b47-9a6b-d4022e747c9f,4cc80ba9-1884-4b13-8df8-b093b3882660,PURCHASE,10.0,2026-08-24T12:52:01.522123
0306020f-455c-42b5-bd03-930c3ba31dae,919278a5-6e46-4b47-9a6b-d4022e747c9f,4049d501-b0c1-4269-9ebe-1b50c2150384,PURCHASE,10.0,2026-08-24T12:52:01.522123
7f3dc752-8bd4-427d-a612-1b71a08562b3,919278a5-6e46-4b47-9a6b-d4022e747c9f,4049d501-b0c1-4269-9ebe-1b50c2150384,ADD_TO_CART,5.0,2026-08-24T12:52:01.522123
1b387b80-5a0c-459c-83bf-f1cd28c07039,919278a5-6e46-4b47-9a6b-d4022e747c9f,4985cb8a-2526-4b48-9622-96507fd818ac,PURCHASE,10.0,2026-08-24T12:52:01.522123
ce48f168-bf34-469f-9179-8ed8e8e9bf40,919278a5-6e46-4b47-9a6b-d4022e747c9f,0c04e9e0-bb76-47a7-a14d-f2eff4f256d8,PURCHASE,10.0,2026-08-26T13:52:01.522123
afa570b4-4892-4455-a3e8-67a6952338f1,919278a5-6e46-4b47-9a6b-d4022e747c9f,f725f521-e54b-4b98-bef4-b645547b1610,PURCHASE,10.0,2026-08-26T13:52:01.522123
288abcd3-03df-4563-90f2-ebf96de6c771,919278a5-6e46-4b47-9a6b-d4022e747c9f,f725f521-e54b-4b98-bef4-b645547b1610,ADD_TO_CART,5.0,2026-08-26T13:52:01.522123
97063013-235a-403a-86d0-fca058e37f7c,919278a5-6e46-4b47-9a6b-d4022e747c9f,9f51b935-07d8-4b4c-8d00-113810aa5770,PURCHASE,10.0,2026-08-26T13:52:01.522123
e39b4ba9-4f22-487f-8f76-d919d7e45e26,919278a5-6e46-4b47-9a6b-d4022e747c9f,9f51b935-07d8-4b4c-8d00-113810aa5770,ADD_TO_CART,5.0,2026-08-26T13:52:01.522123
3322d39f-1b3d-4103-b3d4-73c21adf9cf0,919278a5-6e46-4b47-9a6b-d4022e747c9f,cc42fd2a-523e-4640-b4b1-35a7abc2ad6e,PURCHASE,10.0,2026-08-26T13:52:01.522123
f45e376c-a23f-4422-8875-37097f65659e,919278a5-6e46-4b47-9a6b-d4022e747c9f,9d200418-2fc9-4275-afd3-387660366ffb,PURCHASE,10.0,2026-09-03T21:52:01.523116
62c8f092-aec5-43c9-ae0d-8d086b9547b8,919278a5-6e46-4b47-9a6b-d4022e747c9f,15e9cdb5-ab3a-4a67-b1e4-e8a4e2469815,PURCHASE,10.0,2026-09-03T21:52:01.523116
49d87687-0df2-4a83-9f87-12e4db459e04,919278a5-6e46-4b47-9a6b-d4022e747c9f,88dc8654-525d-4e13-a1c5-26c467b71fdf,PURCHASE,10.0,2026-09-03T21:52:01.523116
4312f063-bf22-4b56-991d-6bfa9deec0b7,919278a5-6e46-4b47-9a6b-d4022e747c9f,1b3c4a8b-db3c-47a0-bf6c-b07e358e035a,PURCHASE,10.0,2026-09-03T21:52:01.523116
f4dce402-6516-4665-971b-7ef89ecdaf74,919278a5-6e46-4b47-9a6b-d4022e747c9f,1b3c4a8b-db3c-47a0-bf6c-b07e358e035a,ADD_TO_CART,5.0,2026-09-03T21:52:01.523116
5213da75-46e2-4706-a8ce-5a60dfb21d87,2452f2d6-197b-45dd-ab0a-992a1ab8cccf,c8ab7e01-9ce6-44bf-9bcc-a325e05802a4,PURCHASE,10.0,2026-08-23T14:52:01.523116
b2b64313-c57f-451d-9718-d8582e56a1e4,2452f2d6-197b-45dd-ab0a-992a1ab8cccf,ada3490e-9d0d-41c5-b8f6-ee36f232a592,PURCHASE,10.0,2026-08-23T14:52:01.523116
71cd348b-5090-4b4c-aa84-f55e47bdf450,2452f2d6-197b-45dd-ab0a-992a1ab8cccf,ada3490e-9d0d-41c5-b8f6-ee36f232a592,ADD_TO_CART,5.0,2026-08-23T14:52:01.523116
6febbff5-2a1f-4ce2-bc4e-bfe661100e02,2452f2d6-197b-45dd-ab0a-992a1ab8cccf,9fde5f92-80d6-4098-9f79-62288afa3012,PURCHASE,10.0,2026-08-23T14:52:01.523116
5cd2be53-b6db-429e-9760-0d52628e606a,2452f2d6-197b-45dd-ab0a-992a1ab8cccf,c50ff350-8d5c-44a4-b91f-08c8a0a5c99f,PURCHASE,10.0,2026-08-23T14:52:01.523116
61c82acb-7531-4a28-9e9c-a38ade799ed4,2452f2d6-197b-45dd-ab0a-992a1ab8cccf,c8ab7e01-9ce6-44bf-9bcc-a325e05802a4,PURCHASE,10.0,2026-08-29T12:52:01.523116
a28ab90a-f6d7-421a-bb8b-7e6b597fc75d,2452f2d6-197b-45dd-ab0a-992a1ab8cccf,c8ab7e01-9ce6-44bf-9bcc-a325e05802a4,ADD_TO_CART,5.0,2026-08-29T12:52:01.523116
3860dc01-bdf6-462a-a5e5-2646371cdb6f,2452f2d6-197b-45dd-ab0a-992a1ab8cccf,ada3490e-9d0d-41c5-b8f6-ee36f232a592,PURCHASE,10.0,2026-08-29T12:52:01.523116
0bce6867-70bf-4159-ae80-bc10e1d9fde3,2452f2d6-197b-45dd-ab0a-992a1ab8cccf,10a2f7b5-2629-4dff-b0d1-9d3c4c954908,PURCHASE,10.0,2026-08-29T12:52:01.523116
cfed5079-bf29-42bc-ace3-96ae5f323323,2452f2d6-197b-45dd-ab0a-992a1ab8cccf,10a2f7b5-2629-4dff-b0d1-9d3c4c954908,ADD_TO_CART,5.0,2026-08-29T12:52:01.523116
980ef374-84f4-4a2a-a224-c8b596b12107,2452f2d6-197b-45dd-ab0a-992a1ab8cccf,25f04353-3717-43fc-8cda-10082eb64989,PURCHASE,10.0,2026-08-29T12:52:01.523116
8098c618-73b4-4753-a0eb-0532c8a23629,2452f2d6-197b-45dd-ab0a-992a1ab8cccf,c50ff350-8d5c-44a4-b91f-08c8a0a5c99f,PURCHASE,10.0,2026-08-29T12:52:01.523116
67f775f4-0148-4723-8113-bd27cbdeb14e,2452f2d6-197b-45dd-ab0a-992a1ab8cccf,c50ff350-8d5c-44a4-b91f-08c8a0a5c99f,ADD_TO_CART,5.0,2026-08-29T12:52:01.523116
7dd59624-009c-4489-b5ec-a2d035c3dc4d,2452f2d6-197b-45dd-ab0a-992a1ab8cccf,1b3c4a8b-db3c-47a0-bf6c-b07e358e035a,PURCHASE,10.0,2026-08-29T12:52:01.523116
38fbfda0-632a-432c-a7f2-e45b55f50a3a,2452f2d6-197b-45dd-ab0a-992a1ab8cccf,1b3c4a8b-db3c-47a0-bf6c-b07e358e035a,ADD_TO_CART,5.0,2026-08-29T12:52:01.523116
39f96520-5f93-4f89-a089-44b4eafdbe56,2452f2d6-197b-45dd-ab0a-992a1ab8cccf,c8ab7e01-9ce6-44bf-9bcc-a325e05802a4,PURCHASE,10.0,2026-08-31T19:52:01.523849
eb541e5f-c4d3-4333-b201-7ca151765924,2452f2d6-197b-45dd-ab0a-992a1ab8cccf,c8ab7e01-9ce6-44bf-9bcc-a325e05802a4,ADD_TO_CART,5.0,2026-08-31T19:52:01.523849
89c1d2d3-4090-4ff2-97ef-d7dfb0a6e3e5,2452f2d6-197b-45dd-ab0a-992a1ab8cccf,3a552307-6f65-4c3a-a54d-d271c022e93b,PURCHASE,10.0,2026-08-31T19:52:01.523849
625bc0cc-4caf-4f03-b43b-705cc311f527,2452f2d6-197b-45dd-ab0a-992a1ab8cccf,3a552307-6f65-4c3a-a54d-d271c022e93b,ADD_TO_CART,5.0,2026-08-31T19:52:01.523849
107b6b8d-fb2c-4b13-8ac6-5c7c7becc309,2452f2d6-197b-45dd-ab0a-992a1ab8cccf,dc34e374-8390-4aec-9210-3712476ff78f,PURCHASE,10.0,2026-08-31T19:52:01.523849
83855b0f-cec9-49ce-8b06-a9eae704a61d,2452f2d6-197b-45dd-ab0a-992a1ab8cccf,dc34e374-8390-4aec-9210-3712476ff78f,ADD_TO_CART,5.0,2026-08-31T19:52:01.523849
ab470c56-2d07-4bda-8f03-d4b5be5f1d72,2452f2d6-197b-45dd-ab0a-992a1ab8cccf,28e011b1-cf12-42d0-8034-c80656e0c0d5,PURCHASE,10.0,2026-08-31T19:52:01.523849
137af356-5bc9-419e-af0c-9c7200414316,2452f2d6-197b-45dd-ab0a-992a1ab8cccf,c50ff350-8d5c-44a4-b91f-08c8a0a5c99f,PURCHASE,10.0,2026-08-31T19:52:01.523849
fe62ff18-7d38-40ef-8939-dee45d69caaa,2452f2d6-197b-45dd-ab0a-992a1ab8cccf,c50ff350-8d5c-44a4-b91f-08c8a0a5c99f,ADD_TO_CART,5.0,2026-08-31T19:52:01.523849
f0cbb998-f4c0-4ac2-a34c-216d3fb16bfb,3e64ba62-388a-44c4-9030-88a74444d90a,af72cf78-266e-4f86-a454-6c44b31ab17c,PURCHASE,10.0,2026-08-27T17:52:01.524356
0d58775f-e13f-417c-895c-cf470caf9d96,3e64ba62-388a-44c4-9030-88a74444d90a,af72cf78-266e-4f86-a454-6c44b31ab17c,ADD_TO_CART,5.0,2026-08-27T17:52:01.524356
46327a63-a8f3-4d39-88c1-58b8d3177b3e,3e64ba62-388a-44c4-9030-88a74444d90a,ff6ed914-1af0-4743-a219-3c47dd0455f8,PURCHASE,10.0,2026-08-27T17:52:01.524356
0ea4c9f5-923d-4cd5-a76b-32d341eb3ed8,3e64ba62-388a-44c4-9030-88a74444d90a,48c05eff-6a2c-4517-9f87-23a6d289b906,PURCHASE,10.0,2026-08-27T17:52:01.524356
7bacef40-58c3-443e-be57-968101addbc6,3e64ba62-388a-44c4-9030-88a74444d90a,ffb35857-5a01-4e4d-b7f3-e4dba8ebcf4b,PURCHASE,10.0,2026-08-27T17:52:01.524356
0313201e-1471-480b-985e-37eca82b3544,3e64ba62-388a-44c4-9030-88a74444d90a,ffb35857-5a01-4e4d-b7f3-e4dba8ebcf4b,ADD_TO_CART,5.0,2026-08-27T17:52:01.524356
47b6c183-b500-49b0-9cd2-4c3c5fa7d729,3e64ba62-388a-44c4-9030-88a74444d90a,fae9ed8b-df33-4c78-bb32-8de8a0abed79,PURCHASE,10.0,2026-08-27T17:52:01.524356
eebd8a1d-80f1-475d-a30a-cc6f221b4b0c,3e64ba62-388a-44c4-9030-88a74444d90a,48c05eff-6a2c-4517-9f87-23a6d289b906,PURCHASE,10.0,2026-08-30T19:52:01.524356
7b781289-68f5-4d3b-8425-02a98a7855e6,3e64ba62-388a-44c4-9030-88a74444d90a,48c05eff-6a2c-4517-9f87-23a6d289b906,ADD_TO_CART,5.0,2026-08-30T19:52:01.524356
7cfb918a-7ede-485b-9006-dcd4877d5f5c,3e64ba62-388a-44c4-9030-88a74444d90a,6d17c338-b0f2-4dbf-b830-b69f9ee86bc7,PURCHASE,10.0,2026-08-30T19:52:01.524356
5de91c21-1664-4d58-84c7-54539ad880ee,3e64ba62-388a-44c4-9030-88a74444d90a,6d17c338-b0f2-4dbf-b830-b69f9ee86bc7,ADD_TO_CART,5.0,2026-08-30T19:52:01.524356
8262fe6c-ca74-4a8c-9e51-c67f30867c65,3e64ba62-388a-44c4-9030-88a74444d90a,ffb35857-5a01-4e4d-b7f3-e4dba8ebcf4b,PURCHASE,10.0,2026-08-30T19:52:01.524356
5173d3e8-ed8a-4bc5-9431-e2a872fd76e7,3e64ba62-388a-44c4-9030-88a74444d90a,fbcb63ab-7591-4598-83a2-72cc2ef2c603,PURCHASE,10.0,2026-09-03T15:52:01.524356
57a0cfb3-0ae2-4a24-818e-abe87d2469a7,3e64ba62-388a-44c4-9030-88a74444d90a,ff6ed914-1af0-4743-a219-3c47dd0455f8,PURCHASE,10.0,2026-09-03T15:52:01.524356
44b86865-7370-4ca7-8969-255beafb3ebe,3e64ba62-388a-44c4-9030-88a74444d90a,48c05eff-6a2c-4517-9f87-23a6d289b906,PURCHASE,10.0,2026-09-03T15:52:01.524356
dcc7feb1-33d9-4556-a748-d84ca66d5dbc,3e64ba62-388a-44c4-9030-88a74444d90a,48c05eff-6a2c-4517-9f87-23a6d289b906,ADD_TO_CART,5.0,2026-09-03T15:52:01.524356
db8c2206-820a-4c44-9007-bb48b9c5e70b,3e64ba62-388a-44c4-9030-88a74444d90a,ffb35857-5a01-4e4d-b7f3-e4dba8ebcf4b,PURCHASE,10.0,2026-09-03T15:52:01.524356
a650f40d-35a9-4c57-993d-a802e27e2537,3e64ba62-388a-44c4-9030-88a74444d90a,5047cd9e-3e7c-4353-9a40-985fe62f9d23,PURCHASE,10.0,2026-09-03T15:52:01.524356
eb1d103c-b563-4013-905e-0921fd9d388f,3e64ba62-388a-44c4-9030-88a74444d90a,5047cd9e-3e7c-4353-9a40-985fe62f9d23,ADD_TO_CART,5.0,2026-09-03T15:52:01.524356
05b75177-1279-47a7-a6ad-b6eb8773146b,47627f78-25a8-49b8-baed-67cc7cb51cc3,d58dced7-cfe0-4214-b87d-2cfb44f0ad65,PURCHASE,10.0,2026-07-30T18:52:01.524356
9fddbcaf-b6cc-43aa-9796-dfe56848498b,47627f78-25a8-49b8-baed-67cc7cb51cc3,d58dced7-cfe0-4214-b87d-2cfb44f0ad65,ADD_TO_CART,5.0,2026-07-30T18:52:01.524356
865ef5fe-320e-4352-b856-5c0f5ff85276,47627f78-25a8-49b8-baed-67cc7cb51cc3,84880841-242e-47ad-b889-243a3d69f06a,PURCHASE,10.0,2026-07-30T18:52:01.524356
c13eaee9-6429-4519-9969-0128ca42e31c,47627f78-25a8-49b8-baed-67cc7cb51cc3,84880841-242e-47ad-b889-243a3d69f06a,ADD_TO_CART,5.0,2026-07-30T18:52:01.524356
de99952c-a554-42a8-bfd9-d5d300971099,47627f78-25a8-49b8-baed-67cc7cb51cc3,93972ebd-a548-446c-a61e-54abc0d9eb7a,PURCHASE,10.0,2026-07-30T18:52:01.524356
08549b5c-00e5-4ef7-b1ea-2a48f67ae1ea,47627f78-25a8-49b8-baed-67cc7cb51cc3,0edf81e8-0f9f-40e2-bfe7-e4b020cccfd2,PURCHASE,10.0,2026-08-17T18:52:01.524356
9be63e4c-2a3d-4211-b792-72db5d245ddd,47627f78-25a8-49b8-baed-67cc7cb51cc3,0edf81e8-0f9f-40e2-bfe7-e4b020cccfd2,ADD_TO_CART,5.0,2026-08-17T18:52:01.524356
853b24c9-ebe2-4660-ab2e-8ee7a477f3e9,47627f78-25a8-49b8-baed-67cc7cb51cc3,cdbbec30-7793-4d61-884e-57040023b974,PURCHASE,10.0,2026-08-17T18:52:01.524356
6c770ef7-4249-46dd-b598-3f5a0f10f371,47627f78-25a8-49b8-baed-67cc7cb51cc3,cdbbec30-7793-4d61-884e-57040023b974,ADD_TO_CART,5.0,2026-08-17T18:52:01.524356
4dbed351-b4a9-464a-8680-527d4b4698b3,47627f78-25a8-49b8-baed-67cc7cb51cc3,1fb51520-9238-438a-b8e4-17a7803354a7,PURCHASE,10.0,2026-08-17T18:52:01.524356
d2e8a535-04d2-445b-b5c7-1b1f7e19c0b7,47627f78-25a8-49b8-baed-67cc7cb51cc3,7b4b3a0e-209c-4217-9a40-96053b050f60,PURCHASE,10.0,2026-08-17T18:52:01.524356
894a127e-3da9-47b9-a5ab-de28619193b0,47627f78-25a8-49b8-baed-67cc7cb51cc3,7b4b3a0e-209c-4217-9a40-96053b050f60,ADD_TO_CART,5.0,2026-08-17T18:52:01.524356
115a4702-41fb-4ee9-ad23-3d30fe7d17e5,47627f78-25a8-49b8-baed-67cc7cb51cc3,9c684ad3-ee07-4119-a505-2110e78a5f34,PURCHASE,10.0,2026-08-17T18:52:01.524356
35ef591a-ad8c-4b09-906a-8287198d1162,47627f78-25a8-49b8-baed-67cc7cb51cc3,9c684ad3-ee07-4119-a505-2110e78a5f34,ADD_TO_CART,5.0,2026-08-17T18:52:01.524356
9f3c3601-0d9c-411a-a1b9-eb397522ea05,47627f78-25a8-49b8-baed-67cc7cb51cc3,88dc8654-525d-4e13-a1c5-26c467b71fdf,PURCHASE,10.0,2026-08-08T12:52:01.525380
2e11d3c7-4316-4700-94a9-d820ed4da681,47627f78-25a8-49b8-baed-67cc7cb51cc3,88dc8654-525d-4e13-a1c5-26c467b71fdf,ADD_TO_CART,5.0,2026-08-08T12:52:01.525380
e047d6b5-8366-4afc-9a17-12ca7710f3d8,47627f78-25a8-49b8-baed-67cc7cb51cc3,265e1ca7-c45b-473b-b818-6c1e60c08a99,PURCHASE,10.0,2026-08-08T12:52:01.525380
2048dde1-c1a1-452b-95d4-f8b4543e1228,47627f78-25a8-49b8-baed-67cc7cb51cc3,38725919-c9be-41de-a4ce-7ca2b20d2220,PURCHASE,10.0,2026-08-08T12:52:01.525380
473550a2-93e2-4bdb-986d-da58d84dc3f6,47627f78-25a8-49b8-baed-67cc7cb51cc3,38725919-c9be-41de-a4ce-7ca2b20d2220,ADD_TO_CART,5.0,2026-08-08T12:52:01.525380
5bf8ee77-c797-49b3-a1c8-5801c8de85cd,47627f78-25a8-49b8-baed-67cc7cb51cc3,fd8c9d08-eb21-41d5-9636-2248c81282bf,PURCHASE,10.0,2026-08-18T16:52:01.526342
1c48bc1d-db71-4610-a34e-a4884c262835,47627f78-25a8-49b8-baed-67cc7cb51cc3,fd8c9d08-eb21-41d5-9636-2248c81282bf,ADD_TO_CART,5.0,2026-08-18T16:52:01.526342
b213c356-3204-4e91-991e-d9089804b83f,47627f78-25a8-49b8-baed-67cc7cb51cc3,40dc9d92-f58c-4d7d-9147-c68c24af66b3,PURCHASE,10.0,2026-08-18T16:52:01.526342
4326cdb7-b824-406a-a8bf-93d5b9b13e8d,47627f78-25a8-49b8-baed-67cc7cb51cc3,40dc9d92-f58c-4d7d-9147-c68c24af66b3,ADD_TO_CART,5.0,2026-08-18T16:52:01.526342
b9e73635-d6bd-42a4-99af-73dfc8af0ffe,47627f78-25a8-49b8-baed-67cc7cb51cc3,1fb51520-9238-438a-b8e4-17a7803354a7,PURCHASE,10.0,2026-08-18T16:52:01.526342
5085fb84-8b7d-46fd-908c-8310232410bd,47627f78-25a8-49b8-baed-67cc7cb51cc3,7b4b3a0e-209c-4217-9a40-96053b050f60,PURCHASE,10.0,2026-08-18T16:52:01.526342
943d6d5e-5916-4be0-95fe-46ff88da8a9d,47627f78-25a8-49b8-baed-67cc7cb51cc3,7b4b3a0e-209c-4217-9a40-96053b050f60,ADD_TO_CART,5.0,2026-08-18T16:52:01.526342
ddeb7179-f3f4-42dc-a11c-ebc2335a7fcd,47627f78-25a8-49b8-baed-67cc7cb51cc3,88dc8654-525d-4e13-a1c5-26c467b71fdf,PURCHASE,10.0,2026-08-31T21:52:01.526342
8df48128-8f7e-403a-94e9-e90e2a3f1897,47627f78-25a8-49b8-baed-67cc7cb51cc3,9b60151d-2d71-442a-b900-6cead41b6a44,PURCHASE,10.0,2026-08-31T21:52:01.526342
c6e00a23-e56f-477f-9798-6dec864d30da,47627f78-25a8-49b8-baed-67cc7cb51cc3,38725919-c9be-41de-a4ce-7ca2b20d2220,PURCHASE,10.0,2026-08-31T21:52:01.526342
d107fa4c-7893-415c-b9a7-eb993490d4f0,47627f78-25a8-49b8-baed-67cc7cb51cc3,38725919-c9be-41de-a4ce-7ca2b20d2220,ADD_TO_CART,5.0,2026-08-31T21:52:01.526342
2f499a62-f39b-4e46-9998-ba3bf049402f,47627f78-25a8-49b8-baed-67cc7cb51cc3,88dc8654-525d-4e13-a1c5-26c467b71fdf,PURCHASE,10.0,2026-09-04T20:52:01.526342
e4955e21-757a-4023-afc6-b34b34699365,47627f78-25a8-49b8-baed-67cc7cb51cc3,93e9ec1b-13b4-4518-96f2-a58b6118ade4,PURCHASE,10.0,2026-09-04T20:52:01.526342
7619d9d7-19f5-461a-86ce-7f5921610efa,47627f78-25a8-49b8-baed-67cc7cb51cc3,93e9ec1b-13b4-4518-96f2-a58b6118ade4,ADD_TO_CART,5.0,2026-09-04T20:52:01.526342
318754b2-a24d-4f78-80e2-bc4bca5681c0,47627f78-25a8-49b8-baed-67cc7cb51cc3,38725919-c9be-41de-a4ce-7ca2b20d2220,PURCHASE,10.0,2026-09-04T20:52:01.526342
98af815e-0057-4d20-85ed-3b07cc350e3f,47627f78-25a8-49b8-baed-67cc7cb51cc3,38725919-c9be-41de-a4ce-7ca2b20d2220,ADD_TO_CART,5.0,2026-09-04T20:52:01.526342
1671670c-8190-4be1-a95d-90a919baaaff,62e301a3-cc55-44ee-8d66-0cdb6a5d0c0d,a0b08496-a82f-4cd0-be10-3ab342d8be86,PURCHASE,10.0,2026-08-21T13:52:01.526342
158d67e7-3831-456b-93c1-a609584b7f14,62e301a3-cc55-44ee-8d66-0cdb6a5d0c0d,a0b08496-a82f-4cd0-be10-3ab342d8be86,ADD_TO_CART,5.0,2026-08-21T13:52:01.526342
b7ae5ba1-39d1-4f5a-8b11-c11b9361e861,62e301a3-cc55-44ee-8d66-0cdb6a5d0c0d,9b60151d-2d71-442a-b900-6cead41b6a44,PURCHASE,10.0,2026-08-21T13:52:01.526342
3f93b881-d48e-401d-87ec-4f365b14fdbf,62e301a3-cc55-44ee-8d66-0cdb6a5d0c0d,32c03fc7-af45-4e88-8af6-93a873e81ad5,PURCHASE,10.0,2026-08-21T13:52:01.526342
2c825e94-37ae-40aa-90d6-18b131945aba,62e301a3-cc55-44ee-8d66-0cdb6a5d0c0d,0994cb89-90be-4944-806b-eeefe4d6eabb,PURCHASE,10.0,2026-08-25T13:52:01.526342
9829d2fe-cdb4-4545-83d7-a2c3deaa6163,62e301a3-cc55-44ee-8d66-0cdb6a5d0c0d,0994cb89-90be-4944-806b-eeefe4d6eabb,ADD_TO_CART,5.0,2026-08-25T13:52:01.526342
91592a72-0063-4146-b188-48117d687934,62e301a3-cc55-44ee-8d66-0cdb6a5d0c0d,9b60151d-2d71-442a-b900-6cead41b6a44,PURCHASE,10.0,2026-08-25T13:52:01.526342
9c986ee9-52e5-477d-ac24-88b8e6440a45,62e301a3-cc55-44ee-8d66-0cdb6a5d0c0d,9b60151d-2d71-442a-b900-6cead41b6a44,ADD_TO_CART,5.0,2026-08-25T13:52:01.526342
1fd5d360-ff4f-4b0f-87e1-feef2b9a2219,62e301a3-cc55-44ee-8d66-0cdb6a5d0c0d,2cc99e1e-63fc-4e40-9cde-50fc6471f804,PURCHASE,10.0,2026-08-25T13:52:01.526342
6e65dff2-07ac-4d32-bacb-b07c96ca211d,62e301a3-cc55-44ee-8d66-0cdb6a5d0c0d,2cc99e1e-63fc-4e40-9cde-50fc6471f804,ADD_TO_CART,5.0,2026-08-25T13:52:01.526342
6b829d1a-2855-42cc-a2a7-4971cfa45214,62e301a3-cc55-44ee-8d66-0cdb6a5d0c0d,d6793f9d-f087-485a-a0e0-09ea5616fcef,PURCHASE,10.0,2026-08-25T13:52:01.526342
fe938a14-8054-40ce-9b11-03caa0b467a4,62e301a3-cc55-44ee-8d66-0cdb6a5d0c0d,16d265ed-77a0-4a24-afb5-719cba043ada,PURCHASE,10.0,2026-08-28T16:52:01.526342
72181994-abe8-4900-89fb-c542c519eda0,62e301a3-cc55-44ee-8d66-0cdb6a5d0c0d,1a485340-f614-4da7-9953-4cbb2f709dc6,PURCHASE,10.0,2026-08-28T16:52:01.526342
431e22f6-f274-41fd-a7ab-57406ed1397f,62e301a3-cc55-44ee-8d66-0cdb6a5d0c0d,38725919-c9be-41de-a4ce-7ca2b20d2220,PURCHASE,10.0,2026-08-28T16:52:01.526342
6f941176-3e46-4b00-a830-ecd28faed617,62e301a3-cc55-44ee-8d66-0cdb6a5d0c0d,acea3378-4bf7-4d40-8a6e-bab5fadc2196,PURCHASE,10.0,2026-09-06T19:52:01.526342
85f3e1f8-0278-4e42-9ab9-5c78afc76723,62e301a3-cc55-44ee-8d66-0cdb6a5d0c0d,588f8f78-1d77-4989-b8cd-3e0869658448,PURCHASE,10.0,2026-09-06T19:52:01.526342
b18b34ad-70ad-43d7-87db-62829dcb61b2,62e301a3-cc55-44ee-8d66-0cdb6a5d0c0d,8925d13b-14fa-4779-863a-25811e076e6a,PURCHASE,10.0,2026-09-06T19:52:01.526342
e97cc93f-6cc6-47ab-9424-33b42392fc63,de21c2a0-a0e1-4757-a095-0016eb816242,3917a229-00ce-4f07-ab63-a7dfc2cd82df,PURCHASE,10.0,2026-08-20T15:52:01.526342
9e1800c9-d7e2-4102-b46c-d12761251b2b,de21c2a0-a0e1-4757-a095-0016eb816242,a9adc9d0-b23e-4e5d-be77-825b68788f9f,PURCHASE,10.0,2026-08-20T15:52:01.526342
8de5f65c-2e05-487a-9ab6-ef1456554930,de21c2a0-a0e1-4757-a095-0016eb816242,631a1e24-52d6-4900-a14f-f38ab19822d4,PURCHASE,10.0,2026-08-20T15:52:01.526342
6abe76f1-aa28-4f13-b5b1-a4110c5bbb47,de21c2a0-a0e1-4757-a095-0016eb816242,631a1e24-52d6-4900-a14f-f38ab19822d4,ADD_TO_CART,5.0,2026-08-20T15:52:01.526342
6684b324-951b-48ef-831a-c8bd846fde7d,de21c2a0-a0e1-4757-a095-0016eb816242,0c46d491-ceb2-4f60-94c0-c9ee7e6802a3,PURCHASE,10.0,2026-08-25T18:52:01.526342
bd0e2534-a167-49ed-8708-f112c40d48a2,de21c2a0-a0e1-4757-a095-0016eb816242,40dc9d92-f58c-4d7d-9147-c68c24af66b3,PURCHASE,10.0,2026-08-25T18:52:01.526342
79b2624e-7ba9-40d0-a0f3-2a0ea7ebb5bb,de21c2a0-a0e1-4757-a095-0016eb816242,40dc9d92-f58c-4d7d-9147-c68c24af66b3,ADD_TO_CART,5.0,2026-08-25T18:52:01.526342
9aa513ad-83bb-46a7-bcdd-ba59e67a1281,de21c2a0-a0e1-4757-a095-0016eb816242,2be07e4c-3dbf-42e5-90c3-26540a177fd1,PURCHASE,10.0,2026-08-25T18:52:01.526342
572b2387-c365-4a88-801b-21859d4578ee,de21c2a0-a0e1-4757-a095-0016eb816242,749c4ddf-974f-4931-a100-4225142185fc,PURCHASE,10.0,2026-08-25T18:52:01.526342
ace3a56a-15a6-42e1-a9f5-70640847493d,de21c2a0-a0e1-4757-a095-0016eb816242,3917a229-00ce-4f07-ab63-a7dfc2cd82df,PURCHASE,10.0,2026-09-04T18:52:01.526342
2640b4fd-de21-4ac5-b40b-3f73a0ddfa9e,de21c2a0-a0e1-4757-a095-0016eb816242,5f7fe85b-a41f-445e-83dd-d16cd8b90fc2,PURCHASE,10.0,2026-09-04T18:52:01.526342
db780749-27e6-429a-ad91-79fa0e766cd4,de21c2a0-a0e1-4757-a095-0016eb816242,631a1e24-52d6-4900-a14f-f38ab19822d4,PURCHASE,10.0,2026-09-04T18:52:01.526342
a861cdb0-26b5-470c-96c5-d27ee222f44f,6cc675f4-9587-41d6-91e3-899f396beab1,91cc837c-d604-411e-809c-ace8df152781,PURCHASE,10.0,2026-08-18T19:52:01.528381
0cadcf63-5fe3-42a5-b71e-cceec05c4326,6cc675f4-9587-41d6-91e3-899f396beab1,91cc837c-d604-411e-809c-ace8df152781,ADD_TO_CART,5.0,2026-08-18T19:52:01.528381
1a2d8d05-d203-4fcf-8eb5-b5c4b6bd47e5,6cc675f4-9587-41d6-91e3-899f396beab1,ff6ed914-1af0-4743-a219-3c47dd0455f8,PURCHASE,10.0,2026-08-18T19:52:01.528381
db4f2bea-20c9-4347-83b5-a6c1c5793af4,6cc675f4-9587-41d6-91e3-899f396beab1,ca810efa-f2ec-4c94-85c8-746258ad8064,PURCHASE,10.0,2026-08-18T19:52:01.528381
a1c92cc5-a330-4cea-bbc4-c85e2df5ca39,6cc675f4-9587-41d6-91e3-899f396beab1,a0b08496-a82f-4cd0-be10-3ab342d8be86,PURCHASE,10.0,2026-08-17T12:52:01.528381
28c1a169-0b05-4477-ab44-8c89145192ef,6cc675f4-9587-41d6-91e3-899f396beab1,a0b08496-a82f-4cd0-be10-3ab342d8be86,ADD_TO_CART,5.0,2026-08-17T12:52:01.528381
11df4722-e19d-42bf-8ee8-02b2acfebd19,6cc675f4-9587-41d6-91e3-899f396beab1,93e9ec1b-13b4-4518-96f2-a58b6118ade4,PURCHASE,10.0,2026-08-17T12:52:01.528381
3f3351b1-5334-4d9c-ae10-e643ffc21b7b,6cc675f4-9587-41d6-91e3-899f396beab1,93e9ec1b-13b4-4518-96f2-a58b6118ade4,ADD_TO_CART,5.0,2026-08-17T12:52:01.528381
021ddf11-583b-49b7-aced-e2ccbd1bf7c2,6cc675f4-9587-41d6-91e3-899f396beab1,2cc99e1e-63fc-4e40-9cde-50fc6471f804,PURCHASE,10.0,2026-08-17T12:52:01.528381
cc6ab139-5c22-4b61-a248-d26e6ff8943f,6cc675f4-9587-41d6-91e3-899f396beab1,61994682-174b-47e1-a92b-8d56e543416b,PURCHASE,10.0,2026-08-17T12:52:01.528381
cc72e7a8-c35e-4a19-bcfd-9884b9cf948c,6cc675f4-9587-41d6-91e3-899f396beab1,9e466ab4-0753-45f0-b24d-06ca63637b2d,PURCHASE,10.0,2026-09-02T14:52:01.528381
e437f875-d704-4bcb-917b-1ce06e66990d,6cc675f4-9587-41d6-91e3-899f396beab1,9e466ab4-0753-45f0-b24d-06ca63637b2d,ADD_TO_CART,5.0,2026-09-02T14:52:01.528381
52b34819-203c-44e7-8f40-9f87cd24d98b,6cc675f4-9587-41d6-91e3-899f396beab1,ada3490e-9d0d-41c5-b8f6-ee36f232a592,PURCHASE,10.0,2026-09-02T14:52:01.528381
468aa73d-a880-4cc3-a004-779f736aa07f,6cc675f4-9587-41d6-91e3-899f396beab1,2cc864b2-ffcd-4cd9-96ea-35cc70b7f01e,PURCHASE,10.0,2026-09-02T14:52:01.528381
8e995268-1560-433c-b5c4-a5c967359a6c,6cc675f4-9587-41d6-91e3-899f396beab1,c8ab7e01-9ce6-44bf-9bcc-a325e05802a4,PURCHASE,10.0,2026-09-04T14:52:01.528381
b6af8e29-5914-49aa-b4d7-830b7da6f37a,6cc675f4-9587-41d6-91e3-899f396beab1,c8ab7e01-9ce6-44bf-9bcc-a325e05802a4,ADD_TO_CART,5.0,2026-09-04T14:52:01.528381
46067d7d-824b-4219-a575-a1e0e4da0fec,6cc675f4-9587-41d6-91e3-899f396beab1,ada3490e-9d0d-41c5-b8f6-ee36f232a592,PURCHASE,10.0,2026-09-04T14:52:01.528381
0b14832a-b2b7-4b5a-8607-a9d69a70db8e,6cc675f4-9587-41d6-91e3-899f396beab1,2cc864b2-ffcd-4cd9-96ea-35cc70b7f01e,PURCHASE,10.0,2026-09-04T14:52:01.528381
c4127427-9185-4bc3-9113-6bb6619890da,6cc675f4-9587-41d6-91e3-899f396beab1,2cc864b2-ffcd-4cd9-96ea-35cc70b7f01e,ADD_TO_CART,5.0,2026-09-04T14:52:01.528381
e6718581-3c2d-48b8-8414-c093d0c1a55a,4ce2d3cb-b864-40e5-96a5-3e0877928c39,e9fb161f-634a-44fb-9050-efc22a610c33,PURCHASE,10.0,2026-07-31T16:52:01.528381
5a7edef1-a942-4ba1-b4c4-f974b13c77cd,4ce2d3cb-b864-40e5-96a5-3e0877928c39,3a552307-6f65-4c3a-a54d-d271c022e93b,PURCHASE,10.0,2026-07-31T16:52:01.528381
6b225b8d-ca5e-4b40-ab44-7e6a0433e7c8,4ce2d3cb-b864-40e5-96a5-3e0877928c39,1bb87e6c-1ef0-4ba0-9166-0a2eb7a7df7e,PURCHASE,10.0,2026-07-31T16:52:01.528381
bae0610f-8087-4eda-ba8f-795c507620d2,4ce2d3cb-b864-40e5-96a5-3e0877928c39,86cea29e-ba3e-4d48-83e6-50fc57051a44,PURCHASE,10.0,2026-07-31T16:52:01.528381
7d9153c0-6a59-4d3e-961c-7390fed0b87e,4ce2d3cb-b864-40e5-96a5-3e0877928c39,86cea29e-ba3e-4d48-83e6-50fc57051a44,ADD_TO_CART,5.0,2026-07-31T16:52:01.528381
a5901e05-2c1f-4890-bd2f-40be7df1edd1,4ce2d3cb-b864-40e5-96a5-3e0877928c39,dcbedb32-e346-4e18-89ee-3858c173c294,PURCHASE,10.0,2026-07-31T16:52:01.528381
d7501023-a8ff-492d-a1f0-7652b7f64e74,4ce2d3cb-b864-40e5-96a5-3e0877928c39,dcbedb32-e346-4e18-89ee-3858c173c294,ADD_TO_CART,5.0,2026-07-31T16:52:01.528381
7ae39ea8-ec5e-4af3-8afc-1828f12b43d8,4ce2d3cb-b864-40e5-96a5-3e0877928c39,334f6d5d-6c87-46e3-b054-4261bb3ac1e2,PURCHASE,10.0,2026-08-07T12:52:01.528381
f161ad57-c05a-4a8c-b63f-179d38eedc6a,4ce2d3cb-b864-40e5-96a5-3e0877928c39,334f6d5d-6c87-46e3-b054-4261bb3ac1e2,ADD_TO_CART,5.0,2026-08-07T12:52:01.528381
580786cc-7936-49de-b057-ecf6febb1aa1,4ce2d3cb-b864-40e5-96a5-3e0877928c39,14be1626-52a6-4663-a86f-3e63efc5b7f1,PURCHASE,10.0,2026-08-07T12:52:01.528381
eb17a1d2-c09a-4606-90cd-fb8dddcfbf6c,4ce2d3cb-b864-40e5-96a5-3e0877928c39,6e1f18a9-7abb-46a0-81bd-8f86711777f3,PURCHASE,10.0,2026-08-07T12:52:01.528381
abbb6b48-d92e-4458-83df-a2dc29ddcfa8,4ce2d3cb-b864-40e5-96a5-3e0877928c39,58ea5898-e09c-4e6b-81bf-211261419595,PURCHASE,10.0,2026-08-07T12:52:01.528381
02cfafd2-2eb2-4ba4-932f-ed8f3426a589,4ce2d3cb-b864-40e5-96a5-3e0877928c39,58ea5898-e09c-4e6b-81bf-211261419595,ADD_TO_CART,5.0,2026-08-07T12:52:01.528381
7b2f384f-d7e2-4598-a373-b1c7c7b52135,4ce2d3cb-b864-40e5-96a5-3e0877928c39,6d8943b9-0740-4df5-a7a1-5e1755570fc2,PURCHASE,10.0,2026-08-07T12:52:01.528381
2902f217-4035-4086-9e42-64203f865698,4ce2d3cb-b864-40e5-96a5-3e0877928c39,2be74d63-62ec-47aa-b946-d35f63ed3b81,PURCHASE,10.0,2026-08-07T12:52:01.528381
6af48644-33f1-471f-9f90-6249ebe408c5,4ce2d3cb-b864-40e5-96a5-3e0877928c39,e7185a39-0261-4ed3-8614-036ab8432fa2,PURCHASE,10.0,2026-08-17T18:52:01.528381
fe0ded7e-8732-4594-b7e4-9a45bce06a56,4ce2d3cb-b864-40e5-96a5-3e0877928c39,a30967de-2eeb-4230-9552-7c88ededd081,PURCHASE,10.0,2026-08-17T18:52:01.528381
4c260c58-3d6f-41c2-8119-17473acf553b,4ce2d3cb-b864-40e5-96a5-3e0877928c39,6e1f18a9-7abb-46a0-81bd-8f86711777f3,PURCHASE,10.0,2026-08-17T18:52:01.528381
b5bbbf67-afa7-4f73-a241-e45934481829,4ce2d3cb-b864-40e5-96a5-3e0877928c39,6e1f18a9-7abb-46a0-81bd-8f86711777f3,ADD_TO_CART,5.0,2026-08-17T18:52:01.528381
ce6605df-cb02-45c3-8749-b60338cb1716,4ce2d3cb-b864-40e5-96a5-3e0877928c39,cb60bbbe-2069-47d8-b5e7-b3ea327f47f8,PURCHASE,10.0,2026-08-17T18:52:01.528381
e30e2131-f5ee-4fff-8161-bfcf73c04ac2,4ce2d3cb-b864-40e5-96a5-3e0877928c39,6d8943b9-0740-4df5-a7a1-5e1755570fc2,PURCHASE,10.0,2026-08-17T18:52:01.528381
1c3b692d-f1b6-47b2-97c9-fedde1cb0dfd,4ce2d3cb-b864-40e5-96a5-3e0877928c39,6d8943b9-0740-4df5-a7a1-5e1755570fc2,ADD_TO_CART,5.0,2026-08-17T18:52:01.528381
b45460cc-06ea-42f2-96e7-93f3da00234e,4ce2d3cb-b864-40e5-96a5-3e0877928c39,ae9fd366-c734-40ed-a400-bcb11499a529,PURCHASE,10.0,2026-08-17T18:52:01.528381
f74205db-93fd-47cd-ad89-973b4ab75dd9,4ce2d3cb-b864-40e5-96a5-3e0877928c39,ae9fd366-c734-40ed-a400-bcb11499a529,ADD_TO_CART,5.0,2026-08-17T18:52:01.528381
dce8a4da-28d9-459e-b636-549f43786176,4ce2d3cb-b864-40e5-96a5-3e0877928c39,119171e8-3049-4289-a1e6-20156e6d3e20,PURCHASE,10.0,2026-08-21T14:52:01.528381
22087618-af56-4b06-93c8-403f4ace458e,4ce2d3cb-b864-40e5-96a5-3e0877928c39,14be1626-52a6-4663-a86f-3e63efc5b7f1,PURCHASE,10.0,2026-08-21T14:52:01.528381
4de19c69-dcf8-4637-be58-08b1a0acfb12,4ce2d3cb-b864-40e5-96a5-3e0877928c39,276a8aee-f723-43f4-91c4-12ca00eebe1c,PURCHASE,10.0,2026-08-21T14:52:01.528381
2086d833-f5de-4274-b3d4-3ebcc0da3d40,4ce2d3cb-b864-40e5-96a5-3e0877928c39,276a8aee-f723-43f4-91c4-12ca00eebe1c,ADD_TO_CART,5.0,2026-08-21T14:52:01.528381
0deeeca4-0289-4daa-beef-caf03020ec69,4ce2d3cb-b864-40e5-96a5-3e0877928c39,431c6fc2-0f8a-4db6-ae8e-8a20bad8a86f,PURCHASE,10.0,2026-08-21T14:52:01.528381
02ae0da6-eaa0-412c-b588-cf641c7fbb52,4ce2d3cb-b864-40e5-96a5-3e0877928c39,431c6fc2-0f8a-4db6-ae8e-8a20bad8a86f,ADD_TO_CART,5.0,2026-08-21T14:52:01.528381
9e5fbba6-05f1-482b-a7a2-cb44ffebda8c,4ce2d3cb-b864-40e5-96a5-3e0877928c39,6e1f18a9-7abb-46a0-81bd-8f86711777f3,PURCHASE,10.0,2026-08-30T18:52:01.528381
7636c381-ded5-494e-8708-45d6486181cb,4ce2d3cb-b864-40e5-96a5-3e0877928c39,0921c244-e74f-43b4-b909-08651f21641e,PURCHASE,10.0,2026-08-30T18:52:01.528381
572a9d29-8ae7-4d0b-9309-c81ef47b682c,4ce2d3cb-b864-40e5-96a5-3e0877928c39,0921c244-e74f-43b4-b909-08651f21641e,ADD_TO_CART,5.0,2026-08-30T18:52:01.528381
4e6295b8-0fd2-46d9-92d3-c991b4785828,4ce2d3cb-b864-40e5-96a5-3e0877928c39,276a8aee-f723-43f4-91c4-12ca00eebe1c,PURCHASE,10.0,2026-08-30T18:52:01.528381
21f15894-17c9-4571-82ae-9d23610c822c,4ce2d3cb-b864-40e5-96a5-3e0877928c39,276a8aee-f723-43f4-91c4-12ca00eebe1c,ADD_TO_CART,5.0,2026-08-30T18:52:01.528381
8cef1fef-7f21-4c6f-8600-4b67d6f2a7f4,4ce2d3cb-b864-40e5-96a5-3e0877928c39,300c236a-5cf1-4646-b74a-bd449ed18374,PURCHASE,10.0,2026-08-30T18:52:01.528381
37d84644-6f74-48ab-b762-1ba438271438,4ce2d3cb-b864-40e5-96a5-3e0877928c39,f44d292e-2536-44e1-8fc6-4f01e4c1a342,PURCHASE,10.0,2026-08-30T18:52:01.528381
7a510ab5-b749-4794-8734-63363bbd006d,4ce2d3cb-b864-40e5-96a5-3e0877928c39,0031e56a-e740-4991-af49-d3cac14a83eb,PURCHASE,10.0,2026-09-04T18:52:01.528381
5c40459a-303f-4d6c-9421-758eb40fb0c8,4ce2d3cb-b864-40e5-96a5-3e0877928c39,0031e56a-e740-4991-af49-d3cac14a83eb,ADD_TO_CART,5.0,2026-09-04T18:52:01.528381
39e4b81e-3c40-417b-ab68-793bf3b5fa88,4ce2d3cb-b864-40e5-96a5-3e0877928c39,aae46e83-5eca-4bae-83be-d1af00c5cdc0,PURCHASE,10.0,2026-09-04T18:52:01.528381
30ef4d9e-2c4f-45aa-981b-6805276966ac,4ce2d3cb-b864-40e5-96a5-3e0877928c39,aae46e83-5eca-4bae-83be-d1af00c5cdc0,ADD_TO_CART,5.0,2026-09-04T18:52:01.528381
2761de98-69a1-435e-beae-d6aec16867c3,4ce2d3cb-b864-40e5-96a5-3e0877928c39,f5ecb502-edeb-4f3d-9b76-0d53f2ba0bcf,PURCHASE,10.0,2026-09-04T18:52:01.528381
524fda8d-e44e-4c12-8680-cab9fd503454,4ce2d3cb-b864-40e5-96a5-3e0877928c39,cd06b865-9bda-4bc4-aa63-0b5cc0ad3bdb,PURCHASE,10.0,2026-09-04T18:52:01.528381
ec8b89f2-27a1-47c4-8df1-02c0c3f46d90,4ce2d3cb-b864-40e5-96a5-3e0877928c39,6d8943b9-0740-4df5-a7a1-5e1755570fc2,PURCHASE,10.0,2026-09-04T18:52:01.528381
e7552b5f-5253-4328-a6f8-97fb0cb77a2a,22ad31f1-df1a-4f97-8257-b9b75387027c,c72fff1a-1cca-48c8-8569-0e230d5647fd,PURCHASE,10.0,2026-07-31T15:52:01.530388
03ffdf32-de07-4640-8004-8aa51498d508,22ad31f1-df1a-4f97-8257-b9b75387027c,267bcafa-37c4-4b02-92c3-b227652497c8,PURCHASE,10.0,2026-07-31T15:52:01.530388
df029348-5c74-452c-b654-0e1990d4fd66,22ad31f1-df1a-4f97-8257-b9b75387027c,a0b08496-a82f-4cd0-be10-3ab342d8be86,PURCHASE,10.0,2026-07-31T15:52:01.530388
b1e8cb7b-089f-4576-9e95-6af7631e6ca5,22ad31f1-df1a-4f97-8257-b9b75387027c,a0b08496-a82f-4cd0-be10-3ab342d8be86,ADD_TO_CART,5.0,2026-07-31T15:52:01.530388
f0e21fa9-647f-47a7-8f14-0523ac34d965,22ad31f1-df1a-4f97-8257-b9b75387027c,d24fe122-9118-4ac7-a533-519394afeea2,PURCHASE,10.0,2026-07-31T15:52:01.530388
1eff1891-6848-4f05-8b92-a503f782c683,22ad31f1-df1a-4f97-8257-b9b75387027c,c72fff1a-1cca-48c8-8569-0e230d5647fd,PURCHASE,10.0,2026-08-09T20:52:01.530388
b991b9ee-844a-4252-8f19-0a2ef615ba5e,22ad31f1-df1a-4f97-8257-b9b75387027c,5f7fe85b-a41f-445e-83dd-d16cd8b90fc2,PURCHASE,10.0,2026-08-09T20:52:01.530388
e8725180-1354-432d-972b-c061961cec74,22ad31f1-df1a-4f97-8257-b9b75387027c,5f7fe85b-a41f-445e-83dd-d16cd8b90fc2,ADD_TO_CART,5.0,2026-08-09T20:52:01.530388
1b041153-a443-440f-84fd-ea95d1d6c741,22ad31f1-df1a-4f97-8257-b9b75387027c,a0b08496-a82f-4cd0-be10-3ab342d8be86,PURCHASE,10.0,2026-08-09T20:52:01.530388
d82c34b8-970e-4508-a152-a745acc33a73,22ad31f1-df1a-4f97-8257-b9b75387027c,c72fff1a-1cca-48c8-8569-0e230d5647fd,PURCHASE,10.0,2026-08-27T17:52:01.530388
83532ea7-6bd7-406c-b370-ca86ec7e48f9,22ad31f1-df1a-4f97-8257-b9b75387027c,c72fff1a-1cca-48c8-8569-0e230d5647fd,ADD_TO_CART,5.0,2026-08-27T17:52:01.530388
8aae6947-236b-40f4-a15f-7f023a495986,22ad31f1-df1a-4f97-8257-b9b75387027c,4cc80ba9-1884-4b13-8df8-b093b3882660,PURCHASE,10.0,2026-08-27T17:52:01.530388
22db52e9-0821-41c1-894b-16c053e1b8d1,22ad31f1-df1a-4f97-8257-b9b75387027c,a0b08496-a82f-4cd0-be10-3ab342d8be86,PURCHASE,10.0,2026-08-27T17:52:01.530388
b055a69a-913f-463e-a7b0-792962f2804c,22ad31f1-df1a-4f97-8257-b9b75387027c,a0b08496-a82f-4cd0-be10-3ab342d8be86,ADD_TO_CART,5.0,2026-08-27T17:52:01.530388
55f4a182-976a-447a-baf3-a5b3a2cbf98f,22ad31f1-df1a-4f97-8257-b9b75387027c,b8258701-7eba-4efa-be89-1236720808da,PURCHASE,10.0,2026-08-27T17:52:01.530388
0d2f2f11-727a-46c8-881b-e6ba06e50ea1,22ad31f1-df1a-4f97-8257-b9b75387027c,c72fff1a-1cca-48c8-8569-0e230d5647fd,PURCHASE,10.0,2026-08-27T12:52:01.530388
fef2e135-723a-47d6-849b-91f35bb9dfd7,22ad31f1-df1a-4f97-8257-b9b75387027c,86cea29e-ba3e-4d48-83e6-50fc57051a44,PURCHASE,10.0,2026-08-27T12:52:01.530388
2058dc20-4dc1-466e-9e6d-a423c02106ec,22ad31f1-df1a-4f97-8257-b9b75387027c,02c672a6-e5ef-4c2f-be80-d74b4bdda901,PURCHASE,10.0,2026-08-27T12:52:01.530388
fe3fe0f4-5526-45eb-9798-3e3555572b0b,22ad31f1-df1a-4f97-8257-b9b75387027c,02c672a6-e5ef-4c2f-be80-d74b4bdda901,ADD_TO_CART,5.0,2026-08-27T12:52:01.530388
7dd2cf61-5695-4645-ae52-7fe5ed9f0239,22ad31f1-df1a-4f97-8257-b9b75387027c,c72fff1a-1cca-48c8-8569-0e230d5647fd,PURCHASE,10.0,2026-09-03T21:52:01.530388
f091f143-3e0e-4466-8c3f-307e2d6b9083,22ad31f1-df1a-4f97-8257-b9b75387027c,8925d13b-14fa-4779-863a-25811e076e6a,PURCHASE,10.0,2026-09-03T21:52:01.530388
f9aa3b48-49f5-4c7f-a6d1-3a3512e3cccc,22ad31f1-df1a-4f97-8257-b9b75387027c,02c672a6-e5ef-4c2f-be80-d74b4bdda901,PURCHASE,10.0,2026-09-03T21:52:01.530388
8db77568-c848-46e2-9ab0-d67a4d1443bd,22ad31f1-df1a-4f97-8257-b9b75387027c,644cb430-839e-4d94-abc5-2aefa812d87c,PURCHASE,10.0,2026-09-03T21:52:01.530388
61a7e5ff-d5b2-47a6-b47e-11f3f3ad11b8,9a5217aa-9f63-4c33-a507-b5fcd2e8ffdf,1bb87e6c-1ef0-4ba0-9166-0a2eb7a7df7e,PURCHASE,10.0,2026-08-16T14:52:01.530388
f88c63d5-7181-4ae3-bbf2-cfb9ef911954,9a5217aa-9f63-4c33-a507-b5fcd2e8ffdf,cd421415-e774-4ace-b0dc-d63a85efee9b,PURCHASE,10.0,2026-08-16T14:52:01.530388
ce4839ef-23d6-40f2-8458-f8eb82a5409c,9a5217aa-9f63-4c33-a507-b5fcd2e8ffdf,01cc7f23-cad4-4c40-a54b-fae6740f8e23,PURCHASE,10.0,2026-08-16T14:52:01.530388
b010f9dc-7819-4df4-8c46-ccedc9fb4009,9a5217aa-9f63-4c33-a507-b5fcd2e8ffdf,01cc7f23-cad4-4c40-a54b-fae6740f8e23,ADD_TO_CART,5.0,2026-08-16T14:52:01.530388
bb9f0c23-94ac-4667-81b9-c952ae0e7774,9a5217aa-9f63-4c33-a507-b5fcd2e8ffdf,40dc9d92-f58c-4d7d-9147-c68c24af66b3,PURCHASE,10.0,2026-08-16T14:52:01.530388
e2067d8b-2a27-46da-883f-e45664facdd8,9a5217aa-9f63-4c33-a507-b5fcd2e8ffdf,40dc9d92-f58c-4d7d-9147-c68c24af66b3,ADD_TO_CART,5.0,2026-08-16T14:52:01.530388
6844517c-84bb-4cd6-8aeb-37fdfc6b9b60,9a5217aa-9f63-4c33-a507-b5fcd2e8ffdf,9343e411-1342-4af6-b84c-49ab26ee23f0,PURCHASE,10.0,2026-08-16T14:52:01.530388
674ac3c3-1756-44f1-a2ae-9d035c2b0279,9a5217aa-9f63-4c33-a507-b5fcd2e8ffdf,9343e411-1342-4af6-b84c-49ab26ee23f0,ADD_TO_CART,5.0,2026-08-16T14:52:01.530388
84aa7ab9-ced8-424c-807a-7ed976ca90e8,9a5217aa-9f63-4c33-a507-b5fcd2e8ffdf,631a1e24-52d6-4900-a14f-f38ab19822d4,PURCHASE,10.0,2026-08-27T19:52:01.530388
a0c14a80-484d-4d66-9f6c-b5b885b2375d,9a5217aa-9f63-4c33-a507-b5fcd2e8ffdf,9b60151d-2d71-442a-b900-6cead41b6a44,PURCHASE,10.0,2026-08-27T19:52:01.530388
1a6ac05d-075a-4910-830b-5f070d264e8a,9a5217aa-9f63-4c33-a507-b5fcd2e8ffdf,32c03fc7-af45-4e88-8af6-93a873e81ad5,PURCHASE,10.0,2026-08-27T19:52:01.530388
8463003c-7983-43ca-b574-ccc6a75f43ca,9a5217aa-9f63-4c33-a507-b5fcd2e8ffdf,ae9fd366-c734-40ed-a400-bcb11499a529,PURCHASE,10.0,2026-08-27T19:52:01.530388
a816e298-966a-41e7-9b50-3cc6c22ecaeb,9a5217aa-9f63-4c33-a507-b5fcd2e8ffdf,631a1e24-52d6-4900-a14f-f38ab19822d4,PURCHASE,10.0,2026-08-30T21:52:01.530388
bc0cdbbd-1d15-4fb5-b270-226430330399,9a5217aa-9f63-4c33-a507-b5fcd2e8ffdf,631a1e24-52d6-4900-a14f-f38ab19822d4,ADD_TO_CART,5.0,2026-08-30T21:52:01.530388
a344fd40-9cc4-418e-a60d-1274fd9e9be6,9a5217aa-9f63-4c33-a507-b5fcd2e8ffdf,3fb4e8d6-0eb4-427b-bc00-84dd6f15806c,PURCHASE,10.0,2026-08-30T21:52:01.530388
2e3ef80e-5024-4678-8b40-ee4a1d736875,9a5217aa-9f63-4c33-a507-b5fcd2e8ffdf,d9e5f240-1361-45c1-8b4b-b95f01f4c109,PURCHASE,10.0,2026-08-30T21:52:01.530388
cc433e18-91ec-47a7-a28c-89927191ef7f,9a5217aa-9f63-4c33-a507-b5fcd2e8ffdf,5be7f0f5-1d12-45f3-b308-f664330e8da7,PURCHASE,10.0,2026-08-30T21:52:01.530388
1c56ada2-719b-4981-a3f8-b1e25e51e2f2,9a5217aa-9f63-4c33-a507-b5fcd2e8ffdf,5be7f0f5-1d12-45f3-b308-f664330e8da7,ADD_TO_CART,5.0,2026-08-30T21:52:01.530388
8debe7a4-bab4-46f7-8d74-0c82c755e47c,9a5217aa-9f63-4c33-a507-b5fcd2e8ffdf,631a1e24-52d6-4900-a14f-f38ab19822d4,PURCHASE,10.0,2026-09-04T15:52:01.530388
56174952-3a43-40a1-9956-a18382ee997f,9a5217aa-9f63-4c33-a507-b5fcd2e8ffdf,600ad2a1-c479-41cb-ae59-1f480c14eca6,PURCHASE,10.0,2026-09-04T15:52:01.530388
fedd1066-8b55-4075-9a9b-d008c2886e6e,9a5217aa-9f63-4c33-a507-b5fcd2e8ffdf,600ad2a1-c479-41cb-ae59-1f480c14eca6,ADD_TO_CART,5.0,2026-09-04T15:52:01.530388
29bb9cfa-fbae-4072-8c01-9a2db73ca635,9a5217aa-9f63-4c33-a507-b5fcd2e8ffdf,32c03fc7-af45-4e88-8af6-93a873e81ad5,PURCHASE,10.0,2026-09-04T15:52:01.530388
e8cb64d0-b986-4dab-9a86-34a23abac132,9a5217aa-9f63-4c33-a507-b5fcd2e8ffdf,32c03fc7-af45-4e88-8af6-93a873e81ad5,ADD_TO_CART,5.0,2026-09-04T15:52:01.530388
398f00fe-5ec6-47b1-bade-797f3a104d3b,83ef1d8a-fe41-4801-b538-6bb6b990fabd,e7185a39-0261-4ed3-8614-036ab8432fa2,PURCHASE,10.0,2026-08-07T15:52:01.530388
623c88c3-4aaa-4dde-b02f-848fad4969e2,83ef1d8a-fe41-4801-b538-6bb6b990fabd,3a552307-6f65-4c3a-a54d-d271c022e93b,PURCHASE,10.0,2026-08-07T15:52:01.530388
6b0d83ce-50c2-4388-9409-a22e4db055fa,83ef1d8a-fe41-4801-b538-6bb6b990fabd,3a552307-6f65-4c3a-a54d-d271c022e93b,ADD_TO_CART,5.0,2026-08-07T15:52:01.530388
43d1f7d8-ad3e-4ef2-bc21-0bb3b90ad1c4,83ef1d8a-fe41-4801-b538-6bb6b990fabd,90d08764-413b-4792-ac7f-41915db7fab3,PURCHASE,10.0,2026-08-07T15:52:01.530388
5ddbbf3a-a138-4fee-a26e-4ef6f298ff00,83ef1d8a-fe41-4801-b538-6bb6b990fabd,cb60bbbe-2069-47d8-b5e7-b3ea327f47f8,PURCHASE,10.0,2026-08-07T15:52:01.530388
b2ba63f5-f4a2-463a-8fb9-bc9fe0249408,83ef1d8a-fe41-4801-b538-6bb6b990fabd,a6f0bc98-cd3d-4600-aa52-1551395a9aee,PURCHASE,10.0,2026-08-07T15:52:01.530388
fe417e52-38ce-4199-8d13-d2b483621c35,83ef1d8a-fe41-4801-b538-6bb6b990fabd,a4ef8596-5999-4b27-a3fe-44558bcaa2df,PURCHASE,10.0,2026-08-07T15:52:01.530388
c31e838b-a3c7-426b-839d-6f5108e4ce76,83ef1d8a-fe41-4801-b538-6bb6b990fabd,a4ef8596-5999-4b27-a3fe-44558bcaa2df,ADD_TO_CART,5.0,2026-08-07T15:52:01.530388
87a74a6a-c7b1-4caa-b5da-9235533ebb8b,83ef1d8a-fe41-4801-b538-6bb6b990fabd,5b8c6336-1da2-4e93-a5fb-3781c59c29bb,PURCHASE,10.0,2026-08-19T21:52:01.532396
29c42add-2af8-410a-9c33-71416a14dd56,83ef1d8a-fe41-4801-b538-6bb6b990fabd,5b8c6336-1da2-4e93-a5fb-3781c59c29bb,ADD_TO_CART,5.0,2026-08-19T21:52:01.532396
e8734cbe-6eeb-48ed-8d8a-ddac46dc3d20,83ef1d8a-fe41-4801-b538-6bb6b990fabd,b4c436be-f3b0-415f-bf41-4043d721bf73,PURCHASE,10.0,2026-08-19T21:52:01.532396
605563c9-a9f1-4153-8a2f-fc04e8ac9f96,83ef1d8a-fe41-4801-b538-6bb6b990fabd,ef03f9f5-d4ae-43ae-9c98-2b1ac1e2bf87,PURCHASE,10.0,2026-08-19T21:52:01.532396
69969350-e477-4995-b93f-4a72a07e988e,83ef1d8a-fe41-4801-b538-6bb6b990fabd,798ae4e6-fad9-4806-8971-c892a9483220,PURCHASE,10.0,2026-08-31T19:52:01.532396
64432c37-e69b-4433-8004-bf38d7b70ec8,83ef1d8a-fe41-4801-b538-6bb6b990fabd,fc99c491-28ac-40fc-bd3b-edf6d3a3588b,PURCHASE,10.0,2026-08-31T19:52:01.532396
295cecf5-4d47-4d98-8e1b-174ff16c5cab,83ef1d8a-fe41-4801-b538-6bb6b990fabd,fc99c491-28ac-40fc-bd3b-edf6d3a3588b,ADD_TO_CART,5.0,2026-08-31T19:52:01.532396
7c36c61d-1cb0-49ba-8e28-8fda350032b8,83ef1d8a-fe41-4801-b538-6bb6b990fabd,90d08764-413b-4792-ac7f-41915db7fab3,PURCHASE,10.0,2026-08-31T19:52:01.532396
93345b0c-8d3a-438b-a8c0-96503d65d84c,83ef1d8a-fe41-4801-b538-6bb6b990fabd,90d08764-413b-4792-ac7f-41915db7fab3,ADD_TO_CART,5.0,2026-08-31T19:52:01.532396
39056ccd-9ada-4ff8-b163-212cd8c148e5,83ef1d8a-fe41-4801-b538-6bb6b990fabd,cb60bbbe-2069-47d8-b5e7-b3ea327f47f8,PURCHASE,10.0,2026-08-31T19:52:01.532396
93ee121f-5f23-4fc7-94b7-0e2c1fa33b8d,83ef1d8a-fe41-4801-b538-6bb6b990fabd,cb60bbbe-2069-47d8-b5e7-b3ea327f47f8,ADD_TO_CART,5.0,2026-08-31T19:52:01.532396
80821de6-3d77-4663-a880-8f52d8a30321,83ef1d8a-fe41-4801-b538-6bb6b990fabd,b28cb93f-5655-4e05-ab35-b46ab2e434bc,PURCHASE,10.0,2026-08-31T19:52:01.532396
38c873d3-a977-464e-a31b-ee3d8965136e,83ef1d8a-fe41-4801-b538-6bb6b990fabd,03a12456-7dd7-4331-bc0e-492c739b4247,PURCHASE,10.0,2026-09-06T12:52:01.532396
5fdea9d4-9ebd-4dd1-8f56-efacd3b1da7e,83ef1d8a-fe41-4801-b538-6bb6b990fabd,0921c244-e74f-43b4-b909-08651f21641e,PURCHASE,10.0,2026-09-06T12:52:01.532396
7e1bc558-0b8d-46c5-92fe-309c276b2f8a,83ef1d8a-fe41-4801-b538-6bb6b990fabd,0921c244-e74f-43b4-b909-08651f21641e,ADD_TO_CART,5.0,2026-09-06T12:52:01.532396
d06b63f8-5d1a-4ad5-97b6-d727a249b7e5,83ef1d8a-fe41-4801-b538-6bb6b990fabd,5b8c6336-1da2-4e93-a5fb-3781c59c29bb,PURCHASE,10.0,2026-09-06T12:52:01.532396
b6b6d4a4-0a4d-4012-b5c1-687aeb5a3ea1,83ef1d8a-fe41-4801-b538-6bb6b990fabd,8925d13b-14fa-4779-863a-25811e076e6a,PURCHASE,10.0,2026-09-06T12:52:01.532396
6021f2dc-e328-4801-abf7-b482991d6fd7,83ef1d8a-fe41-4801-b538-6bb6b990fabd,b28cb93f-5655-4e05-ab35-b46ab2e434bc,PURCHASE,10.0,2026-09-06T12:52:01.532396
069aea92-c674-477d-9f0a-f28a6402e3e1,83ef1d8a-fe41-4801-b538-6bb6b990fabd,b28cb93f-5655-4e05-ab35-b46ab2e434bc,ADD_TO_CART,5.0,2026-09-06T12:52:01.532396
0bce324a-a0c0-4ae4-a98e-0cedb348947b,83ef1d8a-fe41-4801-b538-6bb6b990fabd,27b7bd08-eb19-4d34-8cc6-3e49ea12d010,PURCHASE,10.0,2026-09-06T12:52:01.532396
3edea559-153a-4519-87d7-56d8f3cb7282,83ef1d8a-fe41-4801-b538-6bb6b990fabd,27b7bd08-eb19-4d34-8cc6-3e49ea12d010,ADD_TO_CART,5.0,2026-09-06T12:52:01.532396
723f3748-4595-4460-a2f8-aa3ab5955bb1,31029486-3cd3-4020-ad98-4aff05d029d1,48c05eff-6a2c-4517-9f87-23a6d289b906,PURCHASE,10.0,2026-07-31T17:52:01.532396
8e487b36-7e35-4688-a65d-15ee3d14ba6f,31029486-3cd3-4020-ad98-4aff05d029d1,ff6ed914-1af0-4743-a219-3c47dd0455f8,PURCHASE,10.0,2026-07-31T17:52:01.532396
a3349efa-6efc-4bf1-9a89-f620df11b2db,31029486-3cd3-4020-ad98-4aff05d029d1,ff6ed914-1af0-4743-a219-3c47dd0455f8,ADD_TO_CART,5.0,2026-07-31T17:52:01.532396
65c69139-2427-4847-a3e7-881c9159e95b,31029486-3cd3-4020-ad98-4aff05d029d1,fbcb63ab-7591-4598-83a2-72cc2ef2c603,PURCHASE,10.0,2026-07-31T17:52:01.532396
89d4015d-79c5-48a0-a551-0308b40f0a69,31029486-3cd3-4020-ad98-4aff05d029d1,fbcb63ab-7591-4598-83a2-72cc2ef2c603,ADD_TO_CART,5.0,2026-07-31T17:52:01.532396
822a8496-fb20-4360-86c2-a851355e928b,31029486-3cd3-4020-ad98-4aff05d029d1,ae9fd366-c734-40ed-a400-bcb11499a529,PURCHASE,10.0,2026-07-31T17:52:01.532396
cedc9d14-3565-4244-bede-4106c463442b,31029486-3cd3-4020-ad98-4aff05d029d1,ae9fd366-c734-40ed-a400-bcb11499a529,ADD_TO_CART,5.0,2026-07-31T17:52:01.532396
f57f09de-87a9-4a33-b751-c130b82f370b,31029486-3cd3-4020-ad98-4aff05d029d1,48c05eff-6a2c-4517-9f87-23a6d289b906,PURCHASE,10.0,2026-08-18T15:52:01.532396
f95aa672-1ff6-4862-91ca-42acb0e07e36,31029486-3cd3-4020-ad98-4aff05d029d1,48c05eff-6a2c-4517-9f87-23a6d289b906,ADD_TO_CART,5.0,2026-08-18T15:52:01.532396
272f6cd6-3672-4d90-95d0-9c6545c36e29,31029486-3cd3-4020-ad98-4aff05d029d1,c2baad76-3877-4321-9e02-47d4f8e4cc46,PURCHASE,10.0,2026-08-18T15:52:01.532396
eebfe8f6-1a81-48b8-a1c8-11b10d845b49,31029486-3cd3-4020-ad98-4aff05d029d1,ca810efa-f2ec-4c94-85c8-746258ad8064,PURCHASE,10.0,2026-08-18T15:52:01.532396
4fd14f0d-a192-4163-8391-62eb36c38823,31029486-3cd3-4020-ad98-4aff05d029d1,ca810efa-f2ec-4c94-85c8-746258ad8064,ADD_TO_CART,5.0,2026-08-18T15:52:01.532396
681177a4-03c8-4159-9f0b-4e5e40473fae,31029486-3cd3-4020-ad98-4aff05d029d1,02e5b404-20cc-418d-a7b0-36017ac6406e,PURCHASE,10.0,2026-08-18T15:52:01.532396
7cccdad4-e1d6-4a74-9d25-19dacb73d862,31029486-3cd3-4020-ad98-4aff05d029d1,02e5b404-20cc-418d-a7b0-36017ac6406e,ADD_TO_CART,5.0,2026-08-18T15:52:01.532396
dafa2d77-b691-4fc7-929d-05ca425149d7,31029486-3cd3-4020-ad98-4aff05d029d1,acea3378-4bf7-4d40-8a6e-bab5fadc2196,PURCHASE,10.0,2026-08-18T20:52:01.532396
a7f67a45-e120-487f-b162-12e05fa60215,31029486-3cd3-4020-ad98-4aff05d029d1,acea3378-4bf7-4d40-8a6e-bab5fadc2196,ADD_TO_CART,5.0,2026-08-18T20:52:01.532396
b191d776-45b2-483b-a519-da637254a853,31029486-3cd3-4020-ad98-4aff05d029d1,ff6ed914-1af0-4743-a219-3c47dd0455f8,PURCHASE,10.0,2026-08-18T20:52:01.532396
d1ad07ff-1ba9-4a96-9fdd-67252119a3c5,31029486-3cd3-4020-ad98-4aff05d029d1,ff6ed914-1af0-4743-a219-3c47dd0455f8,ADD_TO_CART,5.0,2026-08-18T20:52:01.532396
8380c053-885a-41ef-9204-aa9f59817745,31029486-3cd3-4020-ad98-4aff05d029d1,e13af574-1a3d-4d74-a9d2-fcc42f75a927,PURCHASE,10.0,2026-08-18T20:52:01.532396
c7ce5fd2-f2b6-49c6-af17-ff16be65515b,31029486-3cd3-4020-ad98-4aff05d029d1,16d265ed-77a0-4a24-afb5-719cba043ada,PURCHASE,10.0,2026-08-27T15:52:01.532396
23df7abe-2467-464b-b488-94813b45d6af,31029486-3cd3-4020-ad98-4aff05d029d1,84880841-242e-47ad-b889-243a3d69f06a,PURCHASE,10.0,2026-08-27T15:52:01.532396
b0ec9945-ca0b-4fc2-8378-d4fc9680a825,31029486-3cd3-4020-ad98-4aff05d029d1,93972ebd-a548-446c-a61e-54abc0d9eb7a,PURCHASE,10.0,2026-08-27T15:52:01.532396
88f982e2-ec79-4d01-9649-9c82d80834d6,31029486-3cd3-4020-ad98-4aff05d029d1,0994cb89-90be-4944-806b-eeefe4d6eabb,PURCHASE,10.0,2026-09-06T12:52:01.532396
c54755f8-c151-4a78-9c33-a9068d9b9264,31029486-3cd3-4020-ad98-4aff05d029d1,91c9927e-dbc0-4857-b3b3-487f7a5adc1d,PURCHASE,10.0,2026-09-06T12:52:01.532396
43524590-a1bb-4ac7-acf1-a004d88d5c86,31029486-3cd3-4020-ad98-4aff05d029d1,a7290bdd-22fb-4a4d-a4a4-c2bf75c7ab09,PURCHASE,10.0,2026-09-06T12:52:01.532396
d45b1699-3264-4a99-ab8f-71c08afe3083,31029486-3cd3-4020-ad98-4aff05d029d1,a7290bdd-22fb-4a4d-a4a4-c2bf75c7ab09,ADD_TO_CART,5.0,2026-09-06T12:52:01.532396
e6d0ef4b-ec8d-4134-8623-5d8f5bb2899e,7d95baf6-9014-479f-825c-8329b36563da,54e68afd-8558-4ef5-85a1-3e2ff3b0d76a,PURCHASE,10.0,2026-08-16T12:52:01.532396
7f6529cc-ddf4-4b75-85e0-1988dec1c442,7d95baf6-9014-479f-825c-8329b36563da,590e80bb-af16-404a-9e65-c9a5fb7cd1dd,PURCHASE,10.0,2026-08-16T12:52:01.532396
256bd738-3235-4004-8546-799e98b2b9d2,7d95baf6-9014-479f-825c-8329b36563da,90d08764-413b-4792-ac7f-41915db7fab3,PURCHASE,10.0,2026-08-16T12:52:01.532396
2dcab13f-f6f9-488f-8df8-2502be55d16f,7d95baf6-9014-479f-825c-8329b36563da,90d08764-413b-4792-ac7f-41915db7fab3,ADD_TO_CART,5.0,2026-08-16T12:52:01.532396
19de0852-479b-4ea0-95cb-47d77c02a4d2,7d95baf6-9014-479f-825c-8329b36563da,a9adc9d0-b23e-4e5d-be77-825b68788f9f,PURCHASE,10.0,2026-08-16T12:52:01.532396
9895b0ea-51f6-40fa-b96f-9851629bfb47,7d95baf6-9014-479f-825c-8329b36563da,c9093b22-8d92-453a-a21a-e917e2a5f225,PURCHASE,10.0,2026-08-16T12:52:01.532396
78dadb14-53bd-4e6a-8bd8-35fa5d0cc8a8,7d95baf6-9014-479f-825c-8329b36563da,c9093b22-8d92-453a-a21a-e917e2a5f225,ADD_TO_CART,5.0,2026-08-16T12:52:01.532396
43cba6d8-ff72-4f81-bdb2-97eb72545f98,7d95baf6-9014-479f-825c-8329b36563da,104009cc-da4b-4dee-a460-f070c98af59a,PURCHASE,10.0,2026-08-16T12:52:01.532396
3814f9b3-c47e-4cb1-9527-4b6e09760a4e,7d95baf6-9014-479f-825c-8329b36563da,5b8c6336-1da2-4e93-a5fb-3781c59c29bb,PURCHASE,10.0,2026-08-02T18:52:01.532396
16b6f8c9-cc83-4aaa-b072-c46eb222a4b7,7d95baf6-9014-479f-825c-8329b36563da,b4c436be-f3b0-415f-bf41-4043d721bf73,PURCHASE,10.0,2026-08-02T18:52:01.532396
0af0940f-d409-4478-9305-4b9c7445f237,7d95baf6-9014-479f-825c-8329b36563da,6fcc34f9-1490-4c70-ae89-f338a3157ec6,PURCHASE,10.0,2026-08-02T18:52:01.532396
fee27f81-12c5-4bf6-ac57-5921acb693ed,7d95baf6-9014-479f-825c-8329b36563da,e7185a39-0261-4ed3-8614-036ab8432fa2,PURCHASE,10.0,2026-08-13T21:52:01.532396
b221ccf8-c9da-4f00-a10b-1e0e5e58d5e8,7d95baf6-9014-479f-825c-8329b36563da,0921c244-e74f-43b4-b909-08651f21641e,PURCHASE,10.0,2026-08-13T21:52:01.532396
ce526021-46ac-4ae2-8f69-189c041d5e48,7d95baf6-9014-479f-825c-8329b36563da,0921c244-e74f-43b4-b909-08651f21641e,ADD_TO_CART,5.0,2026-08-13T21:52:01.532396
7fc0f30e-548f-464b-b40b-e9e3d55f779f,7d95baf6-9014-479f-825c-8329b36563da,f7bc89a4-3acf-4f49-af2d-c878fc6e6f45,PURCHASE,10.0,2026-08-13T21:52:01.532396
c69f8e96-e9f6-40e1-a4de-b3a3eda24dde,7d95baf6-9014-479f-825c-8329b36563da,4cc80ba9-1884-4b13-8df8-b093b3882660,PURCHASE,10.0,2026-08-13T21:52:01.532396
99c363ea-f570-4749-bd18-e9659e410087,7d95baf6-9014-479f-825c-8329b36563da,b28cb93f-5655-4e05-ab35-b46ab2e434bc,PURCHASE,10.0,2026-08-13T21:52:01.532396
44b39b99-8620-40dd-a3fd-10ca403ce180,7d95baf6-9014-479f-825c-8329b36563da,b28cb93f-5655-4e05-ab35-b46ab2e434bc,ADD_TO_CART,5.0,2026-08-13T21:52:01.532396
86397a9f-2bb2-4e0d-ac73-6867d16f372a,7d95baf6-9014-479f-825c-8329b36563da,48c05eff-6a2c-4517-9f87-23a6d289b906,PURCHASE,10.0,2026-08-15T21:52:01.535686
b752a41c-e929-4d27-8999-8d5c64410bd8,7d95baf6-9014-479f-825c-8329b36563da,a25999f5-62a0-4f6a-9365-8884d42cb059,PURCHASE,10.0,2026-08-15T21:52:01.535686
fca41879-b726-4fe0-a8cd-bf0ef19365e7,7d95baf6-9014-479f-825c-8329b36563da,a25999f5-62a0-4f6a-9365-8884d42cb059,ADD_TO_CART,5.0,2026-08-15T21:52:01.535686
1fa41adf-da37-4ae2-8a4c-dc51c2173fb6,7d95baf6-9014-479f-825c-8329b36563da,f725f521-e54b-4b98-bef4-b645547b1610,PURCHASE,10.0,2026-08-15T21:52:01.535686
902a2a09-d5a4-4ab0-9fe4-6e2214b2fe7c,7d95baf6-9014-479f-825c-8329b36563da,37de3597-b603-4c63-8ff2-99e7384b7a13,PURCHASE,10.0,2026-08-15T21:52:01.535686
54cd6c9d-b2c6-46af-b5db-06b8787c7e68,7d95baf6-9014-479f-825c-8329b36563da,37de3597-b603-4c63-8ff2-99e7384b7a13,ADD_TO_CART,5.0,2026-08-15T21:52:01.535686
9eaf51e8-e11e-473a-ae0d-c9a1d24a4422,7d95baf6-9014-479f-825c-8329b36563da,119171e8-3049-4289-a1e6-20156e6d3e20,PURCHASE,10.0,2026-08-30T17:52:01.535686
a717d7de-a106-42eb-8b66-47783ade6bd0,7d95baf6-9014-479f-825c-8329b36563da,39dac036-1cbb-41e3-9550-b0ec6a31b6eb,PURCHASE,10.0,2026-08-30T17:52:01.535686
79556bb3-180c-47b4-b064-c5828021d78c,7d95baf6-9014-479f-825c-8329b36563da,39dac036-1cbb-41e3-9550-b0ec6a31b6eb,ADD_TO_CART,5.0,2026-08-30T17:52:01.535686
436d5bdd-1631-498f-acb6-c45e3dbf10cb,7d95baf6-9014-479f-825c-8329b36563da,f725f521-e54b-4b98-bef4-b645547b1610,PURCHASE,10.0,2026-08-30T17:52:01.535686
42a6edca-28c4-420a-9e43-5b2b45410e7c,7d95baf6-9014-479f-825c-8329b36563da,90d08764-413b-4792-ac7f-41915db7fab3,PURCHASE,10.0,2026-09-04T21:52:01.535686
ddefb73a-e82a-41c9-b96d-be41108a10d8,7d95baf6-9014-479f-825c-8329b36563da,90d08764-413b-4792-ac7f-41915db7fab3,ADD_TO_CART,5.0,2026-09-04T21:52:01.535686
78448438-6c45-4677-a762-c2c5f915ffe8,7d95baf6-9014-479f-825c-8329b36563da,3a50c212-b6a5-4a68-8319-9c27735e8d16,PURCHASE,10.0,2026-09-04T21:52:01.535686
fee52271-a792-4c82-ac13-a8d331f45942,7d95baf6-9014-479f-825c-8329b36563da,0f8ffc1d-42dd-4b60-a223-644c0eb7d1c4,PURCHASE,10.0,2026-09-04T21:52:01.535686
36c89ba0-38dc-4e2a-a798-d9bcaa05440f,081e8113-878b-4022-8cdf-0bfc6dda5167,0c46d491-ceb2-4f60-94c0-c9ee7e6802a3,PURCHASE,10.0,2026-08-19T16:52:01.537722
1af6431b-b832-4fb5-8bb3-fe7246be6ca0,081e8113-878b-4022-8cdf-0bfc6dda5167,0c46d491-ceb2-4f60-94c0-c9ee7e6802a3,ADD_TO_CART,5.0,2026-08-19T16:52:01.537722
6a3ffbd3-908c-42d7-9f19-83908d3f7b49,081e8113-878b-4022-8cdf-0bfc6dda5167,43feb303-a583-451a-bf7d-b766f4a40b12,PURCHASE,10.0,2026-08-19T16:52:01.537722
0973bcc3-649f-4c73-8448-8be6050167e8,081e8113-878b-4022-8cdf-0bfc6dda5167,70e90051-397e-40bf-833c-120d977f7445,PURCHASE,10.0,2026-08-19T16:52:01.537722
bf757941-f715-41b3-8c5b-a76cae20378e,081e8113-878b-4022-8cdf-0bfc6dda5167,70e90051-397e-40bf-833c-120d977f7445,ADD_TO_CART,5.0,2026-08-19T16:52:01.537722
6f01ba88-6dd2-461f-814f-f9070b7cff3c,081e8113-878b-4022-8cdf-0bfc6dda5167,749c4ddf-974f-4931-a100-4225142185fc,PURCHASE,10.0,2026-08-19T16:52:01.537722
1cdb14ca-6aa3-4d08-86f4-08bcf4a19ee7,081e8113-878b-4022-8cdf-0bfc6dda5167,10a2f7b5-2629-4dff-b0d1-9d3c4c954908,PURCHASE,10.0,2026-08-25T21:52:01.537722
34b3ccdb-3748-482f-b159-12f5e3eb0e15,081e8113-878b-4022-8cdf-0bfc6dda5167,40dc9d92-f58c-4d7d-9147-c68c24af66b3,PURCHASE,10.0,2026-08-25T21:52:01.537722
59751896-22e4-492d-bc76-b4c9a7574409,081e8113-878b-4022-8cdf-0bfc6dda5167,dcc92c40-ca3b-40c8-9cbf-72290ee7e3a0,PURCHASE,10.0,2026-08-25T21:52:01.537722
8068830a-1fec-4008-9ae1-452ac7a8fed5,081e8113-878b-4022-8cdf-0bfc6dda5167,749c4ddf-974f-4931-a100-4225142185fc,PURCHASE,10.0,2026-08-25T21:52:01.537722
4ba1acd2-05da-42b3-a10b-747f37d2e074,081e8113-878b-4022-8cdf-0bfc6dda5167,749c4ddf-974f-4931-a100-4225142185fc,ADD_TO_CART,5.0,2026-08-25T21:52:01.537722
3766e235-9306-4cb4-87ea-947c45811be8,081e8113-878b-4022-8cdf-0bfc6dda5167,3d4ce172-6260-4dfa-9af8-74eeb46f6ae1,PURCHASE,10.0,2026-08-30T19:52:01.537722
4d2c0f95-e4bb-40d6-81af-cd47a22364b4,081e8113-878b-4022-8cdf-0bfc6dda5167,40dc9d92-f58c-4d7d-9147-c68c24af66b3,PURCHASE,10.0,2026-08-30T19:52:01.537722
b5a38052-95c3-4e57-9efb-1efdd4db9ef0,081e8113-878b-4022-8cdf-0bfc6dda5167,f9d76a86-af1e-436b-ba84-54d2e8a3573e,PURCHASE,10.0,2026-08-30T19:52:01.537722
c4b1bab6-a851-44fc-b508-b72e5508f583,081e8113-878b-4022-8cdf-0bfc6dda5167,f9d76a86-af1e-436b-ba84-54d2e8a3573e,ADD_TO_CART,5.0,2026-08-30T19:52:01.537722
75b6552e-c7b0-4394-a01d-a67594d814a9,081e8113-878b-4022-8cdf-0bfc6dda5167,10f05ff2-ae9e-42f6-9878-a22a6ac8d86c,PURCHASE,10.0,2026-08-30T19:52:01.537722
7cb2fbf3-63f7-4ce2-98fb-2c43c760a38e,081e8113-878b-4022-8cdf-0bfc6dda5167,10f05ff2-ae9e-42f6-9878-a22a6ac8d86c,ADD_TO_CART,5.0,2026-08-30T19:52:01.537722
eb087446-82b0-4f48-b16c-812513b889ca,081e8113-878b-4022-8cdf-0bfc6dda5167,0c46d491-ceb2-4f60-94c0-c9ee7e6802a3,PURCHASE,10.0,2026-08-24T15:52:01.537722
ed0340b7-14cf-42ad-8fb7-d975b52d00f3,081e8113-878b-4022-8cdf-0bfc6dda5167,40dc9d92-f58c-4d7d-9147-c68c24af66b3,PURCHASE,10.0,2026-08-24T15:52:01.537722
4b8ac3a2-5dce-459b-b72d-4e18cf4ab73f,081e8113-878b-4022-8cdf-0bfc6dda5167,40dc9d92-f58c-4d7d-9147-c68c24af66b3,ADD_TO_CART,5.0,2026-08-24T15:52:01.537722
b8f847d7-3554-491e-83fb-85168ebb625e,081e8113-878b-4022-8cdf-0bfc6dda5167,cb56deaa-8d41-4adc-8a3f-3bdf869aed1e,PURCHASE,10.0,2026-08-24T15:52:01.537722
d05d0e00-ad42-437a-8aaa-2b9f305f13cf,081e8113-878b-4022-8cdf-0bfc6dda5167,300c236a-5cf1-4646-b74a-bd449ed18374,PURCHASE,10.0,2026-08-24T15:52:01.537722
e4bceaeb-469c-4328-b55b-5dd43d774900,081e8113-878b-4022-8cdf-0bfc6dda5167,75b6ac0e-4dbc-44ea-9955-7a0b349e0bb4,PURCHASE,10.0,2026-09-03T16:52:01.539794
8712a4aa-f44a-439c-83a4-bd1317374238,081e8113-878b-4022-8cdf-0bfc6dda5167,aae46e83-5eca-4bae-83be-d1af00c5cdc0,PURCHASE,10.0,2026-09-03T16:52:01.539794
c2db74d4-f669-498b-8377-49f88a77fba4,081e8113-878b-4022-8cdf-0bfc6dda5167,91cc837c-d604-411e-809c-ace8df152781,PURCHASE,10.0,2026-09-03T16:52:01.539794
c6827084-3da8-4fce-a778-3208882a0fa1,081e8113-878b-4022-8cdf-0bfc6dda5167,91cc837c-d604-411e-809c-ace8df152781,ADD_TO_CART,5.0,2026-09-03T16:52:01.539794
3c39c884-1464-45c3-9052-3b28fc77c342,081e8113-878b-4022-8cdf-0bfc6dda5167,a9adc9d0-b23e-4e5d-be77-825b68788f9f,PURCHASE,10.0,2026-09-03T16:52:01.539794
3631b4f5-5103-4e7c-90c6-ec67fafabac8,081e8113-878b-4022-8cdf-0bfc6dda5167,5047cd9e-3e7c-4353-9a40-985fe62f9d23,PURCHASE,10.0,2026-09-03T16:52:01.539794
8b45b1bb-0aa2-4db8-9062-7b8787e92368,081e8113-878b-4022-8cdf-0bfc6dda5167,5047cd9e-3e7c-4353-9a40-985fe62f9d23,ADD_TO_CART,5.0,2026-09-03T16:52:01.539794
f7b7e084-0231-4a3a-9799-85ec15dbc546,46ed7332-a6b6-4f08-ae6b-4ce2687249fc,e8e1f6be-df4b-472a-b946-31dfbfb43dd2,PURCHASE,10.0,2026-08-24T15:52:01.539794
c7d3597c-27de-40c3-b1b6-f1b38878b8ff,46ed7332-a6b6-4f08-ae6b-4ce2687249fc,cd421415-e774-4ace-b0dc-d63a85efee9b,PURCHASE,10.0,2026-08-24T15:52:01.539794
bc68be84-93e8-40a1-a8ec-c35792be1cd1,46ed7332-a6b6-4f08-ae6b-4ce2687249fc,cd421415-e774-4ace-b0dc-d63a85efee9b,ADD_TO_CART,5.0,2026-08-24T15:52:01.539794
b3df53f9-c72b-4800-9c58-6ee957cc13fa,46ed7332-a6b6-4f08-ae6b-4ce2687249fc,d848e305-da92-42ae-a09b-220a4628adde,PURCHASE,10.0,2026-08-24T15:52:01.539794
5d77bc56-babe-4c45-8ef0-60e4f53fa13b,46ed7332-a6b6-4f08-ae6b-4ce2687249fc,d848e305-da92-42ae-a09b-220a4628adde,ADD_TO_CART,5.0,2026-08-24T15:52:01.539794
e588126e-7629-4727-ab2f-feeb4663f8ca,46ed7332-a6b6-4f08-ae6b-4ce2687249fc,2fd004c8-0a2f-4ef5-a7d2-64e91931e920,PURCHASE,10.0,2026-08-24T15:52:01.539794
3ed94197-f952-48d6-848a-6d93af2d5022,46ed7332-a6b6-4f08-ae6b-4ce2687249fc,04f54342-120a-43fa-9062-b8d0771ca8a7,PURCHASE,10.0,2026-09-03T19:52:01.539794
0bd7a114-1e56-4245-a756-8135df869b45,46ed7332-a6b6-4f08-ae6b-4ce2687249fc,04f54342-120a-43fa-9062-b8d0771ca8a7,ADD_TO_CART,5.0,2026-09-03T19:52:01.539794
970cf3ab-bc29-4f70-a803-3b27a5524f3c,46ed7332-a6b6-4f08-ae6b-4ce2687249fc,a30967de-2eeb-4230-9552-7c88ededd081,PURCHASE,10.0,2026-09-03T19:52:01.539794
f0c0674f-b78c-4213-b9e4-e1be6fff6927,46ed7332-a6b6-4f08-ae6b-4ce2687249fc,a30967de-2eeb-4230-9552-7c88ededd081,ADD_TO_CART,5.0,2026-09-03T19:52:01.539794
d54152d1-31cd-47eb-90ee-2d3a96740231,46ed7332-a6b6-4f08-ae6b-4ce2687249fc,478565a6-134b-43e0-99c5-454f4ff7cbf0,PURCHASE,10.0,2026-09-03T19:52:01.539794
3daebb03-8d8e-436e-b59d-72ab8f958645,46ed7332-a6b6-4f08-ae6b-4ce2687249fc,478565a6-134b-43e0-99c5-454f4ff7cbf0,ADD_TO_CART,5.0,2026-09-03T19:52:01.539794
8d6c4304-38ad-440b-b122-ff346ea19687,46ed7332-a6b6-4f08-ae6b-4ce2687249fc,ccc17542-0192-4e15-82a8-2224b628efab,PURCHASE,10.0,2026-09-03T19:52:01.539794
78f6f771-181a-4e46-8235-282026d8e9a4,46ed7332-a6b6-4f08-ae6b-4ce2687249fc,431c6fc2-0f8a-4db6-ae8e-8a20bad8a86f,PURCHASE,10.0,2026-09-03T19:52:01.539794
614cae51-f0ee-46be-89bb-aeb0393e9527,46ed7332-a6b6-4f08-ae6b-4ce2687249fc,d6793f9d-f087-485a-a0e0-09ea5616fcef,PURCHASE,10.0,2026-09-03T19:52:01.539794
d06803c3-7d82-4f61-8e17-b42f9a5b770d,46ed7332-a6b6-4f08-ae6b-4ce2687249fc,04f54342-120a-43fa-9062-b8d0771ca8a7,PURCHASE,10.0,2026-09-03T21:52:01.539794
2ddce885-fa11-45a1-9df4-25dc12f4dcf2,46ed7332-a6b6-4f08-ae6b-4ce2687249fc,ef1edfc3-47b7-4fd4-83d6-8e411458ec16,PURCHASE,10.0,2026-09-03T21:52:01.539794
a74879f7-1560-4cb8-b903-7644c3e096e1,46ed7332-a6b6-4f08-ae6b-4ce2687249fc,e9fb161f-634a-44fb-9050-efc22a610c33,PURCHASE,10.0,2026-09-03T21:52:01.539794
2c285bff-1042-4dab-b777-7b5a7e7451ba,46ed7332-a6b6-4f08-ae6b-4ce2687249fc,61994682-174b-47e1-a92b-8d56e543416b,PURCHASE,10.0,2026-09-03T21:52:01.539794
4a79cf2a-fd7d-42b1-aeec-88e474fb9a2e,8b9f7985-5ef6-485d-959c-fd171563bb8a,04f54342-120a-43fa-9062-b8d0771ca8a7,PURCHASE,10.0,2026-08-04T12:52:01.539794
ad4607f9-162a-4cd6-8125-62b3346693b9,8b9f7985-5ef6-485d-959c-fd171563bb8a,590e80bb-af16-404a-9e65-c9a5fb7cd1dd,PURCHASE,10.0,2026-08-04T12:52:01.539794
c19d67e1-a0d9-40ab-845c-53f1ac7e16ce,8b9f7985-5ef6-485d-959c-fd171563bb8a,73ba2336-7a3c-47ec-af09-dc36f47b00fc,PURCHASE,10.0,2026-08-04T12:52:01.539794
bf768403-b812-40ab-a545-32cbc2994902,8b9f7985-5ef6-485d-959c-fd171563bb8a,73ba2336-7a3c-47ec-af09-dc36f47b00fc,ADD_TO_CART,5.0,2026-08-04T12:52:01.539794
68a1b78d-d519-47c6-bfdf-7dceb0c03ddd,8b9f7985-5ef6-485d-959c-fd171563bb8a,d5474396-93fa-4ca5-9ce7-c2637eb3b02b,PURCHASE,10.0,2026-08-04T12:52:01.539794
5e7e3484-e12d-4214-90a7-e48c5bf348cf,8b9f7985-5ef6-485d-959c-fd171563bb8a,d5474396-93fa-4ca5-9ce7-c2637eb3b02b,ADD_TO_CART,5.0,2026-08-04T12:52:01.539794
bff69f78-4ba7-4e5f-ac4d-10c5f7359d07,8b9f7985-5ef6-485d-959c-fd171563bb8a,c6914581-923c-445a-9f9c-eaf0ec5a2c33,PURCHASE,10.0,2026-08-04T12:52:01.539794
dfdcac43-bca2-4260-b3e3-fc8e5292b598,8b9f7985-5ef6-485d-959c-fd171563bb8a,3f85cf21-51b3-4ff1-bcb6-e1e762386094,PURCHASE,10.0,2026-08-04T12:52:01.539794
6aadb808-34b1-458e-a1f9-36442a03353d,8b9f7985-5ef6-485d-959c-fd171563bb8a,3f85cf21-51b3-4ff1-bcb6-e1e762386094,ADD_TO_CART,5.0,2026-08-04T12:52:01.539794
ab231201-49b5-46f7-bf0e-6e6c6a7ec058,8b9f7985-5ef6-485d-959c-fd171563bb8a,f5ecb502-edeb-4f3d-9b76-0d53f2ba0bcf,PURCHASE,10.0,2026-08-20T12:52:01.539794
dddddff0-c322-4f67-a255-c273e787232a,8b9f7985-5ef6-485d-959c-fd171563bb8a,590e80bb-af16-404a-9e65-c9a5fb7cd1dd,PURCHASE,10.0,2026-08-20T12:52:01.539794
87bbe8f7-3153-434d-9a52-6a9210c2c1c2,8b9f7985-5ef6-485d-959c-fd171563bb8a,3d4ce172-6260-4dfa-9af8-74eeb46f6ae1,PURCHASE,10.0,2026-08-20T12:52:01.539794
a5667add-9033-436b-a3f1-df4e9d6b8c93,8b9f7985-5ef6-485d-959c-fd171563bb8a,d5474396-93fa-4ca5-9ce7-c2637eb3b02b,PURCHASE,10.0,2026-08-20T12:52:01.539794
749582bd-4927-4d5e-afa3-3e889ab44024,8b9f7985-5ef6-485d-959c-fd171563bb8a,9c21e0d1-367d-46e5-8ddf-c5c2e66c5178,PURCHASE,10.0,2026-08-20T12:52:01.539794
4827cb6a-1135-4807-a9cc-acc704a03409,8b9f7985-5ef6-485d-959c-fd171563bb8a,9c21e0d1-367d-46e5-8ddf-c5c2e66c5178,ADD_TO_CART,5.0,2026-08-20T12:52:01.539794
1c80dc74-ba3a-4245-abd3-2a21a5e7f133,8b9f7985-5ef6-485d-959c-fd171563bb8a,acea3378-4bf7-4d40-8a6e-bab5fadc2196,PURCHASE,10.0,2026-08-25T13:52:01.539794
5569b88e-e8fc-426a-9538-01912d3d0ed0,8b9f7985-5ef6-485d-959c-fd171563bb8a,acea3378-4bf7-4d40-8a6e-bab5fadc2196,ADD_TO_CART,5.0,2026-08-25T13:52:01.539794
17b39e8c-7643-4684-8290-e6c6fe2b9759,8b9f7985-5ef6-485d-959c-fd171563bb8a,3a552307-6f65-4c3a-a54d-d271c022e93b,PURCHASE,10.0,2026-08-25T13:52:01.539794
bd18c4d1-5d94-4cdf-b589-1c50e080b41d,8b9f7985-5ef6-485d-959c-fd171563bb8a,2afaf5f3-0c2f-43fa-9e3d-c2b394605f1a,PURCHASE,10.0,2026-08-25T13:52:01.539794
0cc1e4bf-fb4f-4513-8771-e5490972c31d,8b9f7985-5ef6-485d-959c-fd171563bb8a,c550a097-fe9a-4708-a8de-917d87890596,PURCHASE,10.0,2026-08-25T13:52:01.539794
46da0e47-be8a-4e05-8f29-bf0815e0d6c0,8b9f7985-5ef6-485d-959c-fd171563bb8a,749c4ddf-974f-4931-a100-4225142185fc,PURCHASE,10.0,2026-08-25T13:52:01.539794
17d9c346-f745-4f29-8d87-a690063bff73,8b9f7985-5ef6-485d-959c-fd171563bb8a,749c4ddf-974f-4931-a100-4225142185fc,ADD_TO_CART,5.0,2026-08-25T13:52:01.539794
42281112-9898-444a-94d7-7ce07d757967,8b9f7985-5ef6-485d-959c-fd171563bb8a,f7bc89a4-3acf-4f49-af2d-c878fc6e6f45,PURCHASE,10.0,2026-08-24T21:52:01.539794
67010b4a-4f5b-43e9-8e37-f40f16d2bef5,8b9f7985-5ef6-485d-959c-fd171563bb8a,f7bc89a4-3acf-4f49-af2d-c878fc6e6f45,ADD_TO_CART,5.0,2026-08-24T21:52:01.539794
ba15cfc9-ed2f-4742-b947-42236cd55588,8b9f7985-5ef6-485d-959c-fd171563bb8a,14be1626-52a6-4663-a86f-3e63efc5b7f1,PURCHASE,10.0,2026-08-24T21:52:01.539794
9f76662e-ca66-4ac6-9e2a-e93c89c8aca0,8b9f7985-5ef6-485d-959c-fd171563bb8a,70e90051-397e-40bf-833c-120d977f7445,PURCHASE,10.0,2026-08-24T21:52:01.539794
f171eb96-caf6-4a92-8fb3-ac845dbeb57f,8b9f7985-5ef6-485d-959c-fd171563bb8a,c6914581-923c-445a-9f9c-eaf0ec5a2c33,PURCHASE,10.0,2026-08-24T21:52:01.539794
dbf1daa6-b7e4-4ce2-98d2-0d16c478dddb,8b9f7985-5ef6-485d-959c-fd171563bb8a,5ac74607-116b-439d-bc3c-14d60fbbf3c9,PURCHASE,10.0,2026-08-26T21:52:01.539794
1dbb9558-aa28-479e-b6f0-1bd103a107f4,8b9f7985-5ef6-485d-959c-fd171563bb8a,5ac74607-116b-439d-bc3c-14d60fbbf3c9,ADD_TO_CART,5.0,2026-08-26T21:52:01.539794
ebd750ed-0626-42d7-8264-2a89aa349df5,8b9f7985-5ef6-485d-959c-fd171563bb8a,3a552307-6f65-4c3a-a54d-d271c022e93b,PURCHASE,10.0,2026-08-26T21:52:01.539794
2dfc6991-8dd2-4030-b59c-9d1c0596a29d,8b9f7985-5ef6-485d-959c-fd171563bb8a,3a552307-6f65-4c3a-a54d-d271c022e93b,ADD_TO_CART,5.0,2026-08-26T21:52:01.539794
a7ce322a-420f-4b87-9c6f-443a2e4b3c57,8b9f7985-5ef6-485d-959c-fd171563bb8a,9fde5f92-80d6-4098-9f79-62288afa3012,PURCHASE,10.0,2026-08-26T21:52:01.539794
2a6e2017-a4e8-4f0e-aa02-3c553810ab25,8b9f7985-5ef6-485d-959c-fd171563bb8a,9fde5f92-80d6-4098-9f79-62288afa3012,ADD_TO_CART,5.0,2026-08-26T21:52:01.539794
4fbf2f98-e163-4f1a-b43d-96f92d4f85fd,8b9f7985-5ef6-485d-959c-fd171563bb8a,c6914581-923c-445a-9f9c-eaf0ec5a2c33,PURCHASE,10.0,2026-08-26T21:52:01.539794
9daddbe6-c5fd-4f4f-b341-1a5a4be3d32d,8b9f7985-5ef6-485d-959c-fd171563bb8a,acea3378-4bf7-4d40-8a6e-bab5fadc2196,PURCHASE,10.0,2026-09-04T15:52:01.539794
74a51168-1422-407c-9f6a-6d5b5e4cea18,8b9f7985-5ef6-485d-959c-fd171563bb8a,acea3378-4bf7-4d40-8a6e-bab5fadc2196,ADD_TO_CART,5.0,2026-09-04T15:52:01.539794
4ae12cdc-19e5-437b-988a-768048b76208,8b9f7985-5ef6-485d-959c-fd171563bb8a,cd421415-e774-4ace-b0dc-d63a85efee9b,PURCHASE,10.0,2026-09-04T15:52:01.539794
dbe661b3-24f7-41fb-aa23-c6248125606a,8b9f7985-5ef6-485d-959c-fd171563bb8a,af0f56de-c9ad-4e77-9616-63f500df272d,PURCHASE,10.0,2026-09-04T15:52:01.539794
b395c3d9-a539-47e5-85e3-1a964b9fdea5,8b9f7985-5ef6-485d-959c-fd171563bb8a,af0f56de-c9ad-4e77-9616-63f500df272d,ADD_TO_CART,5.0,2026-09-04T15:52:01.539794
4c8b5372-dcc8-4588-be06-176b71750344,8b9f7985-5ef6-485d-959c-fd171563bb8a,c6914581-923c-445a-9f9c-eaf0ec5a2c33,PURCHASE,10.0,2026-09-04T15:52:01.539794
b2a0a7f8-e311-4481-9dec-4237a5113896,e47d2dca-4d7f-4788-8ee9-e5c35611e94b,fd8c9d08-eb21-41d5-9636-2248c81282bf,PURCHASE,10.0,2026-08-08T18:52:01.539794
99435a94-77cd-4eca-844c-321175ce5a77,e47d2dca-4d7f-4788-8ee9-e5c35611e94b,fd8c9d08-eb21-41d5-9636-2248c81282bf,ADD_TO_CART,5.0,2026-08-08T18:52:01.539794
60446e27-17f7-41b7-857f-aa1d2d333191,e47d2dca-4d7f-4788-8ee9-e5c35611e94b,f001e0a4-8020-4880-8626-0a0c1e822852,PURCHASE,10.0,2026-08-08T18:52:01.539794
433e5b47-8053-4d3d-80d7-8dccbc524f5a,e47d2dca-4d7f-4788-8ee9-e5c35611e94b,70e90051-397e-40bf-833c-120d977f7445,PURCHASE,10.0,2026-08-08T18:52:01.539794
a05cdb5b-e3c7-4650-baa0-4ddc92850dda,e47d2dca-4d7f-4788-8ee9-e5c35611e94b,c6914581-923c-445a-9f9c-eaf0ec5a2c33,PURCHASE,10.0,2026-08-08T18:52:01.539794
2313db99-86d0-4470-85f1-9c893ec1032d,e47d2dca-4d7f-4788-8ee9-e5c35611e94b,c6914581-923c-445a-9f9c-eaf0ec5a2c33,ADD_TO_CART,5.0,2026-08-08T18:52:01.539794
73f7cc6b-6f5c-4aa9-a64c-dad953708d47,e47d2dca-4d7f-4788-8ee9-e5c35611e94b,3a50c212-b6a5-4a68-8319-9c27735e8d16,PURCHASE,10.0,2026-08-22T18:52:01.539794
471f9139-5760-4c03-92cb-46fd8bf3b151,e47d2dca-4d7f-4788-8ee9-e5c35611e94b,3a50c212-b6a5-4a68-8319-9c27735e8d16,ADD_TO_CART,5.0,2026-08-22T18:52:01.539794
2c642696-c73b-494a-be60-43dffa2407eb,e47d2dca-4d7f-4788-8ee9-e5c35611e94b,028a6f74-cbb2-4589-8fa2-ca3fba159ad4,PURCHASE,10.0,2026-08-22T18:52:01.539794
b611d67f-9a16-4ba0-bbd9-46ff7521d7c8,e47d2dca-4d7f-4788-8ee9-e5c35611e94b,028a6f74-cbb2-4589-8fa2-ca3fba159ad4,ADD_TO_CART,5.0,2026-08-22T18:52:01.539794
8dcb4739-54ed-4628-baf7-4400ac4a0e16,e47d2dca-4d7f-4788-8ee9-e5c35611e94b,9f51b935-07d8-4b4c-8d00-113810aa5770,PURCHASE,10.0,2026-08-22T18:52:01.539794
d6f75b2d-b26c-4dcd-9777-17532ad8b710,e47d2dca-4d7f-4788-8ee9-e5c35611e94b,588f8f78-1d77-4989-b8cd-3e0869658448,PURCHASE,10.0,2026-08-27T14:52:01.539794
8c2547ad-fa9e-46a2-bfd6-2275be5b69ad,e47d2dca-4d7f-4788-8ee9-e5c35611e94b,a9adc9d0-b23e-4e5d-be77-825b68788f9f,PURCHASE,10.0,2026-08-27T14:52:01.539794
00b1e094-dd10-4fb9-87eb-736695c74a30,e47d2dca-4d7f-4788-8ee9-e5c35611e94b,a9adc9d0-b23e-4e5d-be77-825b68788f9f,ADD_TO_CART,5.0,2026-08-27T14:52:01.539794
d23189ad-792e-41f7-bf28-ceb9f3ecfc4b,e47d2dca-4d7f-4788-8ee9-e5c35611e94b,16d265ed-77a0-4a24-afb5-719cba043ada,PURCHASE,10.0,2026-08-27T14:52:01.539794
e26eb27e-abc7-4c65-b38b-a5ce13d59b54,e47d2dca-4d7f-4788-8ee9-e5c35611e94b,b784d501-caa1-4dbd-baa2-881e03e8d313,PURCHASE,10.0,2026-08-27T14:52:01.539794
7af1d485-a549-4a3c-ada4-1e5dfd9dc001,e47d2dca-4d7f-4788-8ee9-e5c35611e94b,b784d501-caa1-4dbd-baa2-881e03e8d313,ADD_TO_CART,5.0,2026-08-27T14:52:01.539794
5437ca5f-eea3-4644-8ebe-0f7056736f03,e47d2dca-4d7f-4788-8ee9-e5c35611e94b,9d200418-2fc9-4275-afd3-387660366ffb,PURCHASE,10.0,2026-09-05T14:52:01.539794
b078426e-22cb-4212-bb2a-f0db7c518ed7,e47d2dca-4d7f-4788-8ee9-e5c35611e94b,5c70169d-eaed-4e4c-a326-52c3e7c96dac,PURCHASE,10.0,2026-09-05T14:52:01.539794
741916ea-65ea-45be-959d-a1e2a68a79cc,e47d2dca-4d7f-4788-8ee9-e5c35611e94b,5c70169d-eaed-4e4c-a326-52c3e7c96dac,ADD_TO_CART,5.0,2026-09-05T14:52:01.539794
1ec6797c-d69b-4b55-877e-91b1cccb3f30,e47d2dca-4d7f-4788-8ee9-e5c35611e94b,d58dced7-cfe0-4214-b87d-2cfb44f0ad65,PURCHASE,10.0,2026-09-05T14:52:01.539794
c6c7ce91-b383-4701-bae3-df8d6ff79256,e47d2dca-4d7f-4788-8ee9-e5c35611e94b,d58dced7-cfe0-4214-b87d-2cfb44f0ad65,ADD_TO_CART,5.0,2026-09-05T14:52:01.539794
7d5a1ca8-c985-478f-9a82-890921af3d86,c5863af9-c9cd-463d-94a8-8e69adf4f214,19d09fa0-c8b2-4b5c-b5a6-7efe29934bd0,PURCHASE,10.0,2026-07-30T17:52:01.539794
7d2cbccf-0e1b-4fdf-a913-53c42f16489a,c5863af9-c9cd-463d-94a8-8e69adf4f214,cd06b865-9bda-4bc4-aa63-0b5cc0ad3bdb,PURCHASE,10.0,2026-07-30T17:52:01.539794
d0cb3c06-baa9-4021-a0a0-d3fd4a12043e,c5863af9-c9cd-463d-94a8-8e69adf4f214,631a1e24-52d6-4900-a14f-f38ab19822d4,PURCHASE,10.0,2026-07-30T17:52:01.539794
ee2fe345-633a-4927-a52e-77eeff371dd5,c5863af9-c9cd-463d-94a8-8e69adf4f214,f7bc89a4-3acf-4f49-af2d-c878fc6e6f45,PURCHASE,10.0,2026-08-09T19:52:01.539794
d2f44de5-16fb-4e7f-8862-17b9b834b0fc,c5863af9-c9cd-463d-94a8-8e69adf4f214,3a552307-6f65-4c3a-a54d-d271c022e93b,PURCHASE,10.0,2026-08-09T19:52:01.539794
8bb6ebb7-6d5d-4a9a-a9e2-02e4d4f55759,c5863af9-c9cd-463d-94a8-8e69adf4f214,3a552307-6f65-4c3a-a54d-d271c022e93b,ADD_TO_CART,5.0,2026-08-09T19:52:01.539794
ac2e35e6-925b-4e5e-a635-ebf063f80c7d,c5863af9-c9cd-463d-94a8-8e69adf4f214,2afaf5f3-0c2f-43fa-9e3d-c2b394605f1a,PURCHASE,10.0,2026-08-09T19:52:01.539794
ecbf5a77-6d56-443b-a585-315b116732af,c5863af9-c9cd-463d-94a8-8e69adf4f214,2afaf5f3-0c2f-43fa-9e3d-c2b394605f1a,ADD_TO_CART,5.0,2026-08-09T19:52:01.539794
63b71c69-3d9f-4e6f-ac6f-ac781cd22007,c5863af9-c9cd-463d-94a8-8e69adf4f214,61196fcb-7d00-4c63-8871-a2da792babf2,PURCHASE,10.0,2026-08-09T19:52:01.539794
55e3e946-98f0-47c2-bfe7-ca543da741b1,c5863af9-c9cd-463d-94a8-8e69adf4f214,61196fcb-7d00-4c63-8871-a2da792babf2,ADD_TO_CART,5.0,2026-08-09T19:52:01.539794
b78632c9-951e-48c5-b158-a04a8b002408,c5863af9-c9cd-463d-94a8-8e69adf4f214,019151cf-91d6-487b-a2fe-afcd1bc9cd70,PURCHASE,10.0,2026-08-09T19:52:01.539794
5f60d434-25bc-4b3b-9760-7f0888a30970,c5863af9-c9cd-463d-94a8-8e69adf4f214,019151cf-91d6-487b-a2fe-afcd1bc9cd70,ADD_TO_CART,5.0,2026-08-09T19:52:01.539794
6e2c5b4f-d5c1-417b-baad-724a4657e236,c5863af9-c9cd-463d-94a8-8e69adf4f214,e6a04938-5e34-4328-ae59-6d3dc3f1c0f1,PURCHASE,10.0,2026-08-15T16:52:01.539794
90b9dc17-5101-4b7c-9d48-fe0cc77adf56,c5863af9-c9cd-463d-94a8-8e69adf4f214,e6a04938-5e34-4328-ae59-6d3dc3f1c0f1,ADD_TO_CART,5.0,2026-08-15T16:52:01.539794
a5588803-0241-40e5-8d26-eb9a9b7da5c5,c5863af9-c9cd-463d-94a8-8e69adf4f214,267bcafa-37c4-4b02-92c3-b227652497c8,PURCHASE,10.0,2026-08-15T16:52:01.539794
3b9eabeb-3e4a-4e85-baaa-4b454cc6a16c,c5863af9-c9cd-463d-94a8-8e69adf4f214,267bcafa-37c4-4b02-92c3-b227652497c8,ADD_TO_CART,5.0,2026-08-15T16:52:01.539794
70cc9c34-83dc-4301-8cbb-8d7bc4dd76a1,c5863af9-c9cd-463d-94a8-8e69adf4f214,88dc8654-525d-4e13-a1c5-26c467b71fdf,PURCHASE,10.0,2026-08-15T16:52:01.539794
68ec6d2e-2634-4f74-add4-e0b7af3b69c1,c5863af9-c9cd-463d-94a8-8e69adf4f214,88dc8654-525d-4e13-a1c5-26c467b71fdf,ADD_TO_CART,5.0,2026-08-15T16:52:01.539794
dd2f9108-ead5-4573-9049-4d16f706e434,c5863af9-c9cd-463d-94a8-8e69adf4f214,1bb87e6c-1ef0-4ba0-9166-0a2eb7a7df7e,PURCHASE,10.0,2026-08-22T12:52:01.539794
5e4ec60f-5c1b-42dd-8ad5-b6a6b4d0fcc6,c5863af9-c9cd-463d-94a8-8e69adf4f214,1bb87e6c-1ef0-4ba0-9166-0a2eb7a7df7e,ADD_TO_CART,5.0,2026-08-22T12:52:01.539794
c3f3ec54-da69-45be-a35b-e0ed1496609e,c5863af9-c9cd-463d-94a8-8e69adf4f214,3a552307-6f65-4c3a-a54d-d271c022e93b,PURCHASE,10.0,2026-08-22T12:52:01.539794
8bc421c1-66b6-4b05-b827-5931b4ab58f2,c5863af9-c9cd-463d-94a8-8e69adf4f214,c1825c45-0d7b-4a7a-8dcb-9551977f9a86,PURCHASE,10.0,2026-08-22T12:52:01.539794
149ff595-a515-4d30-8b81-7295d96c84a5,c5863af9-c9cd-463d-94a8-8e69adf4f214,c1825c45-0d7b-4a7a-8dcb-9551977f9a86,ADD_TO_CART,5.0,2026-08-22T12:52:01.539794
4b5719ed-ae2f-4c4f-8855-25f23612f84b,c5863af9-c9cd-463d-94a8-8e69adf4f214,d2ee5f06-0a65-4618-96e6-c27bc21be525,PURCHASE,10.0,2026-08-22T12:52:01.539794
8258465c-eab7-47dc-aea7-6465ec1d140a,c5863af9-c9cd-463d-94a8-8e69adf4f214,d2ee5f06-0a65-4618-96e6-c27bc21be525,ADD_TO_CART,5.0,2026-08-22T12:52:01.539794
edddb839-034c-4ebd-85fa-de111e535f2c,c5863af9-c9cd-463d-94a8-8e69adf4f214,5a442680-9fef-499c-825c-bcbe3ceaedb7,PURCHASE,10.0,2026-08-22T12:52:01.539794
b15e3d77-8571-4776-88c9-7e63d35eb3d8,c5863af9-c9cd-463d-94a8-8e69adf4f214,fee147d1-51c3-40ae-a709-35b54c350331,PURCHASE,10.0,2026-08-22T12:52:01.539794
e73475b2-0283-46b3-b26b-7027df5ff046,c5863af9-c9cd-463d-94a8-8e69adf4f214,fee147d1-51c3-40ae-a709-35b54c350331,ADD_TO_CART,5.0,2026-08-22T12:52:01.539794
ea01c339-a68a-4d2d-92ec-d8e8bf6f9bdc,c5863af9-c9cd-463d-94a8-8e69adf4f214,1bb87e6c-1ef0-4ba0-9166-0a2eb7a7df7e,PURCHASE,10.0,2026-08-30T16:52:01.539794
c2711aa3-d067-4dab-8f31-784509afe583,c5863af9-c9cd-463d-94a8-8e69adf4f214,1bb87e6c-1ef0-4ba0-9166-0a2eb7a7df7e,ADD_TO_CART,5.0,2026-08-30T16:52:01.539794
f361e5df-a227-4878-b2e3-94bc07d7d3cd,c5863af9-c9cd-463d-94a8-8e69adf4f214,3a552307-6f65-4c3a-a54d-d271c022e93b,PURCHASE,10.0,2026-08-30T16:52:01.539794
9ec9f5d4-b25c-4884-9ede-a377ca4a81b2,c5863af9-c9cd-463d-94a8-8e69adf4f214,478565a6-134b-43e0-99c5-454f4ff7cbf0,PURCHASE,10.0,2026-08-30T16:52:01.539794
913b3e0a-12bf-40e9-9084-02277eb03b63,c5863af9-c9cd-463d-94a8-8e69adf4f214,478565a6-134b-43e0-99c5-454f4ff7cbf0,ADD_TO_CART,5.0,2026-08-30T16:52:01.539794
396cce62-290c-4a2f-952b-f787f1cc46a6,c5863af9-c9cd-463d-94a8-8e69adf4f214,28e011b1-cf12-42d0-8034-c80656e0c0d5,PURCHASE,10.0,2026-08-30T16:52:01.539794
584d66f7-6aff-4eea-ba3f-5e5270b47594,c5863af9-c9cd-463d-94a8-8e69adf4f214,6d906107-a0e5-47f2-8799-d65930e76c89,PURCHASE,10.0,2026-08-30T16:52:01.539794
6171a6ad-811b-4157-aed7-7b9b144eb752,c5863af9-c9cd-463d-94a8-8e69adf4f214,60c49867-cdcd-43c3-8ef5-25d932125183,PURCHASE,10.0,2026-08-30T16:52:01.539794
366d5fe0-efee-4602-9cb2-e1213b5c9d2e,c5863af9-c9cd-463d-94a8-8e69adf4f214,deb77a6a-d2ec-4d3c-8fc3-f9c307c2c6ff,PURCHASE,10.0,2026-09-02T19:52:01.542617
fc295993-889d-400a-a7ce-0a5689b2fe26,c5863af9-c9cd-463d-94a8-8e69adf4f214,ffb35857-5a01-4e4d-b7f3-e4dba8ebcf4b,PURCHASE,10.0,2026-09-02T19:52:01.542617
7acda61c-3f9c-40ce-8fe3-872f6f8ba6d9,c5863af9-c9cd-463d-94a8-8e69adf4f214,9f51b935-07d8-4b4c-8d00-113810aa5770,PURCHASE,10.0,2026-09-02T19:52:01.542617
986380bb-45ff-4699-abb5-5063e89f14e1,c5863af9-c9cd-463d-94a8-8e69adf4f214,85c12524-3123-4562-93a4-a52c898f4518,PURCHASE,10.0,2026-09-02T19:52:01.542617
7f959f60-ec93-4364-a810-91b5e9e94fc1,c5863af9-c9cd-463d-94a8-8e69adf4f214,85c12524-3123-4562-93a4-a52c898f4518,ADD_TO_CART,5.0,2026-09-02T19:52:01.542617
676ce46a-834f-4c15-8a8c-c25baf69dc6f,83cf8df8-0344-41ec-a14f-761cb61a2216,fbcb63ab-7591-4598-83a2-72cc2ef2c603,PURCHASE,10.0,2026-08-17T16:52:01.542617
cb64aec8-2ec6-49ae-b962-f45b4bce0f4a,83cf8df8-0344-41ec-a14f-761cb61a2216,aae46e83-5eca-4bae-83be-d1af00c5cdc0,PURCHASE,10.0,2026-08-17T16:52:01.542617
9c7e146d-24d2-4539-bbe6-cb5d787b5f69,83cf8df8-0344-41ec-a14f-761cb61a2216,f5ecb502-edeb-4f3d-9b76-0d53f2ba0bcf,PURCHASE,10.0,2026-08-17T16:52:01.542617
4a202f6c-d858-43f7-a2a3-d5f879fa93c4,83cf8df8-0344-41ec-a14f-761cb61a2216,f5ecb502-edeb-4f3d-9b76-0d53f2ba0bcf,ADD_TO_CART,5.0,2026-08-17T16:52:01.542617
a784646f-c777-4e6e-ba0b-62c366d6aee0,83cf8df8-0344-41ec-a14f-761cb61a2216,15e9cdb5-ab3a-4a67-b1e4-e8a4e2469815,PURCHASE,10.0,2026-08-17T16:52:01.542617
ad2ce534-8e66-4166-84a0-a6a9e038daee,83cf8df8-0344-41ec-a14f-761cb61a2216,8a79f0bd-7f06-4ca9-80fe-75a8a001957d,PURCHASE,10.0,2026-08-17T16:52:01.542617
be05abb9-75c7-4957-87c1-e4d063d7ae30,83cf8df8-0344-41ec-a14f-761cb61a2216,4db9e4de-ce3d-41d7-bdf4-3931e7243df5,PURCHASE,10.0,2026-08-17T16:52:01.542617
3321963e-3bf6-47ab-8453-37fc1363e97c,83cf8df8-0344-41ec-a14f-761cb61a2216,4db9e4de-ce3d-41d7-bdf4-3931e7243df5,ADD_TO_CART,5.0,2026-08-17T16:52:01.542617
06e9a4a4-3c04-48e4-a640-ab26265e4514,83cf8df8-0344-41ec-a14f-761cb61a2216,e9fb161f-634a-44fb-9050-efc22a610c33,PURCHASE,10.0,2026-08-29T15:52:01.544043
ac5f9084-abf7-482d-bd2f-bef9af569ec0,83cf8df8-0344-41ec-a14f-761cb61a2216,e9fb161f-634a-44fb-9050-efc22a610c33,ADD_TO_CART,5.0,2026-08-29T15:52:01.544043
2e515922-cd62-48d1-86d7-d04ba9903f2e,83cf8df8-0344-41ec-a14f-761cb61a2216,aafb59e7-4643-44a7-be97-2be664e18e79,PURCHASE,10.0,2026-08-29T15:52:01.544043
3dc77be0-5b2c-46a9-bc35-c6cf229f7ecb,83cf8df8-0344-41ec-a14f-761cb61a2216,aafb59e7-4643-44a7-be97-2be664e18e79,ADD_TO_CART,5.0,2026-08-29T15:52:01.544043
19a6b58d-64a9-413f-8565-8118441438e8,83cf8df8-0344-41ec-a14f-761cb61a2216,f5ecb502-edeb-4f3d-9b76-0d53f2ba0bcf,PURCHASE,10.0,2026-08-29T15:52:01.544043
1befa7fb-bec2-4e0e-8453-8d0a1344068a,83cf8df8-0344-41ec-a14f-761cb61a2216,f5ecb502-edeb-4f3d-9b76-0d53f2ba0bcf,ADD_TO_CART,5.0,2026-08-29T15:52:01.544043
ea4bacfd-aab6-4e2d-bd5d-f4b4f4437325,83cf8df8-0344-41ec-a14f-761cb61a2216,ffb35857-5a01-4e4d-b7f3-e4dba8ebcf4b,PURCHASE,10.0,2026-08-29T15:52:01.544043
be3c3f9c-0e46-4248-a2a0-824dcf0c426d,83cf8df8-0344-41ec-a14f-761cb61a2216,ffb35857-5a01-4e4d-b7f3-e4dba8ebcf4b,ADD_TO_CART,5.0,2026-08-29T15:52:01.544043
cdd33900-6751-4cd0-bd1a-6fc5b0040e71,83cf8df8-0344-41ec-a14f-761cb61a2216,01eceb48-f625-49d1-9160-9092e4e32c8f,PURCHASE,10.0,2026-08-29T15:52:01.544043
5f065612-d3be-46d6-9659-a5e5abba69bc,83cf8df8-0344-41ec-a14f-761cb61a2216,2092e6e4-cc99-42b1-9022-3773df7a65e3,PURCHASE,10.0,2026-08-29T15:52:01.544043
e5d2c8b6-e5e1-4d39-b318-bd5dce34b7a7,83cf8df8-0344-41ec-a14f-761cb61a2216,2092e6e4-cc99-42b1-9022-3773df7a65e3,ADD_TO_CART,5.0,2026-08-29T15:52:01.544043
17a75092-fd2c-4c22-9cc6-0c3abe8c2a80,83cf8df8-0344-41ec-a14f-761cb61a2216,e9fb161f-634a-44fb-9050-efc22a610c33,PURCHASE,10.0,2026-09-05T21:52:01.544043
1528a495-d548-4cf4-a476-ecbeaa56121c,83cf8df8-0344-41ec-a14f-761cb61a2216,ada3490e-9d0d-41c5-b8f6-ee36f232a592,PURCHASE,10.0,2026-09-05T21:52:01.544043
c571e77b-8d8d-4407-a745-697efa0ca642,83cf8df8-0344-41ec-a14f-761cb61a2216,ada3490e-9d0d-41c5-b8f6-ee36f232a592,ADD_TO_CART,5.0,2026-09-05T21:52:01.544043
a89bf683-e69a-433d-87f0-c1363394f0c7,83cf8df8-0344-41ec-a14f-761cb61a2216,48c05eff-6a2c-4517-9f87-23a6d289b906,PURCHASE,10.0,2026-09-05T21:52:01.544043
9c1b1a2d-aef5-4771-abc5-b36fe2771343,83cf8df8-0344-41ec-a14f-761cb61a2216,48c05eff-6a2c-4517-9f87-23a6d289b906,ADD_TO_CART,5.0,2026-09-05T21:52:01.544043
d9a3f794-6f4d-4125-a74d-586814282c5d,83cf8df8-0344-41ec-a14f-761cb61a2216,cb60bbbe-2069-47d8-b5e7-b3ea327f47f8,PURCHASE,10.0,2026-09-05T21:52:01.544043
e2dd1b3c-dbea-4d10-8e89-ce7b21073687,83cf8df8-0344-41ec-a14f-761cb61a2216,cb60bbbe-2069-47d8-b5e7-b3ea327f47f8,ADD_TO_CART,5.0,2026-09-05T21:52:01.544043
96e5589c-7137-4226-9c41-5ccd5a141ea0,83cf8df8-0344-41ec-a14f-761cb61a2216,fae9ed8b-df33-4c78-bb32-8de8a0abed79,PURCHASE,10.0,2026-09-05T21:52:01.544043
38efe55f-4ce1-4574-bf3d-bfd91e9e4a04,2cf4a458-4875-48b9-a84f-9b99b9d0a431,0994cb89-90be-4944-806b-eeefe4d6eabb,PURCHASE,10.0,2026-08-27T17:52:01.544548
d01abe48-3952-4128-aead-210a09593352,2cf4a458-4875-48b9-a84f-9b99b9d0a431,e906f01e-ecde-40a5-a44c-9132a164f942,PURCHASE,10.0,2026-08-27T17:52:01.544548
05e36364-50f9-447f-8c73-b21f4b636567,2cf4a458-4875-48b9-a84f-9b99b9d0a431,e906f01e-ecde-40a5-a44c-9132a164f942,ADD_TO_CART,5.0,2026-08-27T17:52:01.544548
86c1fd4a-8dc9-457c-a8a0-c8f87297ae86,2cf4a458-4875-48b9-a84f-9b99b9d0a431,d9e5f240-1361-45c1-8b4b-b95f01f4c109,PURCHASE,10.0,2026-08-27T17:52:01.544548
31cc7592-d3f6-40be-80c9-42c6e45cae7a,2cf4a458-4875-48b9-a84f-9b99b9d0a431,90d08764-413b-4792-ac7f-41915db7fab3,PURCHASE,10.0,2026-08-30T16:52:01.544548
6e2f0483-f4de-468d-9ff4-2e1658c3060e,2cf4a458-4875-48b9-a84f-9b99b9d0a431,90d08764-413b-4792-ac7f-41915db7fab3,ADD_TO_CART,5.0,2026-08-30T16:52:01.544548
b02a2a80-27a9-4fb9-b558-aea3209553af,2cf4a458-4875-48b9-a84f-9b99b9d0a431,0921c244-e74f-43b4-b909-08651f21641e,PURCHASE,10.0,2026-08-30T16:52:01.544548
31a15019-67ff-4e35-91c4-233fbada65c9,2cf4a458-4875-48b9-a84f-9b99b9d0a431,54e68afd-8558-4ef5-85a1-3e2ff3b0d76a,PURCHASE,10.0,2026-08-30T16:52:01.544548
ac564e83-de61-4eb0-9713-c32e19cf8831,2cf4a458-4875-48b9-a84f-9b99b9d0a431,54e68afd-8558-4ef5-85a1-3e2ff3b0d76a,ADD_TO_CART,5.0,2026-08-30T16:52:01.544548
5db11049-88e0-486b-82bf-0f0261bca026,2cf4a458-4875-48b9-a84f-9b99b9d0a431,3548a058-595f-434d-8b3f-a98dc2df2f75,PURCHASE,10.0,2026-09-02T15:52:01.544548
5c15da18-16ac-4cb3-89e8-181ac0f995f3,2cf4a458-4875-48b9-a84f-9b99b9d0a431,84880841-242e-47ad-b889-243a3d69f06a,PURCHASE,10.0,2026-09-02T15:52:01.544548
fb8e4f2f-6ce7-4b00-8ede-4e021786a6f2,2cf4a458-4875-48b9-a84f-9b99b9d0a431,84880841-242e-47ad-b889-243a3d69f06a,ADD_TO_CART,5.0,2026-09-02T15:52:01.544548
c93f2d7f-789c-409a-bfb3-682d8e17b96c,2cf4a458-4875-48b9-a84f-9b99b9d0a431,9752f5b8-1a9f-485f-954c-d7c75c88038f,PURCHASE,10.0,2026-09-02T15:52:01.544548
40e41907-b369-46d1-a241-40d390ce590c,b09d5ed6-293f-4eb8-8466-17829480dcad,acea3378-4bf7-4d40-8a6e-bab5fadc2196,PURCHASE,10.0,2026-08-22T13:52:01.545067
b1787f1f-74f3-4596-a295-d11515117cc3,b09d5ed6-293f-4eb8-8466-17829480dcad,acea3378-4bf7-4d40-8a6e-bab5fadc2196,ADD_TO_CART,5.0,2026-08-22T13:52:01.545067
11e9e2d5-b20c-46da-ac8d-fc13d4579215,b09d5ed6-293f-4eb8-8466-17829480dcad,b99e1dae-48e4-4376-947d-936df1d7d3fd,PURCHASE,10.0,2026-08-22T13:52:01.545067
069ecf40-ca05-404e-a2ea-7b34346ad779,b09d5ed6-293f-4eb8-8466-17829480dcad,ef03f9f5-d4ae-43ae-9c98-2b1ac1e2bf87,PURCHASE,10.0,2026-08-22T13:52:01.545067
abd104bd-60ad-42e3-926b-c8214fbd4c88,b09d5ed6-293f-4eb8-8466-17829480dcad,ef03f9f5-d4ae-43ae-9c98-2b1ac1e2bf87,ADD_TO_CART,5.0,2026-08-22T13:52:01.545067
747ae338-f000-47c7-9f9c-e0f41250e76d,b09d5ed6-293f-4eb8-8466-17829480dcad,acea3378-4bf7-4d40-8a6e-bab5fadc2196,PURCHASE,10.0,2026-08-24T12:52:01.545067
2fcd941f-855c-437e-b17f-91146b70bafe,b09d5ed6-293f-4eb8-8466-17829480dcad,acea3378-4bf7-4d40-8a6e-bab5fadc2196,ADD_TO_CART,5.0,2026-08-24T12:52:01.545067
de2b258e-c9a0-4785-8fa3-12a01433338d,b09d5ed6-293f-4eb8-8466-17829480dcad,c2baad76-3877-4321-9e02-47d4f8e4cc46,PURCHASE,10.0,2026-08-24T12:52:01.545067
621da1a7-3ba9-41bc-8289-74cd378128a1,b09d5ed6-293f-4eb8-8466-17829480dcad,c2baad76-3877-4321-9e02-47d4f8e4cc46,ADD_TO_CART,5.0,2026-08-24T12:52:01.545067
8c8508e7-bfd9-4afb-be2d-1baf1896d696,b09d5ed6-293f-4eb8-8466-17829480dcad,513bda1b-657c-4490-9a52-b4bf2f376704,PURCHASE,10.0,2026-08-24T12:52:01.545067
7be6fe79-790f-432e-bbed-b4003f11a6ad,b09d5ed6-293f-4eb8-8466-17829480dcad,e8e1f6be-df4b-472a-b946-31dfbfb43dd2,PURCHASE,10.0,2026-08-29T13:52:01.545067
60e9218c-0997-4f8b-8503-357229725764,b09d5ed6-293f-4eb8-8466-17829480dcad,19d09fa0-c8b2-4b5c-b5a6-7efe29934bd0,PURCHASE,10.0,2026-08-29T13:52:01.545067
7500388c-2bfd-4788-9102-ba17a0766d34,b09d5ed6-293f-4eb8-8466-17829480dcad,5f7fe85b-a41f-445e-83dd-d16cd8b90fc2,PURCHASE,10.0,2026-08-29T13:52:01.545067
4f1bff1b-f219-4321-b9ee-1aebfd18ead8,b09d5ed6-293f-4eb8-8466-17829480dcad,f7bc89a4-3acf-4f49-af2d-c878fc6e6f45,PURCHASE,10.0,2026-08-28T12:52:01.545612
fd708ccf-fbde-44fe-b8aa-cf7d8aa38672,b09d5ed6-293f-4eb8-8466-17829480dcad,f7bc89a4-3acf-4f49-af2d-c878fc6e6f45,ADD_TO_CART,5.0,2026-08-28T12:52:01.545612
b4fcc9aa-1476-44e1-902b-c7af58b31285,b09d5ed6-293f-4eb8-8466-17829480dcad,6d17c338-b0f2-4dbf-b830-b69f9ee86bc7,PURCHASE,10.0,2026-08-28T12:52:01.545612
e3596b04-c49b-480f-9acb-0039f800b31c,b09d5ed6-293f-4eb8-8466-17829480dcad,028a6f74-cbb2-4589-8fa2-ca3fba159ad4,PURCHASE,10.0,2026-08-28T12:52:01.545612
738f2c89-0c34-4d6e-b5ac-08e1e1242af2,b09d5ed6-293f-4eb8-8466-17829480dcad,028a6f74-cbb2-4589-8fa2-ca3fba159ad4,ADD_TO_CART,5.0,2026-08-28T12:52:01.545612
67168013-6adf-485e-9f4d-b0885c3e04b4,b09d5ed6-293f-4eb8-8466-17829480dcad,acea3378-4bf7-4d40-8a6e-bab5fadc2196,PURCHASE,10.0,2026-09-04T16:52:01.545612
6c22d66b-ad43-4e0e-abc3-6a4350bcf2c1,b09d5ed6-293f-4eb8-8466-17829480dcad,b4c436be-f3b0-415f-bf41-4043d721bf73,PURCHASE,10.0,2026-09-04T16:52:01.545612
a2f6287e-7198-4ce0-af9d-0ef28a6f48a5,b09d5ed6-293f-4eb8-8466-17829480dcad,b4c436be-f3b0-415f-bf41-4043d721bf73,ADD_TO_CART,5.0,2026-09-04T16:52:01.545612
9298fe13-b760-4ce7-bb20-621909a0bce0,b09d5ed6-293f-4eb8-8466-17829480dcad,15e9cdb5-ab3a-4a67-b1e4-e8a4e2469815,PURCHASE,10.0,2026-09-04T16:52:01.545612
52e08667-24c3-4283-ad44-0f72b91895bd,b09d5ed6-293f-4eb8-8466-17829480dcad,15e9cdb5-ab3a-4a67-b1e4-e8a4e2469815,ADD_TO_CART,5.0,2026-09-04T16:52:01.545612
75448c1b-e0d9-4405-ba25-71782fa73eca,72ecbbbb-d28d-4a25-96a1-984662445dc9,01cc7f23-cad4-4c40-a54b-fae6740f8e23,PURCHASE,10.0,2026-08-25T21:52:01.545612
934060c5-844d-405f-b8af-b562d0af7208,72ecbbbb-d28d-4a25-96a1-984662445dc9,28e011b1-cf12-42d0-8034-c80656e0c0d5,PURCHASE,10.0,2026-08-25T21:52:01.545612
d30150b4-92ee-47c9-b206-bb445a89849d,72ecbbbb-d28d-4a25-96a1-984662445dc9,28e011b1-cf12-42d0-8034-c80656e0c0d5,ADD_TO_CART,5.0,2026-08-25T21:52:01.545612
a59c4c66-6c87-484f-b235-73d312924a0e,72ecbbbb-d28d-4a25-96a1-984662445dc9,70e90051-397e-40bf-833c-120d977f7445,PURCHASE,10.0,2026-08-25T21:52:01.545612
90cd67ef-2f3c-4356-99a1-501581eadb60,72ecbbbb-d28d-4a25-96a1-984662445dc9,c6914581-923c-445a-9f9c-eaf0ec5a2c33,PURCHASE,10.0,2026-08-25T21:52:01.545612
3e613141-d160-44b5-87ae-ac48e4e39472,72ecbbbb-d28d-4a25-96a1-984662445dc9,c6914581-923c-445a-9f9c-eaf0ec5a2c33,ADD_TO_CART,5.0,2026-08-25T21:52:01.545612
0d6df48c-6b26-4a4b-a54b-9a169ae80086,72ecbbbb-d28d-4a25-96a1-984662445dc9,0edf81e8-0f9f-40e2-bfe7-e4b020cccfd2,PURCHASE,10.0,2026-08-23T16:52:01.546043
471506b7-04c7-4e4d-b01c-a88164290525,72ecbbbb-d28d-4a25-96a1-984662445dc9,61196fcb-7d00-4c63-8871-a2da792babf2,PURCHASE,10.0,2026-08-23T16:52:01.546043
629e4704-e879-4b13-b8d8-9ceb3032835f,72ecbbbb-d28d-4a25-96a1-984662445dc9,70e90051-397e-40bf-833c-120d977f7445,PURCHASE,10.0,2026-08-23T16:52:01.546043
7ad5c6c3-eae2-4244-9215-eddc419a0356,72ecbbbb-d28d-4a25-96a1-984662445dc9,70e90051-397e-40bf-833c-120d977f7445,ADD_TO_CART,5.0,2026-08-23T16:52:01.546043
705181ee-6d02-4a41-8056-3e0c59107136,72ecbbbb-d28d-4a25-96a1-984662445dc9,c6914581-923c-445a-9f9c-eaf0ec5a2c33,PURCHASE,10.0,2026-08-23T16:52:01.546043
9b22d52e-e8fb-4648-aaa0-6e485dbbbd19,72ecbbbb-d28d-4a25-96a1-984662445dc9,9f9f1e08-6d32-48a2-a341-bbaba82c8f65,PURCHASE,10.0,2026-08-23T16:52:01.546043
edbe96f3-61c1-4d76-9346-092287d74177,72ecbbbb-d28d-4a25-96a1-984662445dc9,9f9f1e08-6d32-48a2-a341-bbaba82c8f65,ADD_TO_CART,5.0,2026-08-23T16:52:01.546043
6ddb3b87-892e-4c93-8a5e-92cb6b7a9edc,72ecbbbb-d28d-4a25-96a1-984662445dc9,90d08764-413b-4792-ac7f-41915db7fab3,PURCHASE,10.0,2026-09-02T17:52:01.546043
025f17cd-1249-4117-a1c3-1617a795ef90,72ecbbbb-d28d-4a25-96a1-984662445dc9,90d08764-413b-4792-ac7f-41915db7fab3,ADD_TO_CART,5.0,2026-09-02T17:52:01.546043
35bb4585-4483-426e-8140-1fd2c3f09a68,72ecbbbb-d28d-4a25-96a1-984662445dc9,9d200418-2fc9-4275-afd3-387660366ffb,PURCHASE,10.0,2026-09-02T17:52:01.546043
d7954ada-edb1-4043-aba0-ed62a2adb1b1,72ecbbbb-d28d-4a25-96a1-984662445dc9,9d200418-2fc9-4275-afd3-387660366ffb,ADD_TO_CART,5.0,2026-09-02T17:52:01.546043
450171a3-ead2-4486-85aa-6d9689d4d649,72ecbbbb-d28d-4a25-96a1-984662445dc9,f725f521-e54b-4b98-bef4-b645547b1610,PURCHASE,10.0,2026-09-02T17:52:01.546043
dc74e519-2059-48de-847f-56ae642350af,72ecbbbb-d28d-4a25-96a1-984662445dc9,f725f521-e54b-4b98-bef4-b645547b1610,ADD_TO_CART,5.0,2026-09-02T17:52:01.546043
161b5f05-5af5-41aa-a203-ce4eec37ca3c,b1ba019f-b1ec-4fca-ba4f-a5214a80c769,5b8c6336-1da2-4e93-a5fb-3781c59c29bb,PURCHASE,10.0,2026-07-30T14:52:01.546043
e16ce7fa-7628-461c-9085-3ff4eca44f70,b1ba019f-b1ec-4fca-ba4f-a5214a80c769,c2baad76-3877-4321-9e02-47d4f8e4cc46,PURCHASE,10.0,2026-07-30T14:52:01.546043
decdfa41-e190-4d92-b9b2-bfecbc2de5d8,b1ba019f-b1ec-4fca-ba4f-a5214a80c769,af72cf78-266e-4f86-a454-6c44b31ab17c,PURCHASE,10.0,2026-07-30T14:52:01.546043
31a30147-d9f6-4f46-be53-06ae43da0aaa,b1ba019f-b1ec-4fca-ba4f-a5214a80c769,af72cf78-266e-4f86-a454-6c44b31ab17c,ADD_TO_CART,5.0,2026-07-30T14:52:01.546043
b26dbc6d-ee82-411c-9beb-a497848d6493,b1ba019f-b1ec-4fca-ba4f-a5214a80c769,acea3378-4bf7-4d40-8a6e-bab5fadc2196,PURCHASE,10.0,2026-08-25T14:52:01.546043
333f0c1f-b43c-4a68-8a52-1cc8bd636e2e,b1ba019f-b1ec-4fca-ba4f-a5214a80c769,acea3378-4bf7-4d40-8a6e-bab5fadc2196,ADD_TO_CART,5.0,2026-08-25T14:52:01.546043
64f7d4bf-82ab-4f34-b166-dd8bf05780d7,b1ba019f-b1ec-4fca-ba4f-a5214a80c769,c2baad76-3877-4321-9e02-47d4f8e4cc46,PURCHASE,10.0,2026-08-25T14:52:01.546043
77c8d1f9-9fac-4945-ae31-adde33c36a10,b1ba019f-b1ec-4fca-ba4f-a5214a80c769,ce228021-e222-4cb4-afed-b4079dd03dde,PURCHASE,10.0,2026-08-25T14:52:01.546043
775cc28b-5c94-4ce7-ba43-bd16639b3d83,b1ba019f-b1ec-4fca-ba4f-a5214a80c769,ce228021-e222-4cb4-afed-b4079dd03dde,ADD_TO_CART,5.0,2026-08-25T14:52:01.546043
a5e15cf4-7c8a-433e-85f9-3d66717503f5,b1ba019f-b1ec-4fca-ba4f-a5214a80c769,acea3378-4bf7-4d40-8a6e-bab5fadc2196,PURCHASE,10.0,2026-08-27T12:52:01.546043
0eef8d42-e73c-4373-8811-1a8142d29cfe,b1ba019f-b1ec-4fca-ba4f-a5214a80c769,c2baad76-3877-4321-9e02-47d4f8e4cc46,PURCHASE,10.0,2026-08-27T12:52:01.546043
3a81d238-cb96-422e-95aa-efb9ec412bdc,b1ba019f-b1ec-4fca-ba4f-a5214a80c769,c2baad76-3877-4321-9e02-47d4f8e4cc46,ADD_TO_CART,5.0,2026-08-27T12:52:01.546043
72a65cf5-378c-491a-8351-cd10cf483f73,b1ba019f-b1ec-4fca-ba4f-a5214a80c769,ca810efa-f2ec-4c94-85c8-746258ad8064,PURCHASE,10.0,2026-08-27T12:52:01.546043
48083459-204a-4558-9886-46e3d5509945,b1ba019f-b1ec-4fca-ba4f-a5214a80c769,ca810efa-f2ec-4c94-85c8-746258ad8064,ADD_TO_CART,5.0,2026-08-27T12:52:01.546043
21102695-c313-44b7-bac3-78669558d14d,b1ba019f-b1ec-4fca-ba4f-a5214a80c769,9f9f1e08-6d32-48a2-a341-bbaba82c8f65,PURCHASE,10.0,2026-08-27T12:52:01.546043
b9b04a17-3bf5-45f3-8913-2f9b2acefabb,b1ba019f-b1ec-4fca-ba4f-a5214a80c769,6ceef2d2-1469-48a0-9d65-3453b2d6099a,PURCHASE,10.0,2026-08-29T12:52:01.546043
6c456c10-d09e-40f1-9dd2-174976fdf7f1,b1ba019f-b1ec-4fca-ba4f-a5214a80c769,c2baad76-3877-4321-9e02-47d4f8e4cc46,PURCHASE,10.0,2026-08-29T12:52:01.546043
4ebfc333-1e70-4964-b7aa-5a2b5202ffb1,b1ba019f-b1ec-4fca-ba4f-a5214a80c769,e9fb161f-634a-44fb-9050-efc22a610c33,PURCHASE,10.0,2026-08-29T12:52:01.546043
15a14253-88e4-4b0d-81fd-f56cd96b6be6,b1ba019f-b1ec-4fca-ba4f-a5214a80c769,acea3378-4bf7-4d40-8a6e-bab5fadc2196,PURCHASE,10.0,2026-09-05T19:52:01.546043
c8af8e7a-4cac-4df3-846d-c72646216777,b1ba019f-b1ec-4fca-ba4f-a5214a80c769,c2baad76-3877-4321-9e02-47d4f8e4cc46,PURCHASE,10.0,2026-09-05T19:52:01.546043
5b0f0fd9-69b8-4ce9-bd90-e4769a6a59d6,b1ba019f-b1ec-4fca-ba4f-a5214a80c769,ce228021-e222-4cb4-afed-b4079dd03dde,PURCHASE,10.0,2026-09-05T19:52:01.546043
a6f9a9e5-4ed2-4235-a829-0c02ccdd592a,2d5f4ff2-140c-462a-8b95-5a76ea34ecfc,5638747c-cb25-4b64-9d98-851c2db06d60,PURCHASE,10.0,2026-08-18T19:52:01.546043
f045933d-b746-4d1c-9924-5d93ce76837a,2d5f4ff2-140c-462a-8b95-5a76ea34ecfc,a30967de-2eeb-4230-9552-7c88ededd081,PURCHASE,10.0,2026-08-18T19:52:01.546043
71ecdc12-185c-4598-acc5-14ec581e2122,2d5f4ff2-140c-462a-8b95-5a76ea34ecfc,cabd7ff0-1bed-4ba5-bf93-93b2b0f3cc62,PURCHASE,10.0,2026-08-18T19:52:01.546043
f6cf70a7-638e-40c8-a618-c2b23f7565c3,2d5f4ff2-140c-462a-8b95-5a76ea34ecfc,019151cf-91d6-487b-a2fe-afcd1bc9cd70,PURCHASE,10.0,2026-08-18T19:52:01.546043
7f984965-0189-4477-aca3-b7b06bccdf1e,2d5f4ff2-140c-462a-8b95-5a76ea34ecfc,019151cf-91d6-487b-a2fe-afcd1bc9cd70,ADD_TO_CART,5.0,2026-08-18T19:52:01.546043
f8466591-06b5-4a6c-8206-d1c6aa06f385,2d5f4ff2-140c-462a-8b95-5a76ea34ecfc,1dc6cad2-e9f6-4668-8161-d4cccfe729a4,PURCHASE,10.0,2026-08-18T19:52:01.546043
e2ff47d2-a5b2-4b2f-a5bf-af9531af35bf,2d5f4ff2-140c-462a-8b95-5a76ea34ecfc,6e1f18a9-7abb-46a0-81bd-8f86711777f3,PURCHASE,10.0,2026-08-31T16:52:01.546043
a72f45eb-df7f-4a1d-b670-a7f434fa1cf1,2d5f4ff2-140c-462a-8b95-5a76ea34ecfc,18fe75c9-121d-44bc-89b9-cc601c87f43e,PURCHASE,10.0,2026-08-31T16:52:01.546043
f353146e-4064-4984-a03d-2f8d435d18ac,2d5f4ff2-140c-462a-8b95-5a76ea34ecfc,7869a02c-ef9c-4865-b4e9-b8e9c7d06af4,PURCHASE,10.0,2026-08-31T16:52:01.546043
d7e41a41-a1a1-40f3-b263-786e4de076f5,2d5f4ff2-140c-462a-8b95-5a76ea34ecfc,431c6fc2-0f8a-4db6-ae8e-8a20bad8a86f,PURCHASE,10.0,2026-08-31T16:52:01.546043
b347f451-3142-42eb-bc0e-862f2b18b515,2d5f4ff2-140c-462a-8b95-5a76ea34ecfc,431c6fc2-0f8a-4db6-ae8e-8a20bad8a86f,ADD_TO_CART,5.0,2026-08-31T16:52:01.546043
ce0bbb84-d0a2-4606-971e-495ef3ed9471,2d5f4ff2-140c-462a-8b95-5a76ea34ecfc,90d08764-413b-4792-ac7f-41915db7fab3,PURCHASE,10.0,2026-09-02T21:52:01.546043
86e74a6e-0829-46ca-ad78-81d5e151b56c,2d5f4ff2-140c-462a-8b95-5a76ea34ecfc,90d08764-413b-4792-ac7f-41915db7fab3,ADD_TO_CART,5.0,2026-09-02T21:52:01.546043
745294cb-cf90-46c3-858a-8c324af585d2,2d5f4ff2-140c-462a-8b95-5a76ea34ecfc,c2baad76-3877-4321-9e02-47d4f8e4cc46,PURCHASE,10.0,2026-09-02T21:52:01.546043
44fb3f68-81f1-4318-8bbd-36296d42e3ba,2d5f4ff2-140c-462a-8b95-5a76ea34ecfc,c2baad76-3877-4321-9e02-47d4f8e4cc46,ADD_TO_CART,5.0,2026-09-02T21:52:01.546043
c8b7d8bf-0215-49a3-83a7-053a39dd2a39,2d5f4ff2-140c-462a-8b95-5a76ea34ecfc,7869a02c-ef9c-4865-b4e9-b8e9c7d06af4,PURCHASE,10.0,2026-09-02T21:52:01.546043
12d20114-9e6f-4b83-88cd-cd8f9f51cf3a,2d5f4ff2-140c-462a-8b95-5a76ea34ecfc,7869a02c-ef9c-4865-b4e9-b8e9c7d06af4,ADD_TO_CART,5.0,2026-09-02T21:52:01.546043
ac85a21f-19c4-4bc9-ad92-4ce0f6d16e4b,2d5f4ff2-140c-462a-8b95-5a76ea34ecfc,9c21e0d1-367d-46e5-8ddf-c5c2e66c5178,PURCHASE,10.0,2026-09-02T21:52:01.546043
c0504f7a-50fa-468a-a206-4d7c4feb4840,2d5f4ff2-140c-462a-8b95-5a76ea34ecfc,85c12524-3123-4562-93a4-a52c898f4518,PURCHASE,10.0,2026-09-02T21:52:01.546043
275ce2d5-e77a-4d89-a6aa-9cd1b57b7e5e,2d5f4ff2-140c-462a-8b95-5a76ea34ecfc,85c12524-3123-4562-93a4-a52c898f4518,ADD_TO_CART,5.0,2026-09-02T21:52:01.546043
55830228-cf92-4ff8-9447-0aa052e1f2c5,d6a9e0ef-4132-46ef-a0f7-d7997a803afe,a25999f5-62a0-4f6a-9365-8884d42cb059,PURCHASE,10.0,2026-08-15T15:52:01.546043
2d8a23b1-65f7-480c-8ba7-eacc8a61fa9b,d6a9e0ef-4132-46ef-a0f7-d7997a803afe,a25999f5-62a0-4f6a-9365-8884d42cb059,ADD_TO_CART,5.0,2026-08-15T15:52:01.546043
b8a63a3d-356c-46e4-9f48-b171c299f159,d6a9e0ef-4132-46ef-a0f7-d7997a803afe,5c70169d-eaed-4e4c-a326-52c3e7c96dac,PURCHASE,10.0,2026-08-15T15:52:01.546043
29cc1f41-8451-4601-9090-13dace7034a0,d6a9e0ef-4132-46ef-a0f7-d7997a803afe,5c70169d-eaed-4e4c-a326-52c3e7c96dac,ADD_TO_CART,5.0,2026-08-15T15:52:01.546043
bd10ebff-7531-4408-baa9-d1eff2ee2808,d6a9e0ef-4132-46ef-a0f7-d7997a803afe,02c672a6-e5ef-4c2f-be80-d74b4bdda901,PURCHASE,10.0,2026-08-15T15:52:01.546043
6682c80f-4c99-4bfb-9563-05e714d9d521,d6a9e0ef-4132-46ef-a0f7-d7997a803afe,73697b54-c6e2-44c9-8814-663dd2d9dba7,PURCHASE,10.0,2026-08-28T19:52:01.546043
bc1248ec-ba7c-48e4-8ab7-2a018a0b44dc,d6a9e0ef-4132-46ef-a0f7-d7997a803afe,ccc17542-0192-4e15-82a8-2224b628efab,PURCHASE,10.0,2026-08-28T19:52:01.546043
71632b1e-2f76-410b-9389-ee93d68f9bbe,d6a9e0ef-4132-46ef-a0f7-d7997a803afe,276a8aee-f723-43f4-91c4-12ca00eebe1c,PURCHASE,10.0,2026-08-28T19:52:01.546043
5088d35c-9de0-4b96-8c51-604a6be31830,d6a9e0ef-4132-46ef-a0f7-d7997a803afe,276a8aee-f723-43f4-91c4-12ca00eebe1c,ADD_TO_CART,5.0,2026-08-28T19:52:01.546043
ee627748-0447-41c1-b90c-6dccc0710b62,d6a9e0ef-4132-46ef-a0f7-d7997a803afe,9c21e0d1-367d-46e5-8ddf-c5c2e66c5178,PURCHASE,10.0,2026-08-28T19:52:01.546043
7645892a-4454-44d6-b5b6-f060ab708f72,d6a9e0ef-4132-46ef-a0f7-d7997a803afe,a25999f5-62a0-4f6a-9365-8884d42cb059,PURCHASE,10.0,2026-09-03T20:52:01.546043
bd478dbb-38bd-4b91-8537-9b49324b5730,d6a9e0ef-4132-46ef-a0f7-d7997a803afe,5c70169d-eaed-4e4c-a326-52c3e7c96dac,PURCHASE,10.0,2026-09-03T20:52:01.546043
b5b30cab-6d23-44b3-8af7-f89b46538dd9,d6a9e0ef-4132-46ef-a0f7-d7997a803afe,5c70169d-eaed-4e4c-a326-52c3e7c96dac,ADD_TO_CART,5.0,2026-09-03T20:52:01.546043
559cdde6-7529-400d-a89c-c2dded2b2120,d6a9e0ef-4132-46ef-a0f7-d7997a803afe,53375854-801f-4fc4-9bca-a764bf6963fe,PURCHASE,10.0,2026-09-03T20:52:01.546043
d2ac0673-fbf9-467a-9452-75082f94fdfa,331a2b18-7771-4c8f-babb-5457498c239b,acea3378-4bf7-4d40-8a6e-bab5fadc2196,PURCHASE,10.0,2026-08-15T19:52:01.546043
a3e10236-17f2-4921-94e6-0737036dae4b,331a2b18-7771-4c8f-babb-5457498c239b,acea3378-4bf7-4d40-8a6e-bab5fadc2196,ADD_TO_CART,5.0,2026-08-15T19:52:01.546043
947ecdb6-4d55-4deb-abfd-f77a26dd4632,331a2b18-7771-4c8f-babb-5457498c239b,c2baad76-3877-4321-9e02-47d4f8e4cc46,PURCHASE,10.0,2026-08-15T19:52:01.546043
e6fd9e79-ef9f-429a-964a-250530ff0564,331a2b18-7771-4c8f-babb-5457498c239b,73697b54-c6e2-44c9-8814-663dd2d9dba7,PURCHASE,10.0,2026-08-15T19:52:01.546043
c722adb9-c2a6-4734-8241-cd551709b5f3,331a2b18-7771-4c8f-babb-5457498c239b,5f90699e-3465-4122-9081-7f2f754993e4,PURCHASE,10.0,2026-08-15T19:52:01.546043
0a11e9b0-892c-406d-a4f6-c4ac15d2f492,331a2b18-7771-4c8f-babb-5457498c239b,5f90699e-3465-4122-9081-7f2f754993e4,ADD_TO_CART,5.0,2026-08-15T19:52:01.546043
ddca45b8-2807-43fc-be0e-f79d781fa9bc,331a2b18-7771-4c8f-babb-5457498c239b,c50ff350-8d5c-44a4-b91f-08c8a0a5c99f,PURCHASE,10.0,2026-08-15T19:52:01.546043
63ab4cc1-492b-4efa-ad34-4a23e30e7ad4,331a2b18-7771-4c8f-babb-5457498c239b,c50ff350-8d5c-44a4-b91f-08c8a0a5c99f,ADD_TO_CART,5.0,2026-08-15T19:52:01.546043
fb383eb0-0ef3-4267-b1ea-3f9f169b55db,331a2b18-7771-4c8f-babb-5457498c239b,acea3378-4bf7-4d40-8a6e-bab5fadc2196,PURCHASE,10.0,2026-08-14T18:52:01.546043
fd8cd0b6-1c8f-4a69-b975-07f46cf9eacc,331a2b18-7771-4c8f-babb-5457498c239b,acea3378-4bf7-4d40-8a6e-bab5fadc2196,ADD_TO_CART,5.0,2026-08-14T18:52:01.546043
52216ba9-58d0-45f7-ab86-4da66a1c889d,331a2b18-7771-4c8f-babb-5457498c239b,ff6ed914-1af0-4743-a219-3c47dd0455f8,PURCHASE,10.0,2026-08-14T18:52:01.546043
47a57f3a-82e8-4573-a38a-8a60855551a5,331a2b18-7771-4c8f-babb-5457498c239b,ff6ed914-1af0-4743-a219-3c47dd0455f8,ADD_TO_CART,5.0,2026-08-14T18:52:01.546043
c2d26f43-ddcb-447d-b9aa-287767d33115,331a2b18-7771-4c8f-babb-5457498c239b,73ba2336-7a3c-47ec-af09-dc36f47b00fc,PURCHASE,10.0,2026-08-14T18:52:01.546043
aa4101ff-2a35-4667-b880-18f7600a3568,331a2b18-7771-4c8f-babb-5457498c239b,5f90699e-3465-4122-9081-7f2f754993e4,PURCHASE,10.0,2026-08-14T18:52:01.546043
b1f39fe6-b43d-4c42-b80e-72738e2827bd,331a2b18-7771-4c8f-babb-5457498c239b,9e62c28d-8fc0-432a-b85d-e57755b7a392,PURCHASE,10.0,2026-08-14T18:52:01.546043
cdcc261a-a401-46b6-b2ff-1ac9443daefe,331a2b18-7771-4c8f-babb-5457498c239b,9e62c28d-8fc0-432a-b85d-e57755b7a392,ADD_TO_CART,5.0,2026-08-14T18:52:01.546043
c8ee5e78-9eaf-49ff-85f1-be2c07a9deff,331a2b18-7771-4c8f-babb-5457498c239b,acea3378-4bf7-4d40-8a6e-bab5fadc2196,PURCHASE,10.0,2026-08-11T21:52:01.546043
dbaa4509-2ae8-4620-b19d-e7c409d99768,331a2b18-7771-4c8f-babb-5457498c239b,acea3378-4bf7-4d40-8a6e-bab5fadc2196,ADD_TO_CART,5.0,2026-08-11T21:52:01.546043
69700f0c-a8bc-4cf3-b56f-710b0ce133aa,331a2b18-7771-4c8f-babb-5457498c239b,c2baad76-3877-4321-9e02-47d4f8e4cc46,PURCHASE,10.0,2026-08-11T21:52:01.546043
50649afa-0226-468c-8ccb-e0a10c4b2f82,331a2b18-7771-4c8f-babb-5457498c239b,7e966e66-f79b-4e76-b29c-f497a16698ed,PURCHASE,10.0,2026-08-11T21:52:01.546043
c7bb0ee9-c857-4bd7-99bd-031c8b36553a,331a2b18-7771-4c8f-babb-5457498c239b,5dedc130-d37a-4fce-8a23-c2c6186c790f,PURCHASE,10.0,2026-08-11T21:52:01.546043
fd1c4d5c-9c9f-4efd-ad5e-4471c2f3e985,331a2b18-7771-4c8f-babb-5457498c239b,5dedc130-d37a-4fce-8a23-c2c6186c790f,ADD_TO_CART,5.0,2026-08-11T21:52:01.546043
afc0271d-125e-428e-b280-bdc4077d7809,331a2b18-7771-4c8f-babb-5457498c239b,749c4ddf-974f-4931-a100-4225142185fc,PURCHASE,10.0,2026-08-11T21:52:01.546043
195b477b-cf34-4ae5-98cf-b60b359b50d5,331a2b18-7771-4c8f-babb-5457498c239b,acea3378-4bf7-4d40-8a6e-bab5fadc2196,PURCHASE,10.0,2026-08-16T18:52:01.546043
48f9811e-b8f6-41b4-88aa-f4e6706c994c,331a2b18-7771-4c8f-babb-5457498c239b,c2baad76-3877-4321-9e02-47d4f8e4cc46,PURCHASE,10.0,2026-08-16T18:52:01.546043
9c2da358-dde4-4483-a147-498c9f603957,331a2b18-7771-4c8f-babb-5457498c239b,c2baad76-3877-4321-9e02-47d4f8e4cc46,ADD_TO_CART,5.0,2026-08-16T18:52:01.546043
09382eaa-89fb-47a8-85bb-9cf3dcde495b,331a2b18-7771-4c8f-babb-5457498c239b,62e3d71d-bfa4-455a-bc72-9c810fe53eb1,PURCHASE,10.0,2026-08-16T18:52:01.546043
ea090a50-60bc-4aab-9f56-1868fb2f4601,331a2b18-7771-4c8f-babb-5457498c239b,62e3d71d-bfa4-455a-bc72-9c810fe53eb1,ADD_TO_CART,5.0,2026-08-16T18:52:01.546043
07511fa4-4459-45fa-982f-cf9767234af7,331a2b18-7771-4c8f-babb-5457498c239b,c3495736-91c7-4cc4-809c-67ddabb167ef,PURCHASE,10.0,2026-08-16T18:52:01.546043
34e8b001-ad4f-48bf-9f71-c77a3f774813,331a2b18-7771-4c8f-babb-5457498c239b,c3495736-91c7-4cc4-809c-67ddabb167ef,ADD_TO_CART,5.0,2026-08-16T18:52:01.546043
a7231a60-1b95-45e7-b937-df40f2c6bbe4,331a2b18-7771-4c8f-babb-5457498c239b,9c21e0d1-367d-46e5-8ddf-c5c2e66c5178,PURCHASE,10.0,2026-08-16T18:52:01.546043
250d7bef-8490-4456-b893-cfa569c15ac7,331a2b18-7771-4c8f-babb-5457498c239b,9c21e0d1-367d-46e5-8ddf-c5c2e66c5178,ADD_TO_CART,5.0,2026-08-16T18:52:01.546043
fda9bb86-84e1-4be3-bafd-f25f124074b9,331a2b18-7771-4c8f-babb-5457498c239b,1bb87e6c-1ef0-4ba0-9166-0a2eb7a7df7e,PURCHASE,10.0,2026-08-30T13:52:01.546043
97789bc9-ec15-40a2-9cfc-d9cd23528eb2,331a2b18-7771-4c8f-babb-5457498c239b,c2baad76-3877-4321-9e02-47d4f8e4cc46,PURCHASE,10.0,2026-08-30T13:52:01.546043
d14e9e7a-470b-4dae-8da0-671f81c64ced,331a2b18-7771-4c8f-babb-5457498c239b,90e24580-e2f0-49ab-99ce-79902d5d35fd,PURCHASE,10.0,2026-08-30T13:52:01.546043
8a5790b5-189d-4f82-8a4b-c6ff18a0447e,331a2b18-7771-4c8f-babb-5457498c239b,c3495736-91c7-4cc4-809c-67ddabb167ef,PURCHASE,10.0,2026-08-30T13:52:01.546043
fbeb73c2-b8d0-45ad-8311-483b57b22442,331a2b18-7771-4c8f-babb-5457498c239b,c3495736-91c7-4cc4-809c-67ddabb167ef,ADD_TO_CART,5.0,2026-08-30T13:52:01.546043
5f7c0fc2-34fe-4b1b-924d-8315a287b822,331a2b18-7771-4c8f-babb-5457498c239b,d7fe6fa6-3558-4d24-830f-7b3e26266011,PURCHASE,10.0,2026-08-30T13:52:01.546043
6b7bcd23-337a-4bb9-a037-db8913b63701,331a2b18-7771-4c8f-babb-5457498c239b,acea3378-4bf7-4d40-8a6e-bab5fadc2196,PURCHASE,10.0,2026-09-02T15:52:01.548075
7c3bb253-07bb-4442-80a7-7c54818c0fb6,331a2b18-7771-4c8f-babb-5457498c239b,c2baad76-3877-4321-9e02-47d4f8e4cc46,PURCHASE,10.0,2026-09-02T15:52:01.548075
90723bf1-cc5b-499f-9b73-9aeb62cead50,331a2b18-7771-4c8f-babb-5457498c239b,0edf81e8-0f9f-40e2-bfe7-e4b020cccfd2,PURCHASE,10.0,2026-09-02T15:52:01.548075
205c0bbb-714e-4584-bacd-f478d5a880c4,331a2b18-7771-4c8f-babb-5457498c239b,0edf81e8-0f9f-40e2-bfe7-e4b020cccfd2,ADD_TO_CART,5.0,2026-09-02T15:52:01.548075
b711346a-7825-4042-924d-65a61041828f,331a2b18-7771-4c8f-babb-5457498c239b,5f90699e-3465-4122-9081-7f2f754993e4,PURCHASE,10.0,2026-09-02T15:52:01.548075
e892ce47-4c6f-40dd-8b4e-cca5fc036f34,331a2b18-7771-4c8f-babb-5457498c239b,5f90699e-3465-4122-9081-7f2f754993e4,ADD_TO_CART,5.0,2026-09-02T15:52:01.548075
626a04fd-d40e-47d2-a475-f3a9824fad9b,331a2b18-7771-4c8f-babb-5457498c239b,5a442680-9fef-499c-825c-bcbe3ceaedb7,PURCHASE,10.0,2026-09-02T15:52:01.548075
1fafa973-80a1-4577-9251-d5f455023f00,c115ff2f-0c98-4983-bf03-167384d2903e,ca810efa-f2ec-4c94-85c8-746258ad8064,PURCHASE,10.0,2026-08-22T21:52:01.548075
9357c681-f30c-42dd-86f1-6fb483879a1f,c115ff2f-0c98-4983-bf03-167384d2903e,a30967de-2eeb-4230-9552-7c88ededd081,PURCHASE,10.0,2026-08-22T21:52:01.548075
6ad97f37-a00b-4573-b8ab-54bf153c5448,c115ff2f-0c98-4983-bf03-167384d2903e,91cc837c-d604-411e-809c-ace8df152781,PURCHASE,10.0,2026-08-22T21:52:01.548075
31b1b620-29be-44e4-847b-f29d71fee929,c115ff2f-0c98-4983-bf03-167384d2903e,0f8e2979-fd0e-4891-afd3-3b4a418d17c1,PURCHASE,10.0,2026-08-22T21:52:01.548075
b6d593a3-c73c-4a6c-84d6-1616c3171fcd,c115ff2f-0c98-4983-bf03-167384d2903e,01eceb48-f625-49d1-9160-9092e4e32c8f,PURCHASE,10.0,2026-08-22T21:52:01.548075
ca5a5855-30d1-4a02-91df-43f2e0a0a028,c115ff2f-0c98-4983-bf03-167384d2903e,01eceb48-f625-49d1-9160-9092e4e32c8f,ADD_TO_CART,5.0,2026-08-22T21:52:01.548075
422b95fa-63ad-4ab1-8ca1-16380d3ccc7f,c115ff2f-0c98-4983-bf03-167384d2903e,af72cf78-266e-4f86-a454-6c44b31ab17c,PURCHASE,10.0,2026-08-29T14:52:01.548075
40179ec3-c150-4033-a3bf-5fa7b422c720,c115ff2f-0c98-4983-bf03-167384d2903e,af72cf78-266e-4f86-a454-6c44b31ab17c,ADD_TO_CART,5.0,2026-08-29T14:52:01.548075
cf023b01-a8e1-43c5-b23c-81c4666d02d4,c115ff2f-0c98-4983-bf03-167384d2903e,a30967de-2eeb-4230-9552-7c88ededd081,PURCHASE,10.0,2026-08-29T14:52:01.548075
23544b8c-e0a0-4fe0-914c-ecbc48d735b7,c115ff2f-0c98-4983-bf03-167384d2903e,91cc837c-d604-411e-809c-ace8df152781,PURCHASE,10.0,2026-08-29T14:52:01.548075
7a4fdd7d-35cc-4ffd-94b9-75697d21d57d,c115ff2f-0c98-4983-bf03-167384d2903e,0f8e2979-fd0e-4891-afd3-3b4a418d17c1,PURCHASE,10.0,2026-08-29T14:52:01.548075
f5e0b47b-bfe4-4f9e-9663-e0526f303b7c,c115ff2f-0c98-4983-bf03-167384d2903e,7d3f6330-1fd3-427f-8350-6af27ef3a94a,PURCHASE,10.0,2026-08-29T14:52:01.548075
bffe4d70-acbe-45e6-ab35-574db68df866,c115ff2f-0c98-4983-bf03-167384d2903e,6009c106-4a8d-4390-b68f-d80d46087798,PURCHASE,10.0,2026-08-29T14:52:01.548075
392c6ed0-b08b-4026-8254-7da1be8ec265,c115ff2f-0c98-4983-bf03-167384d2903e,6009c106-4a8d-4390-b68f-d80d46087798,ADD_TO_CART,5.0,2026-08-29T14:52:01.548075
9fb148d4-c807-4424-96e9-40860bdf32dd,c115ff2f-0c98-4983-bf03-167384d2903e,ca810efa-f2ec-4c94-85c8-746258ad8064,PURCHASE,10.0,2026-09-07T15:52:01.548075
d57fd1e2-adf7-4018-a019-a691631e907b,c115ff2f-0c98-4983-bf03-167384d2903e,ca810efa-f2ec-4c94-85c8-746258ad8064,ADD_TO_CART,5.0,2026-09-07T15:52:01.548075
6bb88558-9502-486b-ba8c-c82f1bad957d,c115ff2f-0c98-4983-bf03-167384d2903e,a30967de-2eeb-4230-9552-7c88ededd081,PURCHASE,10.0,2026-09-07T15:52:01.548075
3f2fae9d-3a7e-4b67-965a-073881d0ac56,c115ff2f-0c98-4983-bf03-167384d2903e,a30967de-2eeb-4230-9552-7c88ededd081,ADD_TO_CART,5.0,2026-09-07T15:52:01.548075
86d32bc1-cddf-43a0-8721-e41edbf77e23,c115ff2f-0c98-4983-bf03-167384d2903e,f7bc89a4-3acf-4f49-af2d-c878fc6e6f45,PURCHASE,10.0,2026-09-07T15:52:01.548075
8902cdd7-cd48-417b-8286-6e81728d2ced,c115ff2f-0c98-4983-bf03-167384d2903e,f7bc89a4-3acf-4f49-af2d-c878fc6e6f45,ADD_TO_CART,5.0,2026-09-07T15:52:01.548075
826cbfa3-9f8a-4a88-b8f3-717d5c9aa975,c115ff2f-0c98-4983-bf03-167384d2903e,0f8e2979-fd0e-4891-afd3-3b4a418d17c1,PURCHASE,10.0,2026-09-07T15:52:01.548075
26587584-e799-4d35-9ee1-b6d62517aadc,c115ff2f-0c98-4983-bf03-167384d2903e,01eceb48-f625-49d1-9160-9092e4e32c8f,PURCHASE,10.0,2026-09-07T15:52:01.548075
e62fa730-3bfa-4b0f-97ba-fc18a344a349,3d14145a-752d-4dd5-907f-f375242af193,16d265ed-77a0-4a24-afb5-719cba043ada,PURCHASE,10.0,2026-08-06T20:52:01.548075
aa7395d0-3344-403d-a768-5285c9016407,3d14145a-752d-4dd5-907f-f375242af193,0f39696d-33be-4ab3-98ce-dfbfa4d9b7e5,PURCHASE,10.0,2026-08-06T20:52:01.548075
9ab563d4-ef62-4b38-8fb4-2b46cf95169b,3d14145a-752d-4dd5-907f-f375242af193,32c03fc7-af45-4e88-8af6-93a873e81ad5,PURCHASE,10.0,2026-08-06T20:52:01.548075
9359c067-a2be-4f82-9639-d1bae1d3a84c,3d14145a-752d-4dd5-907f-f375242af193,631a1e24-52d6-4900-a14f-f38ab19822d4,PURCHASE,10.0,2026-08-24T21:52:01.548075
9944001c-1a06-4ea0-9a9d-8856f2a2b003,3d14145a-752d-4dd5-907f-f375242af193,0f39696d-33be-4ab3-98ce-dfbfa4d9b7e5,PURCHASE,10.0,2026-08-24T21:52:01.548075
2a393871-9f44-4c65-8b55-53667401877d,3d14145a-752d-4dd5-907f-f375242af193,0f39696d-33be-4ab3-98ce-dfbfa4d9b7e5,ADD_TO_CART,5.0,2026-08-24T21:52:01.548075
24625e96-6d18-4d22-b7bd-208e58306a61,3d14145a-752d-4dd5-907f-f375242af193,32c03fc7-af45-4e88-8af6-93a873e81ad5,PURCHASE,10.0,2026-08-24T21:52:01.548075
de1b7cfa-60c8-46d4-96a3-1a8a85c7c560,3d14145a-752d-4dd5-907f-f375242af193,3548a058-595f-434d-8b3f-a98dc2df2f75,PURCHASE,10.0,2026-08-18T18:52:01.548075
e61e1136-fb56-4637-9310-8931e159fdf8,3d14145a-752d-4dd5-907f-f375242af193,1a485340-f614-4da7-9953-4cbb2f709dc6,PURCHASE,10.0,2026-08-18T18:52:01.548075
b12d82e0-5271-4f99-9d5e-36f4df246716,3d14145a-752d-4dd5-907f-f375242af193,1a485340-f614-4da7-9953-4cbb2f709dc6,ADD_TO_CART,5.0,2026-08-18T18:52:01.548075
0206dcd8-9602-4866-b9d1-26f47b6656ed,3d14145a-752d-4dd5-907f-f375242af193,32c03fc7-af45-4e88-8af6-93a873e81ad5,PURCHASE,10.0,2026-08-18T18:52:01.548075
fa2a9b0a-aa71-41ee-9ebb-0b32826d5ab3,3d14145a-752d-4dd5-907f-f375242af193,ee022739-4180-4dc6-8c2b-20baa685e36e,PURCHASE,10.0,2026-08-18T18:52:01.548075
1578c10a-d680-4ad6-9c8b-b1d608aac9e3,3d14145a-752d-4dd5-907f-f375242af193,ee022739-4180-4dc6-8c2b-20baa685e36e,ADD_TO_CART,5.0,2026-08-18T18:52:01.548075
160dd7a8-dabd-442f-b32e-aea083f0233c,3d14145a-752d-4dd5-907f-f375242af193,3548a058-595f-434d-8b3f-a98dc2df2f75,PURCHASE,10.0,2026-08-30T12:52:01.548075
5cfe7295-0fdb-4a08-98c2-b93bb6462423,3d14145a-752d-4dd5-907f-f375242af193,0f39696d-33be-4ab3-98ce-dfbfa4d9b7e5,PURCHASE,10.0,2026-08-30T12:52:01.548075
7f598e3f-63c7-4f17-9957-97a4f1a1896e,3d14145a-752d-4dd5-907f-f375242af193,0f39696d-33be-4ab3-98ce-dfbfa4d9b7e5,ADD_TO_CART,5.0,2026-08-30T12:52:01.548075
6153bbaa-7941-4a1c-b831-002da3e3beb5,3d14145a-752d-4dd5-907f-f375242af193,e39a26e9-549e-4b16-96e2-00865896404e,PURCHASE,10.0,2026-08-30T12:52:01.548075
1b7470be-08bf-4c91-a703-f08de9c5e784,3d14145a-752d-4dd5-907f-f375242af193,e39a26e9-549e-4b16-96e2-00865896404e,ADD_TO_CART,5.0,2026-08-30T12:52:01.548075
f6630632-c6f5-4096-b2d2-0da2cafa0edf,3d14145a-752d-4dd5-907f-f375242af193,34119d47-c8c2-4772-b53c-97c701be9620,PURCHASE,10.0,2026-09-03T19:52:01.548075
e501ede9-c079-4e92-85ac-cbc05860bf31,3d14145a-752d-4dd5-907f-f375242af193,34119d47-c8c2-4772-b53c-97c701be9620,ADD_TO_CART,5.0,2026-09-03T19:52:01.548075
b7c67aea-4e70-4392-adc1-cbeab39ce023,3d14145a-752d-4dd5-907f-f375242af193,5f3f1ace-733c-45a8-9015-9c81106d406a,PURCHASE,10.0,2026-09-03T19:52:01.548075
dba571e6-0bcc-4ab0-b3db-1af3027c2d2b,3d14145a-752d-4dd5-907f-f375242af193,5f3f1ace-733c-45a8-9015-9c81106d406a,ADD_TO_CART,5.0,2026-09-03T19:52:01.548075
e12d76a5-3350-4fee-a005-bbdea0805212,3d14145a-752d-4dd5-907f-f375242af193,32c03fc7-af45-4e88-8af6-93a873e81ad5,PURCHASE,10.0,2026-09-03T19:52:01.548075
b72558a3-74ac-4d86-ad55-4a5e32140c8a,4fb3055e-a3e6-409f-b75b-aa457c4a89bd,6e1f18a9-7abb-46a0-81bd-8f86711777f3,PURCHASE,10.0,2026-08-04T12:52:01.548075
b8e2723b-de04-4fb6-8ad4-84fff07dcabc,4fb3055e-a3e6-409f-b75b-aa457c4a89bd,6e1f18a9-7abb-46a0-81bd-8f86711777f3,ADD_TO_CART,5.0,2026-08-04T12:52:01.548075
e6eb230b-4046-40a9-aebe-a0692bbd4fe1,4fb3055e-a3e6-409f-b75b-aa457c4a89bd,a25999f5-62a0-4f6a-9365-8884d42cb059,PURCHASE,10.0,2026-08-04T12:52:01.548075
2e2e34e1-a4d5-494c-a0f7-1c5ae9727939,4fb3055e-a3e6-409f-b75b-aa457c4a89bd,5c70169d-eaed-4e4c-a326-52c3e7c96dac,PURCHASE,10.0,2026-08-04T12:52:01.548075
d041b192-e6c7-40ab-9ba6-249cd33a0070,4fb3055e-a3e6-409f-b75b-aa457c4a89bd,6e1f18a9-7abb-46a0-81bd-8f86711777f3,PURCHASE,10.0,2026-08-16T12:52:01.548075
9d75f6e6-418b-4185-94ba-27598dd9751a,4fb3055e-a3e6-409f-b75b-aa457c4a89bd,6e1f18a9-7abb-46a0-81bd-8f86711777f3,ADD_TO_CART,5.0,2026-08-16T12:52:01.548075
a352464c-a8b3-4ebf-afb2-939885f63158,4fb3055e-a3e6-409f-b75b-aa457c4a89bd,3a50c212-b6a5-4a68-8319-9c27735e8d16,PURCHASE,10.0,2026-08-16T12:52:01.548075
f111932a-7777-4899-9570-9298069ff55b,4fb3055e-a3e6-409f-b75b-aa457c4a89bd,3a50c212-b6a5-4a68-8319-9c27735e8d16,ADD_TO_CART,5.0,2026-08-16T12:52:01.548075
128e1d10-ed3b-4ab1-9eb2-7cbd8eae5187,4fb3055e-a3e6-409f-b75b-aa457c4a89bd,5c70169d-eaed-4e4c-a326-52c3e7c96dac,PURCHASE,10.0,2026-08-16T12:52:01.548075
2f46d6fb-ecad-4d5b-bd27-50d7f049baea,4fb3055e-a3e6-409f-b75b-aa457c4a89bd,53375854-801f-4fc4-9bca-a764bf6963fe,PURCHASE,10.0,2026-08-08T13:52:01.548075
d8fcba47-eb3a-4426-9d2d-fa86a1b4917b,4fb3055e-a3e6-409f-b75b-aa457c4a89bd,1a485340-f614-4da7-9953-4cbb2f709dc6,PURCHASE,10.0,2026-08-08T13:52:01.548075
4a16bf0b-03e5-4743-8cc6-7bcd06aac5e2,4fb3055e-a3e6-409f-b75b-aa457c4a89bd,7a7c4c3b-cbaa-425a-94c8-f3bcd4fe371d,PURCHASE,10.0,2026-08-08T13:52:01.548075
ae979c16-7478-4787-b698-b959eba7647e,4fb3055e-a3e6-409f-b75b-aa457c4a89bd,7a7c4c3b-cbaa-425a-94c8-f3bcd4fe371d,ADD_TO_CART,5.0,2026-08-08T13:52:01.548075
c75450cb-5bc1-48e0-b3f0-2d70b8ae902f,4fb3055e-a3e6-409f-b75b-aa457c4a89bd,6dfa977d-ac40-4b0c-9944-77f5fc5892c4,PURCHASE,10.0,2026-08-25T14:52:01.548075
9e669863-049f-45b5-aed8-2306fa2d7af2,4fb3055e-a3e6-409f-b75b-aa457c4a89bd,5f3f1ace-733c-45a8-9015-9c81106d406a,PURCHASE,10.0,2026-08-25T14:52:01.548075
e831e6f4-be91-4f96-a33c-2d76c3f9a478,4fb3055e-a3e6-409f-b75b-aa457c4a89bd,38725919-c9be-41de-a4ce-7ca2b20d2220,PURCHASE,10.0,2026-08-25T14:52:01.548075
e91d311a-da3e-48a5-8ee4-f6944283bee2,4fb3055e-a3e6-409f-b75b-aa457c4a89bd,38725919-c9be-41de-a4ce-7ca2b20d2220,ADD_TO_CART,5.0,2026-08-25T14:52:01.548075
f525d7c2-f6fd-43be-8e94-f360ada40d47,4fb3055e-a3e6-409f-b75b-aa457c4a89bd,6e1f18a9-7abb-46a0-81bd-8f86711777f3,PURCHASE,10.0,2026-08-26T21:52:01.548075
c331ce9b-0b98-4b56-975c-a66bd248f48a,4fb3055e-a3e6-409f-b75b-aa457c4a89bd,a25999f5-62a0-4f6a-9365-8884d42cb059,PURCHASE,10.0,2026-08-26T21:52:01.548075
c73ff329-edb6-4be7-ae23-30b8df49856a,4fb3055e-a3e6-409f-b75b-aa457c4a89bd,5c70169d-eaed-4e4c-a326-52c3e7c96dac,PURCHASE,10.0,2026-08-26T21:52:01.548075
56240fe6-0f38-4e00-bd90-895292876a10,4fb3055e-a3e6-409f-b75b-aa457c4a89bd,5c70169d-eaed-4e4c-a326-52c3e7c96dac,ADD_TO_CART,5.0,2026-08-26T21:52:01.548075
3e9a34ed-4fc3-46ad-8d88-7ebae99a8eac,4fb3055e-a3e6-409f-b75b-aa457c4a89bd,6e1f18a9-7abb-46a0-81bd-8f86711777f3,PURCHASE,10.0,2026-08-31T14:52:01.548075
dc3ad393-90db-4479-a3f6-cf60bbb1c875,4fb3055e-a3e6-409f-b75b-aa457c4a89bd,a25999f5-62a0-4f6a-9365-8884d42cb059,PURCHASE,10.0,2026-08-31T14:52:01.548075
8351aee3-b1b8-48f4-a7ed-80aad2f1c2a9,4fb3055e-a3e6-409f-b75b-aa457c4a89bd,5c70169d-eaed-4e4c-a326-52c3e7c96dac,PURCHASE,10.0,2026-08-31T14:52:01.548075
68374700-500c-4f15-a32f-caefde31c095,4fb3055e-a3e6-409f-b75b-aa457c4a89bd,ffcbe3ac-c1c6-4338-b2aa-421e7396924a,PURCHASE,10.0,2026-08-31T14:52:01.548075
3db2aa5d-86c1-4a7f-a299-5373f96e045c,4fb3055e-a3e6-409f-b75b-aa457c4a89bd,ffcbe3ac-c1c6-4338-b2aa-421e7396924a,ADD_TO_CART,5.0,2026-08-31T14:52:01.548075
e6097332-b6bd-4167-80ba-39fe21f83b47,95381c19-145e-4e11-ab3f-3555b2a07941,eeefd9b6-1b40-41ed-ba70-4f51c247226a,PURCHASE,10.0,2026-07-23T14:52:01.548075
7d2cf5d0-1111-47ca-b0ab-00d0cc2c5948,95381c19-145e-4e11-ab3f-3555b2a07941,ffb35857-5a01-4e4d-b7f3-e4dba8ebcf4b,PURCHASE,10.0,2026-07-23T14:52:01.548075
0821e704-3e3c-44ae-bd70-da18f21302a5,95381c19-145e-4e11-ab3f-3555b2a07941,34119d47-c8c2-4772-b53c-97c701be9620,PURCHASE,10.0,2026-07-23T14:52:01.548075
3a711c86-9a1e-4709-88d1-978516aa8a73,95381c19-145e-4e11-ab3f-3555b2a07941,ae9fd366-c734-40ed-a400-bcb11499a529,PURCHASE,10.0,2026-07-23T14:52:01.548075
183b2812-1c09-42fd-a05f-f075f0f6e873,95381c19-145e-4e11-ab3f-3555b2a07941,ae9fd366-c734-40ed-a400-bcb11499a529,ADD_TO_CART,5.0,2026-07-23T14:52:01.548075
0a867ca7-6f71-476c-8a86-60eb5797be53,95381c19-145e-4e11-ab3f-3555b2a07941,eeefd9b6-1b40-41ed-ba70-4f51c247226a,PURCHASE,10.0,2026-08-06T19:52:01.548075
6db1fc09-6e86-4b22-b40a-479319538165,95381c19-145e-4e11-ab3f-3555b2a07941,eeefd9b6-1b40-41ed-ba70-4f51c247226a,ADD_TO_CART,5.0,2026-08-06T19:52:01.548075
cd18e16c-565e-4b5b-ad1b-1153d78c36a9,95381c19-145e-4e11-ab3f-3555b2a07941,8925d13b-14fa-4779-863a-25811e076e6a,PURCHASE,10.0,2026-08-06T19:52:01.548075
631c3400-0370-4155-8aed-1be214694def,95381c19-145e-4e11-ab3f-3555b2a07941,6dfa977d-ac40-4b0c-9944-77f5fc5892c4,PURCHASE,10.0,2026-08-06T19:52:01.548075
256c8351-5b33-41e7-887a-cc157c2ba4ba,95381c19-145e-4e11-ab3f-3555b2a07941,6dfa977d-ac40-4b0c-9944-77f5fc5892c4,ADD_TO_CART,5.0,2026-08-06T19:52:01.548075
fb3b48a3-5181-482d-9ee7-67b86d2e6f3c,95381c19-145e-4e11-ab3f-3555b2a07941,01cc7f23-cad4-4c40-a54b-fae6740f8e23,PURCHASE,10.0,2026-08-14T17:52:01.548075
c05c4930-7d8d-4748-a8be-c88717b860d7,95381c19-145e-4e11-ab3f-3555b2a07941,01cc7f23-cad4-4c40-a54b-fae6740f8e23,ADD_TO_CART,5.0,2026-08-14T17:52:01.548075
b7b89867-b941-4f72-ab93-bb85c15ab147,95381c19-145e-4e11-ab3f-3555b2a07941,5f90699e-3465-4122-9081-7f2f754993e4,PURCHASE,10.0,2026-08-14T17:52:01.548075
a26a74e8-2044-45d7-90d5-dc847a9455b7,95381c19-145e-4e11-ab3f-3555b2a07941,5f90699e-3465-4122-9081-7f2f754993e4,ADD_TO_CART,5.0,2026-08-14T17:52:01.548075
2c26d725-0255-4f05-b54a-373a5b4d02cb,95381c19-145e-4e11-ab3f-3555b2a07941,71052cc8-49f3-422f-be43-de34a2259d59,PURCHASE,10.0,2026-08-14T17:52:01.548075
86769f6b-92f6-4578-bffa-95fcec3b05b1,95381c19-145e-4e11-ab3f-3555b2a07941,71052cc8-49f3-422f-be43-de34a2259d59,ADD_TO_CART,5.0,2026-08-14T17:52:01.548075
d4f66531-0008-45f3-8a93-f0f15fec6d49,95381c19-145e-4e11-ab3f-3555b2a07941,6d906107-a0e5-47f2-8799-d65930e76c89,PURCHASE,10.0,2026-08-14T17:52:01.548075
654537de-d0ba-4ff1-8c65-6ac418e2ffe5,95381c19-145e-4e11-ab3f-3555b2a07941,10a2f7b5-2629-4dff-b0d1-9d3c4c954908,PURCHASE,10.0,2026-08-22T19:52:01.548075
c3db5d19-5362-4f8b-890d-b38e3afa9fcb,95381c19-145e-4e11-ab3f-3555b2a07941,10a2f7b5-2629-4dff-b0d1-9d3c4c954908,ADD_TO_CART,5.0,2026-08-22T19:52:01.548075
f6be1bb5-8a17-4eac-9048-f333ef715596,95381c19-145e-4e11-ab3f-3555b2a07941,34375768-3582-4dae-94f6-7d728cf14b72,PURCHASE,10.0,2026-08-22T19:52:01.548075
dbef59e8-8a5b-41ee-a74b-044a25cf7468,95381c19-145e-4e11-ab3f-3555b2a07941,34375768-3582-4dae-94f6-7d728cf14b72,ADD_TO_CART,5.0,2026-08-22T19:52:01.548075
11bc6335-bf5a-4d15-9032-bc0d4e606ae8,95381c19-145e-4e11-ab3f-3555b2a07941,9fde5f92-80d6-4098-9f79-62288afa3012,PURCHASE,10.0,2026-08-22T19:52:01.548075
d8b76600-391e-4e57-b0d6-26a615cdb732,95381c19-145e-4e11-ab3f-3555b2a07941,300c236a-5cf1-4646-b74a-bd449ed18374,PURCHASE,10.0,2026-08-22T19:52:01.548075
af946286-b0dd-4c54-82ac-1bcfa26b4bae,95381c19-145e-4e11-ab3f-3555b2a07941,3917a229-00ce-4f07-ab63-a7dfc2cd82df,PURCHASE,10.0,2026-09-01T15:52:01.550079
1f4558cb-0d87-4849-859c-0b888fec46ba,95381c19-145e-4e11-ab3f-3555b2a07941,267bcafa-37c4-4b02-92c3-b227652497c8,PURCHASE,10.0,2026-09-01T15:52:01.550079
dce13e0b-f128-41e3-a3ca-b26d42179cec,95381c19-145e-4e11-ab3f-3555b2a07941,53375854-801f-4fc4-9bca-a764bf6963fe,PURCHASE,10.0,2026-09-01T15:52:01.550079
40e0fa80-c781-4031-af8e-853eae94f6a3,95381c19-145e-4e11-ab3f-3555b2a07941,53375854-801f-4fc4-9bca-a764bf6963fe,ADD_TO_CART,5.0,2026-09-01T15:52:01.550079
58a41bc7-190d-4d99-98ba-b4656cb26961,95381c19-145e-4e11-ab3f-3555b2a07941,74396c83-e782-46c3-9710-c78913d5a49a,PURCHASE,10.0,2026-09-01T15:52:01.550079
0fb7c878-9dad-4613-a91f-4e52a9323fb6,95381c19-145e-4e11-ab3f-3555b2a07941,0edf81e8-0f9f-40e2-bfe7-e4b020cccfd2,PURCHASE,10.0,2026-09-03T17:52:01.550079
39ecb8c3-20ff-4a95-8c94-291e89fdf51d,95381c19-145e-4e11-ab3f-3555b2a07941,0edf81e8-0f9f-40e2-bfe7-e4b020cccfd2,ADD_TO_CART,5.0,2026-09-03T17:52:01.550079
da2b404b-8ec8-4428-99ac-cf2da8a13d79,95381c19-145e-4e11-ab3f-3555b2a07941,40dc9d92-f58c-4d7d-9147-c68c24af66b3,PURCHASE,10.0,2026-09-03T17:52:01.550079
88ed1077-ab00-462f-a8fa-bd1061aa9064,95381c19-145e-4e11-ab3f-3555b2a07941,9fde5f92-80d6-4098-9f79-62288afa3012,PURCHASE,10.0,2026-09-03T17:52:01.550079
4cd1ea43-8106-4555-8615-ad252f49d2b0,95381c19-145e-4e11-ab3f-3555b2a07941,9fde5f92-80d6-4098-9f79-62288afa3012,ADD_TO_CART,5.0,2026-09-03T17:52:01.550079
e3c7e047-46be-4d4b-b1dc-cf1fce6f71f8,95381c19-145e-4e11-ab3f-3555b2a07941,10f05ff2-ae9e-42f6-9878-a22a6ac8d86c,PURCHASE,10.0,2026-09-03T17:52:01.550079
90dc6b46-1857-4a69-a951-2ef19ac173ee,f6fcd7a9-a8f0-457c-b9f3-018c8b01391b,6ceef2d2-1469-48a0-9d65-3453b2d6099a,PURCHASE,10.0,2026-08-06T16:52:01.550079
755894f5-ee4a-442e-a7d2-9ddd00d141dc,f6fcd7a9-a8f0-457c-b9f3-018c8b01391b,c2baad76-3877-4321-9e02-47d4f8e4cc46,PURCHASE,10.0,2026-08-06T16:52:01.550079
1be9c7fa-3bef-4099-a4fc-b5a5678b80b3,f6fcd7a9-a8f0-457c-b9f3-018c8b01391b,c2baad76-3877-4321-9e02-47d4f8e4cc46,ADD_TO_CART,5.0,2026-08-06T16:52:01.550079
82c1cf57-26c6-4d17-a8a7-6c6118634527,f6fcd7a9-a8f0-457c-b9f3-018c8b01391b,513bda1b-657c-4490-9a52-b4bf2f376704,PURCHASE,10.0,2026-08-06T16:52:01.550079
a183dafa-d133-4a72-937c-1bb900434765,f6fcd7a9-a8f0-457c-b9f3-018c8b01391b,513bda1b-657c-4490-9a52-b4bf2f376704,ADD_TO_CART,5.0,2026-08-06T16:52:01.550079
72c66685-089d-4ea0-b48d-1c2edff85913,f6fcd7a9-a8f0-457c-b9f3-018c8b01391b,6ceef2d2-1469-48a0-9d65-3453b2d6099a,PURCHASE,10.0,2026-08-17T17:52:01.550079
d1129e82-3dc0-44e0-b8ef-968a1619b05e,f6fcd7a9-a8f0-457c-b9f3-018c8b01391b,cd421415-e774-4ace-b0dc-d63a85efee9b,PURCHASE,10.0,2026-08-17T17:52:01.550079
56397e1e-d88e-4ce3-8417-b3492a183260,f6fcd7a9-a8f0-457c-b9f3-018c8b01391b,d848e305-da92-42ae-a09b-220a4628adde,PURCHASE,10.0,2026-08-17T17:52:01.550079
81c1a9fe-0a33-4eba-8ed2-17d9ec860396,f6fcd7a9-a8f0-457c-b9f3-018c8b01391b,ce228021-e222-4cb4-afed-b4079dd03dde,PURCHASE,10.0,2026-08-21T17:52:01.550079
0fd891a0-4a1b-4b16-9087-0e5bd06b346d,f6fcd7a9-a8f0-457c-b9f3-018c8b01391b,ce228021-e222-4cb4-afed-b4079dd03dde,ADD_TO_CART,5.0,2026-08-21T17:52:01.550079
6bd84229-994e-4d53-ae63-54044f4628c5,f6fcd7a9-a8f0-457c-b9f3-018c8b01391b,cd421415-e774-4ace-b0dc-d63a85efee9b,PURCHASE,10.0,2026-08-21T17:52:01.550079
812bea3a-b428-4018-821b-a2d3779c6907,f6fcd7a9-a8f0-457c-b9f3-018c8b01391b,6ceef2d2-1469-48a0-9d65-3453b2d6099a,PURCHASE,10.0,2026-08-21T17:52:01.550079
a0a8a772-d218-40da-871b-76d560cae92d,f6fcd7a9-a8f0-457c-b9f3-018c8b01391b,267bcafa-37c4-4b02-92c3-b227652497c8,PURCHASE,10.0,2026-08-21T17:52:01.550079
365e2a35-de37-4f95-bed6-d908c17ab177,f6fcd7a9-a8f0-457c-b9f3-018c8b01391b,bc471493-c860-41fb-9447-d722e0748c36,PURCHASE,10.0,2026-08-21T17:52:01.550079
8e3c538e-13c3-4130-9de7-1e06ca7e2d0d,f6fcd7a9-a8f0-457c-b9f3-018c8b01391b,6ceef2d2-1469-48a0-9d65-3453b2d6099a,PURCHASE,10.0,2026-08-28T15:52:01.550079
ad78cced-c35e-4ded-8aad-c4f68964c9ac,f6fcd7a9-a8f0-457c-b9f3-018c8b01391b,6ceef2d2-1469-48a0-9d65-3453b2d6099a,ADD_TO_CART,5.0,2026-08-28T15:52:01.550079
4e94f463-2557-41c4-8d86-70fd3f82013d,f6fcd7a9-a8f0-457c-b9f3-018c8b01391b,cd421415-e774-4ace-b0dc-d63a85efee9b,PURCHASE,10.0,2026-08-28T15:52:01.550079
e19ec06e-4235-4858-ba4e-c792818ccb6a,f6fcd7a9-a8f0-457c-b9f3-018c8b01391b,cd421415-e774-4ace-b0dc-d63a85efee9b,ADD_TO_CART,5.0,2026-08-28T15:52:01.550079
70e35e6b-bece-4176-8e2c-581b92669514,f6fcd7a9-a8f0-457c-b9f3-018c8b01391b,e7185a39-0261-4ed3-8614-036ab8432fa2,PURCHASE,10.0,2026-08-28T15:52:01.550079
990e9696-0580-42cd-a52d-4e59883d5f94,f6fcd7a9-a8f0-457c-b9f3-018c8b01391b,2948b4d3-301f-481d-8a28-8fbc91814afa,PURCHASE,10.0,2026-08-28T15:52:01.550079
a50fc6c5-2751-4a85-a92e-04bdb578115b,f6fcd7a9-a8f0-457c-b9f3-018c8b01391b,d848e305-da92-42ae-a09b-220a4628adde,PURCHASE,10.0,2026-09-07T13:52:01.550079
433df6ce-658d-448d-8848-8616844c7339,f6fcd7a9-a8f0-457c-b9f3-018c8b01391b,14be1626-52a6-4663-a86f-3e63efc5b7f1,PURCHASE,10.0,2026-09-07T13:52:01.550079
b79a61bc-4c72-44c0-a966-d8e318c79659,f6fcd7a9-a8f0-457c-b9f3-018c8b01391b,5638747c-cb25-4b64-9d98-851c2db06d60,PURCHASE,10.0,2026-09-07T13:52:01.550079
aef95a73-c9ae-4d02-bcfc-9410c4446118,f6fcd7a9-a8f0-457c-b9f3-018c8b01391b,cb60bbbe-2069-47d8-b5e7-b3ea327f47f8,PURCHASE,10.0,2026-09-07T13:52:01.550079
e5c24ee2-f2a5-4b9c-8403-ca657b4dc793,f6fcd7a9-a8f0-457c-b9f3-018c8b01391b,cb60bbbe-2069-47d8-b5e7-b3ea327f47f8,ADD_TO_CART,5.0,2026-09-07T13:52:01.550079
b442c569-8a96-48a2-987d-1e50ab6dd064,f6fcd7a9-a8f0-457c-b9f3-018c8b01391b,8a79f0bd-7f06-4ca9-80fe-75a8a001957d,PURCHASE,10.0,2026-09-07T13:52:01.550079
5995b49d-ac54-4bfa-ad3e-12e8b95c29e5,f6fcd7a9-a8f0-457c-b9f3-018c8b01391b,ede7e214-7e45-44fa-909e-938a0e7322ea,PURCHASE,10.0,2026-09-07T13:52:01.550079
bc16c4e3-6615-4505-97be-6abf2d92a35c,f8eb34db-1687-4a4b-802f-8c5bdb2bce45,ee4ae226-aca3-4d7c-8291-771300058d27,PURCHASE,10.0,2026-08-18T19:52:01.550079
8a8ac7d9-aa1c-458c-b8e8-5dfdb61ffe0a,f8eb34db-1687-4a4b-802f-8c5bdb2bce45,18fe75c9-121d-44bc-89b9-cc601c87f43e,PURCHASE,10.0,2026-08-18T19:52:01.550079
3de5b5f8-e414-4284-967c-06e5264c2948,f8eb34db-1687-4a4b-802f-8c5bdb2bce45,18fe75c9-121d-44bc-89b9-cc601c87f43e,ADD_TO_CART,5.0,2026-08-18T19:52:01.550079
fff84fbc-f9d0-4e05-aafd-a045ced8eb72,f8eb34db-1687-4a4b-802f-8c5bdb2bce45,9fde5f92-80d6-4098-9f79-62288afa3012,PURCHASE,10.0,2026-08-18T19:52:01.550079
964956b8-0b87-4859-9644-c2aa35912797,f8eb34db-1687-4a4b-802f-8c5bdb2bce45,0de12161-675e-4cbb-96b4-0107237dd341,PURCHASE,10.0,2026-08-18T19:52:01.550079
f8e6bed9-58d0-4f11-a94d-9bc8fa7a7437,f8eb34db-1687-4a4b-802f-8c5bdb2bce45,0de12161-675e-4cbb-96b4-0107237dd341,ADD_TO_CART,5.0,2026-08-18T19:52:01.550079
c5713d95-dc96-45ec-9762-2db7e49f20be,f8eb34db-1687-4a4b-802f-8c5bdb2bce45,ba87582f-c244-431b-a4bd-e5bbdf0cf954,PURCHASE,10.0,2026-08-18T19:52:01.550079
2f8b1c77-c213-4f31-a7f2-098a432d9fe2,f8eb34db-1687-4a4b-802f-8c5bdb2bce45,5b8c6336-1da2-4e93-a5fb-3781c59c29bb,PURCHASE,10.0,2026-08-25T21:52:01.550079
0dc73dfd-a44c-4215-a8fe-3b60bf843312,f8eb34db-1687-4a4b-802f-8c5bdb2bce45,590e80bb-af16-404a-9e65-c9a5fb7cd1dd,PURCHASE,10.0,2026-08-25T21:52:01.550079
4902c7d3-b0e5-4310-a29b-8d7a1dfd9e37,f8eb34db-1687-4a4b-802f-8c5bdb2bce45,590e80bb-af16-404a-9e65-c9a5fb7cd1dd,ADD_TO_CART,5.0,2026-08-25T21:52:01.550079
3046c97c-26c6-41aa-a89a-e1b5d0831185,f8eb34db-1687-4a4b-802f-8c5bdb2bce45,71052cc8-49f3-422f-be43-de34a2259d59,PURCHASE,10.0,2026-08-25T21:52:01.550079
e5dd986e-a83e-4be6-9cc9-909257af8827,f8eb34db-1687-4a4b-802f-8c5bdb2bce45,d7fe6fa6-3558-4d24-830f-7b3e26266011,PURCHASE,10.0,2026-08-25T21:52:01.550079
7d6111d0-90fe-4f1b-8359-0a121886ed7d,f8eb34db-1687-4a4b-802f-8c5bdb2bce45,d7fe6fa6-3558-4d24-830f-7b3e26266011,ADD_TO_CART,5.0,2026-08-25T21:52:01.550079
f90dd945-e103-453c-8250-74e130307532,f8eb34db-1687-4a4b-802f-8c5bdb2bce45,34119d47-c8c2-4772-b53c-97c701be9620,PURCHASE,10.0,2026-09-05T19:52:01.551735
0426fa82-ba72-4b98-8e3f-18d745054e46,f8eb34db-1687-4a4b-802f-8c5bdb2bce45,34119d47-c8c2-4772-b53c-97c701be9620,ADD_TO_CART,5.0,2026-09-05T19:52:01.551735
f6f932df-49ed-4a86-9343-ce5701d44e52,f8eb34db-1687-4a4b-802f-8c5bdb2bce45,3fb4e8d6-0eb4-427b-bc00-84dd6f15806c,PURCHASE,10.0,2026-09-05T19:52:01.551735
b95e1c0e-0058-4139-8622-d5cc02a4aeeb,f8eb34db-1687-4a4b-802f-8c5bdb2bce45,8124d850-f372-4140-92f6-6ff393d8ad94,PURCHASE,10.0,2026-09-05T19:52:01.551735
a8c3b0b2-484b-497e-9e60-b68e6f84d922,f8eb34db-1687-4a4b-802f-8c5bdb2bce45,8124d850-f372-4140-92f6-6ff393d8ad94,ADD_TO_CART,5.0,2026-09-05T19:52:01.551735
a51eedc7-3d6d-427a-b913-9efc07862139,8db95983-f362-4452-a960-11964662f0bf,d37292d7-762b-47aa-a24a-518beba4bb0b,PURCHASE,10.0,2026-08-27T12:52:01.552245
917062a4-03b1-43b3-96f3-cda527548071,8db95983-f362-4452-a960-11964662f0bf,d37292d7-762b-47aa-a24a-518beba4bb0b,ADD_TO_CART,5.0,2026-08-27T12:52:01.552245
1824fdfa-cd45-4dd8-9278-1f9364c4edc8,8db95983-f362-4452-a960-11964662f0bf,ef1edfc3-47b7-4fd4-83d6-8e411458ec16,PURCHASE,10.0,2026-08-27T12:52:01.552245
bda6afa9-eb8f-4bb4-b7bf-6e66041794f2,8db95983-f362-4452-a960-11964662f0bf,ef1edfc3-47b7-4fd4-83d6-8e411458ec16,ADD_TO_CART,5.0,2026-08-27T12:52:01.552245
f57f3b67-a131-4ae2-9f46-23e080909eb2,8db95983-f362-4452-a960-11964662f0bf,9e466ab4-0753-45f0-b24d-06ca63637b2d,PURCHASE,10.0,2026-08-27T12:52:01.552245
b2312a34-006c-48b0-a1b6-c715c7166fff,8db95983-f362-4452-a960-11964662f0bf,0f8e2979-fd0e-4891-afd3-3b4a418d17c1,PURCHASE,10.0,2026-08-27T12:52:01.552245
7fa929f5-d228-4aa1-bfa6-0c94c9d91da8,8db95983-f362-4452-a960-11964662f0bf,01eceb48-f625-49d1-9160-9092e4e32c8f,PURCHASE,10.0,2026-08-27T12:52:01.552245
6f2c8ee0-fd0b-4efa-861a-1fb47e209e44,8db95983-f362-4452-a960-11964662f0bf,6009c106-4a8d-4390-b68f-d80d46087798,PURCHASE,10.0,2026-08-27T12:52:01.552245
83cca863-b449-456e-a341-419e8d05d014,8db95983-f362-4452-a960-11964662f0bf,b99e1dae-48e4-4376-947d-936df1d7d3fd,PURCHASE,10.0,2026-08-31T20:52:01.552245
0dd777f9-73a2-4eb5-bfbe-606894918515,8db95983-f362-4452-a960-11964662f0bf,0f8e2979-fd0e-4891-afd3-3b4a418d17c1,PURCHASE,10.0,2026-08-31T20:52:01.552245
9c09b24d-d063-491c-a2fd-f4412c199164,8db95983-f362-4452-a960-11964662f0bf,34119d47-c8c2-4772-b53c-97c701be9620,PURCHASE,10.0,2026-08-31T20:52:01.552245
15ef3d0e-457e-44b2-8a78-e9ad098ecb80,8db95983-f362-4452-a960-11964662f0bf,4985cb8a-2526-4b48-9622-96507fd818ac,PURCHASE,10.0,2026-08-31T20:52:01.552245
50aaa484-e8b1-40f7-9f3c-d0b51635086b,8db95983-f362-4452-a960-11964662f0bf,4985cb8a-2526-4b48-9622-96507fd818ac,ADD_TO_CART,5.0,2026-08-31T20:52:01.552245
29b1d682-5813-49aa-bef7-038430fa6c45,8db95983-f362-4452-a960-11964662f0bf,e6a04938-5e34-4328-ae59-6d3dc3f1c0f1,PURCHASE,10.0,2026-09-04T21:52:01.552245
f2d5b0c0-d073-4d97-8ee1-8f89c8f9a10c,8db95983-f362-4452-a960-11964662f0bf,0f8ffc1d-42dd-4b60-a223-644c0eb7d1c4,PURCHASE,10.0,2026-09-04T21:52:01.552245
529b9cf2-71b2-4728-ac08-185d86925387,8db95983-f362-4452-a960-11964662f0bf,0f8ffc1d-42dd-4b60-a223-644c0eb7d1c4,ADD_TO_CART,5.0,2026-09-04T21:52:01.552245
49893ad0-1580-4c96-962e-33b6bda0e4f6,8db95983-f362-4452-a960-11964662f0bf,88dc8654-525d-4e13-a1c5-26c467b71fdf,PURCHASE,10.0,2026-09-04T21:52:01.552245
aad2db04-b567-4f88-adfa-f4f447f59c34,8408401e-694d-4008-bd1a-d0d90d78d6f5,6ceef2d2-1469-48a0-9d65-3453b2d6099a,PURCHASE,10.0,2026-08-24T13:52:01.552245
616984c0-bc3d-430c-8783-a490c44365e9,8408401e-694d-4008-bd1a-d0d90d78d6f5,3a552307-6f65-4c3a-a54d-d271c022e93b,PURCHASE,10.0,2026-08-24T13:52:01.552245
c457a60c-9335-4923-827f-c475e7263183,8408401e-694d-4008-bd1a-d0d90d78d6f5,c1825c45-0d7b-4a7a-8dcb-9551977f9a86,PURCHASE,10.0,2026-08-24T13:52:01.552245
7eb6231c-6fb1-425d-8391-33f71dddd207,8408401e-694d-4008-bd1a-d0d90d78d6f5,c1825c45-0d7b-4a7a-8dcb-9551977f9a86,ADD_TO_CART,5.0,2026-08-24T13:52:01.552245
2f50391e-d3b0-4bb2-9333-7c33dca19787,8408401e-694d-4008-bd1a-d0d90d78d6f5,037383ef-6b0c-4d21-91c9-e5c324305667,PURCHASE,10.0,2026-08-24T13:52:01.552245
50fe835c-b499-4ad8-b936-2e29bc74684d,8408401e-694d-4008-bd1a-d0d90d78d6f5,037383ef-6b0c-4d21-91c9-e5c324305667,ADD_TO_CART,5.0,2026-08-24T13:52:01.552245
fc9602e5-60e7-4dc5-a97c-0f395aa3b762,8408401e-694d-4008-bd1a-d0d90d78d6f5,c6914581-923c-445a-9f9c-eaf0ec5a2c33,PURCHASE,10.0,2026-08-24T13:52:01.552245
82e79d78-817d-41c7-b937-f2e8d1f03959,8408401e-694d-4008-bd1a-d0d90d78d6f5,5be7f0f5-1d12-45f3-b308-f664330e8da7,PURCHASE,10.0,2026-08-24T13:52:01.552245
3f0e41ba-150f-477a-8f6c-00acc046232b,8408401e-694d-4008-bd1a-d0d90d78d6f5,e8e1f6be-df4b-472a-b946-31dfbfb43dd2,PURCHASE,10.0,2026-08-18T13:52:01.552245
7901ae96-663a-47f4-8370-d295c80bca45,8408401e-694d-4008-bd1a-d0d90d78d6f5,0921c244-e74f-43b4-b909-08651f21641e,PURCHASE,10.0,2026-08-18T13:52:01.552245
da846245-a5eb-410a-9916-afffabbf4663,8408401e-694d-4008-bd1a-d0d90d78d6f5,cabd7ff0-1bed-4ba5-bf93-93b2b0f3cc62,PURCHASE,10.0,2026-08-18T13:52:01.552245
0f08e427-3a5c-4bd6-9681-5d7756cfe84a,8408401e-694d-4008-bd1a-d0d90d78d6f5,cabd7ff0-1bed-4ba5-bf93-93b2b0f3cc62,ADD_TO_CART,5.0,2026-08-18T13:52:01.552245
b4ee7dd2-d800-41a2-a936-75e2ac52d3bf,8408401e-694d-4008-bd1a-d0d90d78d6f5,c6914581-923c-445a-9f9c-eaf0ec5a2c33,PURCHASE,10.0,2026-08-18T13:52:01.552245
0ef64278-f27d-47b9-9432-dd0d419ab576,8408401e-694d-4008-bd1a-d0d90d78d6f5,5be7f0f5-1d12-45f3-b308-f664330e8da7,PURCHASE,10.0,2026-08-18T13:52:01.552245
dee94d34-d150-4713-8e4c-39118c3d6485,8408401e-694d-4008-bd1a-d0d90d78d6f5,5ac74607-116b-439d-bc3c-14d60fbbf3c9,PURCHASE,10.0,2026-08-25T19:52:01.552245
1a8458ea-0305-4152-a696-5eac5de63482,8408401e-694d-4008-bd1a-d0d90d78d6f5,0921c244-e74f-43b4-b909-08651f21641e,PURCHASE,10.0,2026-08-25T19:52:01.552245
392b0f35-0636-42a3-83c8-bf8ced561d73,8408401e-694d-4008-bd1a-d0d90d78d6f5,fd8c9d08-eb21-41d5-9636-2248c81282bf,PURCHASE,10.0,2026-08-25T19:52:01.552245
73e98964-7c2f-47d4-992a-dab52526461c,8408401e-694d-4008-bd1a-d0d90d78d6f5,28e011b1-cf12-42d0-8034-c80656e0c0d5,PURCHASE,10.0,2026-08-25T19:52:01.552245
1e42b808-a930-4de3-b7ce-a2c56add86e8,8408401e-694d-4008-bd1a-d0d90d78d6f5,c6914581-923c-445a-9f9c-eaf0ec5a2c33,PURCHASE,10.0,2026-08-25T19:52:01.552245
861144ee-48a0-4f68-832b-5d78c04680d0,8408401e-694d-4008-bd1a-d0d90d78d6f5,c6914581-923c-445a-9f9c-eaf0ec5a2c33,ADD_TO_CART,5.0,2026-08-25T19:52:01.552245
8301afc1-5fe6-4be1-9d60-6ef771671d14,8408401e-694d-4008-bd1a-d0d90d78d6f5,fd4c43d3-f5e0-409b-a594-ab22ee5b2788,PURCHASE,10.0,2026-08-25T19:52:01.552245
8243c079-bdc8-4227-9bf9-67e19cda06cf,8408401e-694d-4008-bd1a-d0d90d78d6f5,e8e1f6be-df4b-472a-b946-31dfbfb43dd2,PURCHASE,10.0,2026-09-05T15:52:01.554383
439f646e-3fd1-4744-bf56-1ec91ee50b02,8408401e-694d-4008-bd1a-d0d90d78d6f5,e8e1f6be-df4b-472a-b946-31dfbfb43dd2,ADD_TO_CART,5.0,2026-09-05T15:52:01.554383
d3f8506f-f724-423b-be89-4aae093a0f1f,8408401e-694d-4008-bd1a-d0d90d78d6f5,0921c244-e74f-43b4-b909-08651f21641e,PURCHASE,10.0,2026-09-05T15:52:01.554383
a8854564-ae09-4ebe-83e2-e96cc07f0576,8408401e-694d-4008-bd1a-d0d90d78d6f5,0921c244-e74f-43b4-b909-08651f21641e,ADD_TO_CART,5.0,2026-09-05T15:52:01.554383
dc3a7b4e-7f9a-46fd-9866-9a4a4f99e9a3,8408401e-694d-4008-bd1a-d0d90d78d6f5,162fd482-95af-4ce7-bd04-543854fda1fd,PURCHASE,10.0,2026-09-05T15:52:01.554383
a8648c29-a744-47ba-bb1d-c27d9b988985,8408401e-694d-4008-bd1a-d0d90d78d6f5,162fd482-95af-4ce7-bd04-543854fda1fd,ADD_TO_CART,5.0,2026-09-05T15:52:01.554383
92df2e65-78c0-401d-af02-19d9fcffbeff,8408401e-694d-4008-bd1a-d0d90d78d6f5,43feb303-a583-451a-bf7d-b766f4a40b12,PURCHASE,10.0,2026-09-05T15:52:01.554383
2b69a487-afb7-4cd1-b2c7-cf664dfebe2e,8408401e-694d-4008-bd1a-d0d90d78d6f5,300c236a-5cf1-4646-b74a-bd449ed18374,PURCHASE,10.0,2026-09-05T15:52:01.554383
3524b8fb-08cb-46d2-bdea-b7648f8a1e58,8408401e-694d-4008-bd1a-d0d90d78d6f5,300c236a-5cf1-4646-b74a-bd449ed18374,ADD_TO_CART,5.0,2026-09-05T15:52:01.554383
e9434618-f98b-4b7c-b328-741a2b15e4f2,9f9b965f-1f61-4e93-9afb-80390aafca75,30e24fd5-2a5d-495d-a6d4-5b181b73efb0,PURCHASE,10.0,2026-08-15T18:52:01.554383
ff538495-4031-4ab1-8f08-1f33b963ded2,9f9b965f-1f61-4e93-9afb-80390aafca75,fc99c491-28ac-40fc-bd3b-edf6d3a3588b,PURCHASE,10.0,2026-08-15T18:52:01.554383
6362a35e-5c17-47a5-bf33-2bc3bbe7f57f,9f9b965f-1f61-4e93-9afb-80390aafca75,6ceef2d2-1469-48a0-9d65-3453b2d6099a,PURCHASE,10.0,2026-08-15T18:52:01.554383
e522dbb7-def6-4cfe-ac2b-caf28754a3df,9f9b965f-1f61-4e93-9afb-80390aafca75,ef03f9f5-d4ae-43ae-9c98-2b1ac1e2bf87,PURCHASE,10.0,2026-08-15T18:52:01.554383
8c23b467-5261-4949-8ca5-d09add1df636,9f9b965f-1f61-4e93-9afb-80390aafca75,d042b9c0-0d2c-4cc1-807d-2c6a1f82c476,PURCHASE,10.0,2026-08-15T18:52:01.554383
be91e609-40b5-4610-ad8e-14306f032d95,9f9b965f-1f61-4e93-9afb-80390aafca75,d042b9c0-0d2c-4cc1-807d-2c6a1f82c476,ADD_TO_CART,5.0,2026-08-15T18:52:01.554383
a90d3308-12ab-4bea-9607-58c78668423d,9f9b965f-1f61-4e93-9afb-80390aafca75,0031e56a-e740-4991-af49-d3cac14a83eb,PURCHASE,10.0,2026-08-25T15:52:01.554383
166f08b6-2e20-48ba-905c-46423970ac0a,9f9b965f-1f61-4e93-9afb-80390aafca75,0031e56a-e740-4991-af49-d3cac14a83eb,ADD_TO_CART,5.0,2026-08-25T15:52:01.554383
cae30186-4ad2-4116-8fe6-0a4e6569a5a8,9f9b965f-1f61-4e93-9afb-80390aafca75,3a552307-6f65-4c3a-a54d-d271c022e93b,PURCHASE,10.0,2026-08-25T15:52:01.554383
dbb7e2ac-6333-4670-a80a-1d52b0d9d4e1,9f9b965f-1f61-4e93-9afb-80390aafca75,bf9e355c-e1c9-428e-906d-8e9a455ce885,PURCHASE,10.0,2026-08-25T15:52:01.554383
e58f311a-e602-4adc-ba6a-41565a416e0c,9f9b965f-1f61-4e93-9afb-80390aafca75,bf9e355c-e1c9-428e-906d-8e9a455ce885,ADD_TO_CART,5.0,2026-08-25T15:52:01.554383
370d6e47-88f3-467a-ac1e-3427f8ca12d1,9f9b965f-1f61-4e93-9afb-80390aafca75,ef03f9f5-d4ae-43ae-9c98-2b1ac1e2bf87,PURCHASE,10.0,2026-08-25T15:52:01.554383
20c0cd74-2c3c-45f8-a45f-2da9dc9df28c,9f9b965f-1f61-4e93-9afb-80390aafca75,d042b9c0-0d2c-4cc1-807d-2c6a1f82c476,PURCHASE,10.0,2026-08-25T15:52:01.554383
28167441-7bca-454b-a616-2d9e74f2d4e5,9f9b965f-1f61-4e93-9afb-80390aafca75,c2e712d4-fa5d-4331-96a6-e1b4233c081b,PURCHASE,10.0,2026-08-25T15:52:01.554383
711b3472-4e09-4d43-80d7-46407c443ea8,9f9b965f-1f61-4e93-9afb-80390aafca75,e7185a39-0261-4ed3-8614-036ab8432fa2,PURCHASE,10.0,2026-09-07T20:52:01.555413
15aea60a-35c3-4d6d-bb75-038a8d02d738,9f9b965f-1f61-4e93-9afb-80390aafca75,ff6ed914-1af0-4743-a219-3c47dd0455f8,PURCHASE,10.0,2026-09-07T20:52:01.555413
9a5d00f7-6263-41b4-ab0b-2381472ee699,9f9b965f-1f61-4e93-9afb-80390aafca75,bf9e355c-e1c9-428e-906d-8e9a455ce885,PURCHASE,10.0,2026-09-07T20:52:01.555413
4dfd7bcc-f971-4407-a780-d09482e69d07,9f9b965f-1f61-4e93-9afb-80390aafca75,ef03f9f5-d4ae-43ae-9c98-2b1ac1e2bf87,PURCHASE,10.0,2026-09-07T20:52:01.555413
17a13eaa-4fb9-4780-939b-90b6bacd9f9a,9f9b965f-1f61-4e93-9afb-80390aafca75,ee4da463-7838-44cc-ba60-059bd0de9197,PURCHASE,10.0,2026-09-07T20:52:01.555413
f97f8efe-941a-47a5-915e-45261837ff38,9f9b965f-1f61-4e93-9afb-80390aafca75,ee4da463-7838-44cc-ba60-059bd0de9197,ADD_TO_CART,5.0,2026-09-07T20:52:01.555413
7cd129e5-a169-4edc-8cb2-340be8d02855,9f9b965f-1f61-4e93-9afb-80390aafca75,11c8c1f3-45ad-4242-b7e7-ea4567b89d10,PURCHASE,10.0,2026-09-07T20:52:01.555413
7822d42f-8fd2-4c5d-9b9b-9d75f1d6d305,8a27105f-d9e0-49ad-84fc-41ff5c010769,53375854-801f-4fc4-9bca-a764bf6963fe,PURCHASE,10.0,2026-08-09T21:52:01.555413
08266366-456c-40d9-a2bf-492faa1db331,8a27105f-d9e0-49ad-84fc-41ff5c010769,53375854-801f-4fc4-9bca-a764bf6963fe,ADD_TO_CART,5.0,2026-08-09T21:52:01.555413
a698c18d-f2c4-4009-aa6a-ab1b3934d1c2,8a27105f-d9e0-49ad-84fc-41ff5c010769,3fb4e8d6-0eb4-427b-bc00-84dd6f15806c,PURCHASE,10.0,2026-08-09T21:52:01.555413
775d3d17-baa6-4e46-a479-ef01a985c49d,8a27105f-d9e0-49ad-84fc-41ff5c010769,7a7c4c3b-cbaa-425a-94c8-f3bcd4fe371d,PURCHASE,10.0,2026-08-09T21:52:01.555413
0fb63b9c-c687-48ee-848e-6c694ffeda9e,8a27105f-d9e0-49ad-84fc-41ff5c010769,6dfa977d-ac40-4b0c-9944-77f5fc5892c4,PURCHASE,10.0,2026-08-20T17:52:01.555413
05bcd141-8ac3-43e8-a02b-a7d1c01985c8,8a27105f-d9e0-49ad-84fc-41ff5c010769,6dfa977d-ac40-4b0c-9944-77f5fc5892c4,ADD_TO_CART,5.0,2026-08-20T17:52:01.555413
bc5945ad-ef03-45c5-b1b2-d3340f1746a5,8a27105f-d9e0-49ad-84fc-41ff5c010769,1a485340-f614-4da7-9953-4cbb2f709dc6,PURCHASE,10.0,2026-08-20T17:52:01.555413
8a5aaee7-2608-42fe-aea9-00748fe68ae0,8a27105f-d9e0-49ad-84fc-41ff5c010769,7a7c4c3b-cbaa-425a-94c8-f3bcd4fe371d,PURCHASE,10.0,2026-08-20T17:52:01.555413
ff8a44ac-3f02-4ec9-899d-e90f47f33562,8a27105f-d9e0-49ad-84fc-41ff5c010769,53375854-801f-4fc4-9bca-a764bf6963fe,PURCHASE,10.0,2026-08-16T13:52:01.555413
5832a9b8-0dfe-4079-9a73-b297b8de5347,8a27105f-d9e0-49ad-84fc-41ff5c010769,53375854-801f-4fc4-9bca-a764bf6963fe,ADD_TO_CART,5.0,2026-08-16T13:52:01.555413
98835b5a-f4b3-47a3-b670-cbe77ff3b01e,8a27105f-d9e0-49ad-84fc-41ff5c010769,265e1ca7-c45b-473b-b818-6c1e60c08a99,PURCHASE,10.0,2026-08-16T13:52:01.555413
a58f5e23-08ea-4e03-8475-d36dcc1ac21c,8a27105f-d9e0-49ad-84fc-41ff5c010769,9752f5b8-1a9f-485f-954c-d7c75c88038f,PURCHASE,10.0,2026-08-16T13:52:01.555413
890b4c5d-7da2-4389-9704-5f9fb075405f,8a27105f-d9e0-49ad-84fc-41ff5c010769,9752f5b8-1a9f-485f-954c-d7c75c88038f,ADD_TO_CART,5.0,2026-08-16T13:52:01.555413
b1aa1807-5d07-41bd-ad8d-d2bbc4a34057,8a27105f-d9e0-49ad-84fc-41ff5c010769,1dc6cad2-e9f6-4668-8161-d4cccfe729a4,PURCHASE,10.0,2026-08-16T13:52:01.555413
70f61a54-1c0c-42eb-b54e-d3f45eb4e2ed,8a27105f-d9e0-49ad-84fc-41ff5c010769,6e1f18a9-7abb-46a0-81bd-8f86711777f3,PURCHASE,10.0,2026-08-28T18:52:01.555413
acdae246-eac9-4fdf-a4e0-eb03227249b4,8a27105f-d9e0-49ad-84fc-41ff5c010769,6e1f18a9-7abb-46a0-81bd-8f86711777f3,ADD_TO_CART,5.0,2026-08-28T18:52:01.555413
29e08e28-b8d5-4aa0-af0b-7f6118eac972,8a27105f-d9e0-49ad-84fc-41ff5c010769,a30967de-2eeb-4230-9552-7c88ededd081,PURCHASE,10.0,2026-08-28T18:52:01.555413
0e4d22e2-89ba-4d8d-8dfb-7c8b248715d0,8a27105f-d9e0-49ad-84fc-41ff5c010769,a30967de-2eeb-4230-9552-7c88ededd081,ADD_TO_CART,5.0,2026-08-28T18:52:01.555413
23f0005a-d8e4-4024-892a-1daa1d506637,8a27105f-d9e0-49ad-84fc-41ff5c010769,73697b54-c6e2-44c9-8814-663dd2d9dba7,PURCHASE,10.0,2026-08-28T18:52:01.555413
6f28c941-7992-419a-8f2e-d3e68de68979,8a27105f-d9e0-49ad-84fc-41ff5c010769,73697b54-c6e2-44c9-8814-663dd2d9dba7,ADD_TO_CART,5.0,2026-08-28T18:52:01.555413
d2ac9c14-1535-4a4a-9911-9345d057dced,8a27105f-d9e0-49ad-84fc-41ff5c010769,8c7704b4-3de8-4fbb-92a9-2c64d6d4ecee,PURCHASE,10.0,2026-08-28T18:52:01.555413
a97ed9ec-1c7a-469e-bd09-ccbab3fe0334,8a27105f-d9e0-49ad-84fc-41ff5c010769,431c6fc2-0f8a-4db6-ae8e-8a20bad8a86f,PURCHASE,10.0,2026-08-28T18:52:01.555413
a365f0df-7911-4488-8600-379cac05edca,8a27105f-d9e0-49ad-84fc-41ff5c010769,431c6fc2-0f8a-4db6-ae8e-8a20bad8a86f,ADD_TO_CART,5.0,2026-08-28T18:52:01.555413
3506c860-424a-4b5d-99a8-87bbeecc3358,8a27105f-d9e0-49ad-84fc-41ff5c010769,ffcbe3ac-c1c6-4338-b2aa-421e7396924a,PURCHASE,10.0,2026-08-28T18:52:01.555413
a985389c-1dae-4bdc-b577-2529407cd9e1,8a27105f-d9e0-49ad-84fc-41ff5c010769,6dfa977d-ac40-4b0c-9944-77f5fc5892c4,PURCHASE,10.0,2026-09-04T13:52:01.555413
2cfb2db5-3e00-43ba-8c84-bfc651ace770,8a27105f-d9e0-49ad-84fc-41ff5c010769,84880841-242e-47ad-b889-243a3d69f06a,PURCHASE,10.0,2026-09-04T13:52:01.555413
7d0a29c8-3255-4a79-8b82-a9f66993a4d0,8a27105f-d9e0-49ad-84fc-41ff5c010769,7a7c4c3b-cbaa-425a-94c8-f3bcd4fe371d,PURCHASE,10.0,2026-09-04T13:52:01.555413
b8da19c6-1b7f-49e4-acb0-218782a362ac,8a27105f-d9e0-49ad-84fc-41ff5c010769,7a7c4c3b-cbaa-425a-94c8-f3bcd4fe371d,ADD_TO_CART,5.0,2026-09-04T13:52:01.555413
73620bac-54f4-40db-929e-36f8f55a5fe6,73f3bb61-7aac-49e3-af05-f2dd383f2102,f5ecb502-edeb-4f3d-9b76-0d53f2ba0bcf,PURCHASE,10.0,2026-08-23T12:52:01.555413
984c79f9-ed28-496a-a425-b4cb13881f90,73f3bb61-7aac-49e3-af05-f2dd383f2102,b4c436be-f3b0-415f-bf41-4043d721bf73,PURCHASE,10.0,2026-08-23T12:52:01.555413
ef6c85ca-4f51-49b1-80e9-abb1dbac63f4,73f3bb61-7aac-49e3-af05-f2dd383f2102,15e9cdb5-ab3a-4a67-b1e4-e8a4e2469815,PURCHASE,10.0,2026-08-23T12:52:01.555413
ddfba2ff-086c-4bc3-8bd2-af7b283d9d49,73f3bb61-7aac-49e3-af05-f2dd383f2102,91cc837c-d604-411e-809c-ace8df152781,PURCHASE,10.0,2026-08-27T15:52:01.555413
8cb06ab1-9031-41ef-988e-896236e75f70,73f3bb61-7aac-49e3-af05-f2dd383f2102,91cc837c-d604-411e-809c-ace8df152781,ADD_TO_CART,5.0,2026-08-27T15:52:01.555413
a04e2e49-0c22-46a7-bfa9-66051a7ec0da,73f3bb61-7aac-49e3-af05-f2dd383f2102,0c04e9e0-bb76-47a7-a14d-f2eff4f256d8,PURCHASE,10.0,2026-08-27T15:52:01.555413
faec829a-3ccc-4cf0-b9a8-2f55d7b59e9d,73f3bb61-7aac-49e3-af05-f2dd383f2102,f725f521-e54b-4b98-bef4-b645547b1610,PURCHASE,10.0,2026-08-27T15:52:01.555413
04e3b2dc-ef1e-4b9b-be51-71a1da2abde6,73f3bb61-7aac-49e3-af05-f2dd383f2102,1bb87e6c-1ef0-4ba0-9166-0a2eb7a7df7e,PURCHASE,10.0,2026-09-01T12:52:01.555413
65cb2121-1ed6-480f-9873-3535fee9d88f,73f3bb61-7aac-49e3-af05-f2dd383f2102,e6a04938-5e34-4328-ae59-6d3dc3f1c0f1,PURCHASE,10.0,2026-09-01T12:52:01.555413
8dad5479-0eba-498b-ad89-0e83e6734b2d,73f3bb61-7aac-49e3-af05-f2dd383f2102,e6a04938-5e34-4328-ae59-6d3dc3f1c0f1,ADD_TO_CART,5.0,2026-09-01T12:52:01.555413
52c60866-97ae-4c27-a0b0-d65bf39dba8b,73f3bb61-7aac-49e3-af05-f2dd383f2102,f725f521-e54b-4b98-bef4-b645547b1610,PURCHASE,10.0,2026-09-01T12:52:01.555413
90660041-3072-423d-a0bc-a6eee26fbc16,73f3bb61-7aac-49e3-af05-f2dd383f2102,f725f521-e54b-4b98-bef4-b645547b1610,ADD_TO_CART,5.0,2026-09-01T12:52:01.555413
7a734481-b588-4bfc-9728-cf48da1cd279,73f3bb61-7aac-49e3-af05-f2dd383f2102,c7753905-347d-4399-b42f-7855b236aa8e,PURCHASE,10.0,2026-09-01T12:52:01.555413
66c80ab5-7bdd-4483-8b00-0c95c9db9c57,73f3bb61-7aac-49e3-af05-f2dd383f2102,c7753905-347d-4399-b42f-7855b236aa8e,ADD_TO_CART,5.0,2026-09-01T12:52:01.555413
de6c12c0-1a38-4860-b0f8-0fa729bb9525,73f3bb61-7aac-49e3-af05-f2dd383f2102,7e966e66-f79b-4e76-b29c-f497a16698ed,PURCHASE,10.0,2026-09-03T16:52:01.555413
efad858a-e7f8-42c7-8d4b-cd87e176c9ab,73f3bb61-7aac-49e3-af05-f2dd383f2102,25f04353-3717-43fc-8cda-10082eb64989,PURCHASE,10.0,2026-09-03T16:52:01.555413
dc2e2b50-6d49-4a36-b0b8-6ab59d784ba7,73f3bb61-7aac-49e3-af05-f2dd383f2102,25f04353-3717-43fc-8cda-10082eb64989,ADD_TO_CART,5.0,2026-09-03T16:52:01.555413
a6d7e0a2-b424-4394-a581-432b66a9f08c,73f3bb61-7aac-49e3-af05-f2dd383f2102,cb56deaa-8d41-4adc-8a3f-3bdf869aed1e,PURCHASE,10.0,2026-09-03T16:52:01.555413
36f059e3-cf75-461b-8636-18964ef8bd73,73f3bb61-7aac-49e3-af05-f2dd383f2102,9343e411-1342-4af6-b84c-49ab26ee23f0,PURCHASE,10.0,2026-09-03T16:52:01.555413
09bba065-8d2d-4889-8f3c-5bb9de62c832,73f3bb61-7aac-49e3-af05-f2dd383f2102,9343e411-1342-4af6-b84c-49ab26ee23f0,ADD_TO_CART,5.0,2026-09-03T16:52:01.555413
5d0bb144-cc65-4b6f-82aa-02989916dd66,a48897e5-afe2-4878-9f39-28e08c18ddcb,2afaf5f3-0c2f-43fa-9e3d-c2b394605f1a,PURCHASE,10.0,2026-08-22T16:52:01.555413
f726d0f2-93fb-4ceb-baf9-7348759d3f0a,a48897e5-afe2-4878-9f39-28e08c18ddcb,d2ee5f06-0a65-4618-96e6-c27bc21be525,PURCHASE,10.0,2026-08-22T16:52:01.555413
ddaff5d4-1393-469f-8827-64757e97818a,a48897e5-afe2-4878-9f39-28e08c18ddcb,d2ee5f06-0a65-4618-96e6-c27bc21be525,ADD_TO_CART,5.0,2026-08-22T16:52:01.555413
905c0fb4-a41c-4d7b-bff5-e4dc1b1bc446,a48897e5-afe2-4878-9f39-28e08c18ddcb,33b8b450-7c1f-41ce-878c-fb991290c907,PURCHASE,10.0,2026-08-22T16:52:01.555413
1da3269f-eab7-4334-9525-3615c237daed,a48897e5-afe2-4878-9f39-28e08c18ddcb,9e62c28d-8fc0-432a-b85d-e57755b7a392,PURCHASE,10.0,2026-08-22T16:52:01.555413
c666745c-85e7-4adc-86d3-f0ddcd56eaf0,a48897e5-afe2-4878-9f39-28e08c18ddcb,3a34d1a4-8f79-4d3b-8d81-bb5fd72a1b3a,PURCHASE,10.0,2026-08-22T16:52:01.555413
b6f2d588-4ed1-4357-9868-2631155963c4,a48897e5-afe2-4878-9f39-28e08c18ddcb,2afaf5f3-0c2f-43fa-9e3d-c2b394605f1a,PURCHASE,10.0,2026-08-24T17:52:01.555413
57c40e6e-0833-4a51-be9a-5c2a0ac3f8b3,a48897e5-afe2-4878-9f39-28e08c18ddcb,2afaf5f3-0c2f-43fa-9e3d-c2b394605f1a,ADD_TO_CART,5.0,2026-08-24T17:52:01.555413
3ef2cca6-5b04-4681-af4c-c4cd0704a873,a48897e5-afe2-4878-9f39-28e08c18ddcb,d2ee5f06-0a65-4618-96e6-c27bc21be525,PURCHASE,10.0,2026-08-24T17:52:01.555413
5ed66d46-d74a-4d40-9411-030aec9bd8f6,a48897e5-afe2-4878-9f39-28e08c18ddcb,1fb51520-9238-438a-b8e4-17a7803354a7,PURCHASE,10.0,2026-08-24T17:52:01.555413
7feae021-1612-42ac-a652-8030caff17ff,a48897e5-afe2-4878-9f39-28e08c18ddcb,32fc637e-f9fe-4fc6-9e2a-675ee8c4feee,PURCHASE,10.0,2026-08-24T17:52:01.555413
b0359274-a06c-453c-ac31-29f823dcb237,a48897e5-afe2-4878-9f39-28e08c18ddcb,9f9f1e08-6d32-48a2-a341-bbaba82c8f65,PURCHASE,10.0,2026-08-24T17:52:01.555413
2d997dd1-084d-43d5-a9ab-9edc352410df,a48897e5-afe2-4878-9f39-28e08c18ddcb,9f9f1e08-6d32-48a2-a341-bbaba82c8f65,ADD_TO_CART,5.0,2026-08-24T17:52:01.555413
fae8314c-9746-4ff0-8c1e-f38a92160b57,a48897e5-afe2-4878-9f39-28e08c18ddcb,2afaf5f3-0c2f-43fa-9e3d-c2b394605f1a,PURCHASE,10.0,2026-08-18T13:52:01.555413
5fe71350-8704-4a93-bf82-ca42dfbe590c,a48897e5-afe2-4878-9f39-28e08c18ddcb,cdbbec30-7793-4d61-884e-57040023b974,PURCHASE,10.0,2026-08-18T13:52:01.555413
a194722d-d208-4113-8457-955ca0136c59,a48897e5-afe2-4878-9f39-28e08c18ddcb,33b8b450-7c1f-41ce-878c-fb991290c907,PURCHASE,10.0,2026-08-18T13:52:01.555413
96504821-4970-4ae3-a197-4d6fcd493194,a48897e5-afe2-4878-9f39-28e08c18ddcb,019151cf-91d6-487b-a2fe-afcd1bc9cd70,PURCHASE,10.0,2026-08-18T13:52:01.555413
d488145a-a2e2-45ce-a74b-8f7555bd4e66,a48897e5-afe2-4878-9f39-28e08c18ddcb,27b7bd08-eb19-4d34-8cc6-3e49ea12d010,PURCHASE,10.0,2026-08-18T13:52:01.555413
a3bde28d-d2a2-4f34-8833-ae1841e29972,a48897e5-afe2-4878-9f39-28e08c18ddcb,2afaf5f3-0c2f-43fa-9e3d-c2b394605f1a,PURCHASE,10.0,2026-08-26T21:52:01.555413
804bd290-8bb8-4599-be79-af011a417beb,a48897e5-afe2-4878-9f39-28e08c18ddcb,2afaf5f3-0c2f-43fa-9e3d-c2b394605f1a,ADD_TO_CART,5.0,2026-08-26T21:52:01.555413
1afa7240-aa96-407f-9cf0-8d43c1e3830a,a48897e5-afe2-4878-9f39-28e08c18ddcb,67c8f787-036a-4e80-bf5c-615d33d60cb8,PURCHASE,10.0,2026-08-26T21:52:01.555413
252bc8da-48d0-4bb0-8ccd-bc8c962ed9d1,a48897e5-afe2-4878-9f39-28e08c18ddcb,70e90051-397e-40bf-833c-120d977f7445,PURCHASE,10.0,2026-08-26T21:52:01.555413
fcc70c27-a5bd-46d3-8d22-40d3b3cb974c,a48897e5-afe2-4878-9f39-28e08c18ddcb,32fc637e-f9fe-4fc6-9e2a-675ee8c4feee,PURCHASE,10.0,2026-08-26T21:52:01.555413
198f4de2-f25e-4d71-a213-faa2214aa8d9,a48897e5-afe2-4878-9f39-28e08c18ddcb,2afaf5f3-0c2f-43fa-9e3d-c2b394605f1a,PURCHASE,10.0,2026-09-06T20:52:01.555413
f3ebe54a-d4b3-4e94-97e3-a14c6f38d059,a48897e5-afe2-4878-9f39-28e08c18ddcb,d2ee5f06-0a65-4618-96e6-c27bc21be525,PURCHASE,10.0,2026-09-06T20:52:01.555413
86f904f9-faa7-465c-a73e-cb84aaff36bd,a48897e5-afe2-4878-9f39-28e08c18ddcb,33b8b450-7c1f-41ce-878c-fb991290c907,PURCHASE,10.0,2026-09-06T20:52:01.555413
ab3c20a4-aa29-49a7-a316-274937819ff2,a48897e5-afe2-4878-9f39-28e08c18ddcb,33b8b450-7c1f-41ce-878c-fb991290c907,ADD_TO_CART,5.0,2026-09-06T20:52:01.555413
4aa48c8b-c9db-4de9-b072-b028579adc93,a48897e5-afe2-4878-9f39-28e08c18ddcb,9e62c28d-8fc0-432a-b85d-e57755b7a392,PURCHASE,10.0,2026-09-06T20:52:01.555413
e2592135-16be-4d00-82d1-3587d1a3fbfa,a48897e5-afe2-4878-9f39-28e08c18ddcb,9e62c28d-8fc0-432a-b85d-e57755b7a392,ADD_TO_CART,5.0,2026-09-06T20:52:01.555413
74977d3e-9bab-4ee2-b02f-0cb21fb6a240,74293659-a2ab-4c3c-8f72-343b020d30cd,6ceef2d2-1469-48a0-9d65-3453b2d6099a,PURCHASE,10.0,2026-08-25T19:52:01.555413
5d2e474e-0b96-4438-861f-2d9b9282a86d,74293659-a2ab-4c3c-8f72-343b020d30cd,cd421415-e774-4ace-b0dc-d63a85efee9b,PURCHASE,10.0,2026-08-25T19:52:01.555413
2456b613-3e9f-4c79-ade7-1033a0e21fb9,74293659-a2ab-4c3c-8f72-343b020d30cd,0031e56a-e740-4991-af49-d3cac14a83eb,PURCHASE,10.0,2026-08-25T19:52:01.555413
5bfbe4bc-e1ec-4a22-bb16-97ac68dd46ac,74293659-a2ab-4c3c-8f72-343b020d30cd,0031e56a-e740-4991-af49-d3cac14a83eb,ADD_TO_CART,5.0,2026-08-25T19:52:01.555413
0e7cb3c1-d329-4049-bcf4-6ddb38bee0bf,74293659-a2ab-4c3c-8f72-343b020d30cd,6ceef2d2-1469-48a0-9d65-3453b2d6099a,PURCHASE,10.0,2026-08-18T15:52:01.555413
46a08f66-9e1f-4cc8-a122-949d404d489f,74293659-a2ab-4c3c-8f72-343b020d30cd,cd421415-e774-4ace-b0dc-d63a85efee9b,PURCHASE,10.0,2026-08-18T15:52:01.555413
73f4eadd-e8ae-4fcc-aac8-53b09c53af07,74293659-a2ab-4c3c-8f72-343b020d30cd,cabd7ff0-1bed-4ba5-bf93-93b2b0f3cc62,PURCHASE,10.0,2026-08-18T15:52:01.555413
d048e666-da17-4603-a8bf-da3e855a4daa,74293659-a2ab-4c3c-8f72-343b020d30cd,cabd7ff0-1bed-4ba5-bf93-93b2b0f3cc62,ADD_TO_CART,5.0,2026-08-18T15:52:01.555413
3cc29a09-f108-4410-bc80-45323e6ec09d,74293659-a2ab-4c3c-8f72-343b020d30cd,32fc637e-f9fe-4fc6-9e2a-675ee8c4feee,PURCHASE,10.0,2026-08-18T15:52:01.555413
d86e1beb-f40f-41f6-8ee6-ce590b83a2c5,74293659-a2ab-4c3c-8f72-343b020d30cd,32fc637e-f9fe-4fc6-9e2a-675ee8c4feee,ADD_TO_CART,5.0,2026-08-18T15:52:01.555413
06a480a7-7eeb-44a5-8a49-f49d2dd5ecf4,74293659-a2ab-4c3c-8f72-343b020d30cd,5638747c-cb25-4b64-9d98-851c2db06d60,PURCHASE,10.0,2026-09-01T13:52:01.555413
a1e5d668-fd81-4c36-b41e-ce889afd994d,74293659-a2ab-4c3c-8f72-343b020d30cd,cd421415-e774-4ace-b0dc-d63a85efee9b,PURCHASE,10.0,2026-09-01T13:52:01.555413
72ed2c7b-8c12-40c8-8928-26ea24e53baf,74293659-a2ab-4c3c-8f72-343b020d30cd,cd421415-e774-4ace-b0dc-d63a85efee9b,ADD_TO_CART,5.0,2026-09-01T13:52:01.555413
c58fc7ff-b55c-4063-b8fb-7be4853d9ae3,74293659-a2ab-4c3c-8f72-343b020d30cd,54e68afd-8558-4ef5-85a1-3e2ff3b0d76a,PURCHASE,10.0,2026-09-01T13:52:01.555413
8d325eca-da03-46df-8831-cb96002ed51a,74293659-a2ab-4c3c-8f72-343b020d30cd,5638747c-cb25-4b64-9d98-851c2db06d60,PURCHASE,10.0,2026-09-04T13:52:01.555413
e46563f1-128d-4d64-afa7-a41dde316498,74293659-a2ab-4c3c-8f72-343b020d30cd,cd421415-e774-4ace-b0dc-d63a85efee9b,PURCHASE,10.0,2026-09-04T13:52:01.555413
dea7dd04-33b3-4681-9cdc-85b693e119fd,74293659-a2ab-4c3c-8f72-343b020d30cd,cd421415-e774-4ace-b0dc-d63a85efee9b,ADD_TO_CART,5.0,2026-09-04T13:52:01.555413
42c56a07-7f47-4c0c-8e7c-7ce426bba44e,74293659-a2ab-4c3c-8f72-343b020d30cd,0031e56a-e740-4991-af49-d3cac14a83eb,PURCHASE,10.0,2026-09-04T13:52:01.555413
a6c65bc6-be69-442d-96e2-351f68a71728,74293659-a2ab-4c3c-8f72-343b020d30cd,0031e56a-e740-4991-af49-d3cac14a83eb,ADD_TO_CART,5.0,2026-09-04T13:52:01.555413
c195b5e2-1511-4b35-a716-f72a3348bd8f,4389ea33-33a4-4982-a079-831f1db05fe0,6ceef2d2-1469-48a0-9d65-3453b2d6099a,PURCHASE,10.0,2026-08-21T18:52:01.555413
70fc3dec-2519-4ba4-ae19-039886f128db,4389ea33-33a4-4982-a079-831f1db05fe0,fc99c491-28ac-40fc-bd3b-edf6d3a3588b,PURCHASE,10.0,2026-08-21T18:52:01.555413
2c8b9092-ff6c-4e0b-a6cc-067b91c4e086,4389ea33-33a4-4982-a079-831f1db05fe0,fc99c491-28ac-40fc-bd3b-edf6d3a3588b,ADD_TO_CART,5.0,2026-08-21T18:52:01.555413
9563f28d-d91f-4f7b-92ef-fe97ef2c3ba3,4389ea33-33a4-4982-a079-831f1db05fe0,70e90051-397e-40bf-833c-120d977f7445,PURCHASE,10.0,2026-08-21T18:52:01.555413
28e2c300-448b-4cad-ab6f-e3654b0cc258,4389ea33-33a4-4982-a079-831f1db05fe0,c6914581-923c-445a-9f9c-eaf0ec5a2c33,PURCHASE,10.0,2026-08-21T18:52:01.555413
c71e2ef0-afe6-4416-b736-f1a585ca7c61,4389ea33-33a4-4982-a079-831f1db05fe0,6e1f18a9-7abb-46a0-81bd-8f86711777f3,PURCHASE,10.0,2026-08-27T15:52:01.555413
5acfd673-46fb-417c-b4b8-059ecb85e880,4389ea33-33a4-4982-a079-831f1db05fe0,a606e6d1-bc53-4773-8d0e-ebb7825f84de,PURCHASE,10.0,2026-08-27T15:52:01.555413
75c21ba8-adb6-4266-a78a-296a5e1aac9f,4389ea33-33a4-4982-a079-831f1db05fe0,70e90051-397e-40bf-833c-120d977f7445,PURCHASE,10.0,2026-08-27T15:52:01.555413
2d1a5f2d-2f7e-44fc-97c2-5ad8ac5775e0,4389ea33-33a4-4982-a079-831f1db05fe0,c6914581-923c-445a-9f9c-eaf0ec5a2c33,PURCHASE,10.0,2026-08-27T15:52:01.555413
159fb6fb-b386-49d4-8d16-4c8aa4ed5dcb,4389ea33-33a4-4982-a079-831f1db05fe0,9e466ab4-0753-45f0-b24d-06ca63637b2d,PURCHASE,10.0,2026-08-25T19:52:01.555413
97ecccb6-5201-4e14-958e-b0f88724f801,4389ea33-33a4-4982-a079-831f1db05fe0,9e466ab4-0753-45f0-b24d-06ca63637b2d,ADD_TO_CART,5.0,2026-08-25T19:52:01.555413
c917b774-95b5-4056-aefd-0c8a4f3b228d,4389ea33-33a4-4982-a079-831f1db05fe0,c2baad76-3877-4321-9e02-47d4f8e4cc46,PURCHASE,10.0,2026-08-25T19:52:01.555413
2a78d27c-bb4a-4fa1-b72b-d370fa4d921e,4389ea33-33a4-4982-a079-831f1db05fe0,2be07e4c-3dbf-42e5-90c3-26540a177fd1,PURCHASE,10.0,2026-08-25T19:52:01.555413
545fba8e-4d8f-4aa5-9483-7d845332fac3,4389ea33-33a4-4982-a079-831f1db05fe0,c6914581-923c-445a-9f9c-eaf0ec5a2c33,PURCHASE,10.0,2026-08-25T19:52:01.555413
695fbccd-c859-435a-ab80-5268d1332114,4389ea33-33a4-4982-a079-831f1db05fe0,c6914581-923c-445a-9f9c-eaf0ec5a2c33,ADD_TO_CART,5.0,2026-08-25T19:52:01.555413
26d501b9-1888-4f8d-b8e3-15804e304a68,4389ea33-33a4-4982-a079-831f1db05fe0,fd4c43d3-f5e0-409b-a594-ab22ee5b2788,PURCHASE,10.0,2026-08-25T19:52:01.555413
6a26e34e-78dd-464d-9e42-fc2b5bfa8db8,4389ea33-33a4-4982-a079-831f1db05fe0,9e466ab4-0753-45f0-b24d-06ca63637b2d,PURCHASE,10.0,2026-09-01T14:52:01.555413
77743230-0c74-444c-9b9f-d7ee92538efd,4389ea33-33a4-4982-a079-831f1db05fe0,9e466ab4-0753-45f0-b24d-06ca63637b2d,ADD_TO_CART,5.0,2026-09-01T14:52:01.555413
f45fee35-f408-4cfb-bde4-ff16ec5bcccb,4389ea33-33a4-4982-a079-831f1db05fe0,cd421415-e774-4ace-b0dc-d63a85efee9b,PURCHASE,10.0,2026-09-01T14:52:01.555413
6ba544eb-8b5f-41d9-8eee-668d0d890540,4389ea33-33a4-4982-a079-831f1db05fe0,70e90051-397e-40bf-833c-120d977f7445,PURCHASE,10.0,2026-09-01T14:52:01.555413
14a0a35a-8a3e-4bd5-982b-872c945773bb,4389ea33-33a4-4982-a079-831f1db05fe0,c6914581-923c-445a-9f9c-eaf0ec5a2c33,PURCHASE,10.0,2026-09-01T14:52:01.555413
2ba95b17-1232-40ea-a924-ec1fcbd13ab1,cb2e8316-e933-46d4-bc5c-faec0025b694,93e72030-6ff8-43c4-8fed-6ec2084ee35e,PURCHASE,10.0,2026-08-07T17:52:01.555413
97c2c529-a3b9-41ff-ad3f-3026b0f13a5c,cb2e8316-e933-46d4-bc5c-faec0025b694,93e72030-6ff8-43c4-8fed-6ec2084ee35e,ADD_TO_CART,5.0,2026-08-07T17:52:01.555413
eb820df5-ffde-4b55-a86d-e12d4794a667,cb2e8316-e933-46d4-bc5c-faec0025b694,15e9cdb5-ab3a-4a67-b1e4-e8a4e2469815,PURCHASE,10.0,2026-08-07T17:52:01.555413
ec8b9610-275e-4054-8653-cacd4ee49ab2,cb2e8316-e933-46d4-bc5c-faec0025b694,4049d501-b0c1-4269-9ebe-1b50c2150384,PURCHASE,10.0,2026-08-07T17:52:01.555413
0eb01b97-1624-4edd-9ffe-7bf18a22ad28,cb2e8316-e933-46d4-bc5c-faec0025b694,9d200418-2fc9-4275-afd3-387660366ffb,PURCHASE,10.0,2026-08-17T15:52:01.555413
8728d667-7415-4b91-9ae8-8046d3ac32aa,cb2e8316-e933-46d4-bc5c-faec0025b694,9d200418-2fc9-4275-afd3-387660366ffb,ADD_TO_CART,5.0,2026-08-17T15:52:01.555413
a4e84ba1-adb0-4712-b752-22c7a87ed5d5,cb2e8316-e933-46d4-bc5c-faec0025b694,0f8ffc1d-42dd-4b60-a223-644c0eb7d1c4,PURCHASE,10.0,2026-08-17T15:52:01.555413
560fadd3-5b4a-43ce-b828-22fadb5323cf,cb2e8316-e933-46d4-bc5c-faec0025b694,0f8ffc1d-42dd-4b60-a223-644c0eb7d1c4,ADD_TO_CART,5.0,2026-08-17T15:52:01.555413
2ea5cb45-7819-44ae-8812-f6f088f6a7ce,cb2e8316-e933-46d4-bc5c-faec0025b694,a0b08496-a82f-4cd0-be10-3ab342d8be86,PURCHASE,10.0,2026-08-17T15:52:01.555413
b5408b6a-1176-46eb-a276-40ba88011ad8,cb2e8316-e933-46d4-bc5c-faec0025b694,fd4c43d3-f5e0-409b-a594-ab22ee5b2788,PURCHASE,10.0,2026-08-17T15:52:01.555413
118b3e87-34a1-4d40-bab7-1310482fb2f4,cb2e8316-e933-46d4-bc5c-faec0025b694,9d200418-2fc9-4275-afd3-387660366ffb,PURCHASE,10.0,2026-08-31T18:52:01.555413
e41aee50-f4ac-4d4c-a13f-b6f97f303ed1,cb2e8316-e933-46d4-bc5c-faec0025b694,ef03f9f5-d4ae-43ae-9c98-2b1ac1e2bf87,PURCHASE,10.0,2026-08-31T18:52:01.555413
3f4df163-666b-44de-b343-ff4567ec065c,cb2e8316-e933-46d4-bc5c-faec0025b694,34119d47-c8c2-4772-b53c-97c701be9620,PURCHASE,10.0,2026-08-31T18:52:01.555413
2eb726c3-1cd9-478b-aabf-7429ca7b2056,cb2e8316-e933-46d4-bc5c-faec0025b694,34119d47-c8c2-4772-b53c-97c701be9620,ADD_TO_CART,5.0,2026-08-31T18:52:01.555413
154f965b-b87c-4660-8e25-591a6461086f,cb2e8316-e933-46d4-bc5c-faec0025b694,b784d501-caa1-4dbd-baa2-881e03e8d313,PURCHASE,10.0,2026-08-31T18:52:01.555413
e23452d2-1e01-4212-a30f-f8087e6a940f,cb2e8316-e933-46d4-bc5c-faec0025b694,b784d501-caa1-4dbd-baa2-881e03e8d313,ADD_TO_CART,5.0,2026-08-31T18:52:01.555413
e55c99a9-031a-411c-b67f-acb18dabce16,cb2e8316-e933-46d4-bc5c-faec0025b694,eeefd9b6-1b40-41ed-ba70-4f51c247226a,PURCHASE,10.0,2026-09-02T18:52:01.555413
a707e577-1718-4a98-b223-9f29c015dcb8,cb2e8316-e933-46d4-bc5c-faec0025b694,eeefd9b6-1b40-41ed-ba70-4f51c247226a,ADD_TO_CART,5.0,2026-09-02T18:52:01.555413
0c25d2aa-14d8-42e3-ba92-674d96d453d2,cb2e8316-e933-46d4-bc5c-faec0025b694,469de709-3edd-4ecf-b373-98a004b5f3ae,PURCHASE,10.0,2026-09-02T18:52:01.555413
988273b8-9549-40cc-b1ac-d0f1a53c8fe3,cb2e8316-e933-46d4-bc5c-faec0025b694,469de709-3edd-4ecf-b373-98a004b5f3ae,ADD_TO_CART,5.0,2026-09-02T18:52:01.555413
8af9bce8-ab28-46d6-8823-1dbc96dcc12d,cb2e8316-e933-46d4-bc5c-faec0025b694,16d265ed-77a0-4a24-afb5-719cba043ada,PURCHASE,10.0,2026-09-02T18:52:01.555413
3b97e4f2-885c-47f7-80e6-369c475cabcd,2bb1023a-5b81-4303-93bc-cb12a3d235c1,48c05eff-6a2c-4517-9f87-23a6d289b906,PURCHASE,10.0,2026-08-08T16:52:01.555413
889b525a-a5e5-4329-bb3c-16c13cb84dcc,2bb1023a-5b81-4303-93bc-cb12a3d235c1,48c05eff-6a2c-4517-9f87-23a6d289b906,ADD_TO_CART,5.0,2026-08-08T16:52:01.555413
91e87964-1bef-4fae-a316-977cd72a55f2,2bb1023a-5b81-4303-93bc-cb12a3d235c1,aae46e83-5eca-4bae-83be-d1af00c5cdc0,PURCHASE,10.0,2026-08-08T16:52:01.555413
75d129c8-0482-45c6-a475-9c32a3886998,2bb1023a-5b81-4303-93bc-cb12a3d235c1,fd8c9d08-eb21-41d5-9636-2248c81282bf,PURCHASE,10.0,2026-08-08T16:52:01.555413
4cc5060d-0789-49bc-a4ef-283ec15c88c3,2bb1023a-5b81-4303-93bc-cb12a3d235c1,fd8c9d08-eb21-41d5-9636-2248c81282bf,ADD_TO_CART,5.0,2026-08-08T16:52:01.555413
41c0e5af-5c63-4d80-a151-7597b6598752,2bb1023a-5b81-4303-93bc-cb12a3d235c1,c6f3f0c3-6d77-4e67-be13-948cb6aff21e,PURCHASE,10.0,2026-08-08T16:52:01.555413
73c9a439-fb59-4ebd-a58f-8beaabbcad81,2bb1023a-5b81-4303-93bc-cb12a3d235c1,c50ff350-8d5c-44a4-b91f-08c8a0a5c99f,PURCHASE,10.0,2026-08-08T16:52:01.555413
78ab8ad4-d1b9-46d5-81fb-747762929344,2bb1023a-5b81-4303-93bc-cb12a3d235c1,c50ff350-8d5c-44a4-b91f-08c8a0a5c99f,ADD_TO_CART,5.0,2026-08-08T16:52:01.555413
49c394ae-d03c-4aa3-a4e9-a4190d200caa,2bb1023a-5b81-4303-93bc-cb12a3d235c1,02e5b404-20cc-418d-a7b0-36017ac6406e,PURCHASE,10.0,2026-08-08T16:52:01.555413
efbcea90-e75a-4642-80a5-eedb03d8ba44,2bb1023a-5b81-4303-93bc-cb12a3d235c1,c8ab7e01-9ce6-44bf-9bcc-a325e05802a4,PURCHASE,10.0,2026-08-21T15:52:01.555413
6b484d41-61fb-4cf9-bf09-c88226971746,2bb1023a-5b81-4303-93bc-cb12a3d235c1,fc99c491-28ac-40fc-bd3b-edf6d3a3588b,PURCHASE,10.0,2026-08-21T15:52:01.555413
ff25d1c7-2d20-4f40-a695-65582e77e50c,2bb1023a-5b81-4303-93bc-cb12a3d235c1,fc99c491-28ac-40fc-bd3b-edf6d3a3588b,ADD_TO_CART,5.0,2026-08-21T15:52:01.555413
b155f6d2-0ddf-4326-b8f5-4d06ccdf0a34,2bb1023a-5b81-4303-93bc-cb12a3d235c1,fd8c9d08-eb21-41d5-9636-2248c81282bf,PURCHASE,10.0,2026-08-21T15:52:01.555413
3db37554-f93d-4a79-b4a7-f33476457c1a,2bb1023a-5b81-4303-93bc-cb12a3d235c1,fd8c9d08-eb21-41d5-9636-2248c81282bf,ADD_TO_CART,5.0,2026-08-21T15:52:01.555413
81aac32f-b2ea-4677-8946-53e0bf9cc0a6,2bb1023a-5b81-4303-93bc-cb12a3d235c1,25f04353-3717-43fc-8cda-10082eb64989,PURCHASE,10.0,2026-08-21T15:52:01.555413
12f2769b-44a2-4e16-8d90-0f6084c17cdf,2bb1023a-5b81-4303-93bc-cb12a3d235c1,25f04353-3717-43fc-8cda-10082eb64989,ADD_TO_CART,5.0,2026-08-21T15:52:01.555413
141b6105-e633-436f-917a-1478bde97f79,2bb1023a-5b81-4303-93bc-cb12a3d235c1,32fc637e-f9fe-4fc6-9e2a-675ee8c4feee,PURCHASE,10.0,2026-08-21T15:52:01.555413
0dedf8d5-94f4-4d1f-88bb-094ac7254830,2bb1023a-5b81-4303-93bc-cb12a3d235c1,644cb430-839e-4d94-abc5-2aefa812d87c,PURCHASE,10.0,2026-08-21T15:52:01.555413
104f989d-77b1-43b6-9524-efd05941adc8,2bb1023a-5b81-4303-93bc-cb12a3d235c1,644cb430-839e-4d94-abc5-2aefa812d87c,ADD_TO_CART,5.0,2026-08-21T15:52:01.555413
d17feaf9-dda1-4f91-b394-c1054090a20d,2bb1023a-5b81-4303-93bc-cb12a3d235c1,6e1f18a9-7abb-46a0-81bd-8f86711777f3,PURCHASE,10.0,2026-09-01T13:52:01.555413
7e92a630-9525-4684-91c4-4b74183c1ac0,2bb1023a-5b81-4303-93bc-cb12a3d235c1,a606e6d1-bc53-4773-8d0e-ebb7825f84de,PURCHASE,10.0,2026-09-01T13:52:01.555413
89039e56-39eb-4992-adee-386eae11119e,2bb1023a-5b81-4303-93bc-cb12a3d235c1,a606e6d1-bc53-4773-8d0e-ebb7825f84de,ADD_TO_CART,5.0,2026-09-01T13:52:01.555413
48d95c15-aaa9-44e0-ba27-713892386ea5,2bb1023a-5b81-4303-93bc-cb12a3d235c1,fd8c9d08-eb21-41d5-9636-2248c81282bf,PURCHASE,10.0,2026-09-01T13:52:01.555413
896c28b3-1d2c-4cdb-8b4c-3cf594fdfe4b,2bb1023a-5b81-4303-93bc-cb12a3d235c1,25f04353-3717-43fc-8cda-10082eb64989,PURCHASE,10.0,2026-09-01T13:52:01.555413
fa8143aa-6fc8-4660-b614-4bc3a802f809,2bb1023a-5b81-4303-93bc-cb12a3d235c1,25f04353-3717-43fc-8cda-10082eb64989,ADD_TO_CART,5.0,2026-09-01T13:52:01.555413
564e9f91-a81a-4927-9696-41a4c38a36b5,2bb1023a-5b81-4303-93bc-cb12a3d235c1,10f05ff2-ae9e-42f6-9878-a22a6ac8d86c,PURCHASE,10.0,2026-09-01T13:52:01.555413
8bb31d4c-7d93-4b81-a00d-b282cbdfad9c,2bb1023a-5b81-4303-93bc-cb12a3d235c1,6009c106-4a8d-4390-b68f-d80d46087798,PURCHASE,10.0,2026-09-01T13:52:01.555413
64a3334c-472c-4aae-9905-a8696b191951,2bb1023a-5b81-4303-93bc-cb12a3d235c1,6009c106-4a8d-4390-b68f-d80d46087798,ADD_TO_CART,5.0,2026-09-01T13:52:01.555413
dcadc6d1-8d37-43e5-b053-63631edb613d,2bb1023a-5b81-4303-93bc-cb12a3d235c1,9f51b935-07d8-4b4c-8d00-113810aa5770,PURCHASE,10.0,2026-09-06T20:52:01.555413
b1678140-790d-48ec-b371-145efc2bf38e,2bb1023a-5b81-4303-93bc-cb12a3d235c1,29678b9f-85cc-4478-80dd-b15bfdc3fc2f,PURCHASE,10.0,2026-09-06T20:52:01.555413
134e1464-a3f3-4552-86a6-cc2104a2383b,2bb1023a-5b81-4303-93bc-cb12a3d235c1,9752f5b8-1a9f-485f-954c-d7c75c88038f,PURCHASE,10.0,2026-09-06T20:52:01.555413
22b523f7-c89e-48c0-a52b-3c0bf64c6a5d,2bb1023a-5b81-4303-93bc-cb12a3d235c1,eacee681-5685-4706-b16e-0bf681414fbe,PURCHASE,10.0,2026-09-06T20:52:01.555413
04361592-12e5-4623-9f8b-cde3d178e14e,980bcd07-414b-453e-9d08-9192eb3691d7,ce228021-e222-4cb4-afed-b4079dd03dde,PURCHASE,10.0,2026-08-29T18:52:01.555413
96913504-95b4-4f82-b188-69e092f2187a,980bcd07-414b-453e-9d08-9192eb3691d7,c2baad76-3877-4321-9e02-47d4f8e4cc46,PURCHASE,10.0,2026-08-29T18:52:01.555413
4a543d09-2424-4d05-b255-560ad91e6ea8,980bcd07-414b-453e-9d08-9192eb3691d7,acea3378-4bf7-4d40-8a6e-bab5fadc2196,PURCHASE,10.0,2026-08-29T18:52:01.555413
851837ee-945c-4f36-ae63-b7f42fc05bfe,980bcd07-414b-453e-9d08-9192eb3691d7,5f7fe85b-a41f-445e-83dd-d16cd8b90fc2,PURCHASE,10.0,2026-08-29T18:52:01.555413
bf3dd8cb-8af3-47ad-8e3c-e32263987955,980bcd07-414b-453e-9d08-9192eb3691d7,5f7fe85b-a41f-445e-83dd-d16cd8b90fc2,ADD_TO_CART,5.0,2026-08-29T18:52:01.555413
61c7a26e-1ff8-4245-8d47-023b60d49ca8,980bcd07-414b-453e-9d08-9192eb3691d7,ac50a9d6-f382-4ee3-af21-25a4d7df3eb5,PURCHASE,10.0,2026-08-29T18:52:01.555413
25d5c14b-e3df-4aa6-9fdb-b06c6fad1e3d,980bcd07-414b-453e-9d08-9192eb3691d7,334f6d5d-6c87-46e3-b054-4261bb3ac1e2,PURCHASE,10.0,2026-08-31T20:52:01.555413
c2c773b8-7e5f-426d-bcd6-f94c24c83d2a,980bcd07-414b-453e-9d08-9192eb3691d7,c2baad76-3877-4321-9e02-47d4f8e4cc46,PURCHASE,10.0,2026-08-31T20:52:01.555413
8229e50f-05a8-49fe-b7de-58888cf763dd,980bcd07-414b-453e-9d08-9192eb3691d7,f7bc89a4-3acf-4f49-af2d-c878fc6e6f45,PURCHASE,10.0,2026-08-31T20:52:01.555413
a2ee0984-6095-45ba-87a5-4b1221c08fcf,980bcd07-414b-453e-9d08-9192eb3691d7,5f7fe85b-a41f-445e-83dd-d16cd8b90fc2,PURCHASE,10.0,2026-08-31T20:52:01.555413
ace5d619-2545-406a-9461-9ab670b4fd6a,980bcd07-414b-453e-9d08-9192eb3691d7,5f7fe85b-a41f-445e-83dd-d16cd8b90fc2,ADD_TO_CART,5.0,2026-08-31T20:52:01.555413
4cfd8a36-c6bb-4cbd-b60c-2b3fc868f042,980bcd07-414b-453e-9d08-9192eb3691d7,ac50a9d6-f382-4ee3-af21-25a4d7df3eb5,PURCHASE,10.0,2026-08-31T20:52:01.555413
14bcb137-b26e-418c-a945-64941f429d29,980bcd07-414b-453e-9d08-9192eb3691d7,ac50a9d6-f382-4ee3-af21-25a4d7df3eb5,ADD_TO_CART,5.0,2026-08-31T20:52:01.555413
01c3d75f-5172-4db4-b1cf-225759f3b205,980bcd07-414b-453e-9d08-9192eb3691d7,ce228021-e222-4cb4-afed-b4079dd03dde,PURCHASE,10.0,2026-09-01T14:52:01.559347
ed550e3c-22b9-4927-9df2-066d91f8f910,980bcd07-414b-453e-9d08-9192eb3691d7,ce228021-e222-4cb4-afed-b4079dd03dde,ADD_TO_CART,5.0,2026-09-01T14:52:01.559347
11a1b1cd-ee9f-4443-897d-cb97437cb186,980bcd07-414b-453e-9d08-9192eb3691d7,c2baad76-3877-4321-9e02-47d4f8e4cc46,PURCHASE,10.0,2026-09-01T14:52:01.559347
6339533f-dbac-40ca-bd85-c11a087c9c8d,980bcd07-414b-453e-9d08-9192eb3691d7,c2baad76-3877-4321-9e02-47d4f8e4cc46,ADD_TO_CART,5.0,2026-09-01T14:52:01.559347
4099b86e-1fc6-4f49-a2a0-897abab10dfd,980bcd07-414b-453e-9d08-9192eb3691d7,91cc837c-d604-411e-809c-ace8df152781,PURCHASE,10.0,2026-09-01T14:52:01.559347
a462c856-8f8d-4425-95be-5dd6d74fbbeb,980bcd07-414b-453e-9d08-9192eb3691d7,91cc837c-d604-411e-809c-ace8df152781,ADD_TO_CART,5.0,2026-09-01T14:52:01.559347
d1440256-3232-47ad-99ac-9a7dc6004026,980bcd07-414b-453e-9d08-9192eb3691d7,6fcc34f9-1490-4c70-ae89-f338a3157ec6,PURCHASE,10.0,2026-09-01T14:52:01.559347
2e3658f5-3e3b-4b07-9c1b-fd66f52b658e,980bcd07-414b-453e-9d08-9192eb3691d7,ac50a9d6-f382-4ee3-af21-25a4d7df3eb5,PURCHASE,10.0,2026-09-01T14:52:01.559347
166bcf3a-44e1-4658-8eb5-fb80178c658a,980bcd07-414b-453e-9d08-9192eb3691d7,ac50a9d6-f382-4ee3-af21-25a4d7df3eb5,ADD_TO_CART,5.0,2026-09-01T14:52:01.559347
b3f2b0a3-88d0-43ae-a5cb-8a36084e589a,96ff7a29-0702-4bf2-a51e-c30b5063cf7e,02c672a6-e5ef-4c2f-be80-d74b4bdda901,PURCHASE,10.0,2026-07-23T18:52:01.560176
ad1098b6-e6b7-44ba-8b1a-948b71757038,96ff7a29-0702-4bf2-a51e-c30b5063cf7e,2fc6e23e-4b20-4c24-9330-6bf4084694bd,PURCHASE,10.0,2026-07-23T18:52:01.560176
902bdbde-f243-4b19-98b3-1e37acee28b6,96ff7a29-0702-4bf2-a51e-c30b5063cf7e,8124d850-f372-4140-92f6-6ff393d8ad94,PURCHASE,10.0,2026-07-23T18:52:01.560176
cef508c4-5f74-49c8-b3e6-45f4086645be,96ff7a29-0702-4bf2-a51e-c30b5063cf7e,8124d850-f372-4140-92f6-6ff393d8ad94,ADD_TO_CART,5.0,2026-07-23T18:52:01.560176
d649f421-7e91-44f6-a678-2b5c938e5c55,96ff7a29-0702-4bf2-a51e-c30b5063cf7e,d58dced7-cfe0-4214-b87d-2cfb44f0ad65,PURCHASE,10.0,2026-08-14T14:52:01.560176
e3a0444e-5278-4eae-a4ff-1a7aa6e30a79,96ff7a29-0702-4bf2-a51e-c30b5063cf7e,3fb4e8d6-0eb4-427b-bc00-84dd6f15806c,PURCHASE,10.0,2026-08-14T14:52:01.560176
bb5b9962-5af2-4bcb-91fe-55fa7dc700e4,96ff7a29-0702-4bf2-a51e-c30b5063cf7e,8124d850-f372-4140-92f6-6ff393d8ad94,PURCHASE,10.0,2026-08-14T14:52:01.560176
725a4638-5d9f-4e14-b08b-0f8de72309e4,96ff7a29-0702-4bf2-a51e-c30b5063cf7e,8124d850-f372-4140-92f6-6ff393d8ad94,ADD_TO_CART,5.0,2026-08-14T14:52:01.560176
8ddb35d0-f345-40b3-8cac-6838541a0c0b,96ff7a29-0702-4bf2-a51e-c30b5063cf7e,10a2f7b5-2629-4dff-b0d1-9d3c4c954908,PURCHASE,10.0,2026-08-15T18:52:01.560176
75ab3eb2-bbca-49ed-a1da-433f8083e51f,96ff7a29-0702-4bf2-a51e-c30b5063cf7e,037383ef-6b0c-4d21-91c9-e5c324305667,PURCHASE,10.0,2026-08-15T18:52:01.560176
676df100-36aa-4286-8320-0022792748f7,96ff7a29-0702-4bf2-a51e-c30b5063cf7e,9fde5f92-80d6-4098-9f79-62288afa3012,PURCHASE,10.0,2026-08-15T18:52:01.560176
902137f3-11cf-486a-89d5-3850f96bf648,96ff7a29-0702-4bf2-a51e-c30b5063cf7e,6f413aea-b761-4f53-83cc-8909734ca65f,PURCHASE,10.0,2026-08-15T18:52:01.560176
f9e9fe8c-04fe-4b25-a488-2d1f0fdd083a,96ff7a29-0702-4bf2-a51e-c30b5063cf7e,5be7f0f5-1d12-45f3-b308-f664330e8da7,PURCHASE,10.0,2026-08-15T18:52:01.560176
623066df-48b2-4bd2-8672-347266f0d530,96ff7a29-0702-4bf2-a51e-c30b5063cf7e,10a2f7b5-2629-4dff-b0d1-9d3c4c954908,PURCHASE,10.0,2026-08-21T16:52:01.560176
e9ec72cd-1094-430d-9c65-04f4fa6c7830,96ff7a29-0702-4bf2-a51e-c30b5063cf7e,10a2f7b5-2629-4dff-b0d1-9d3c4c954908,ADD_TO_CART,5.0,2026-08-21T16:52:01.560176
c4c60dcb-f481-417f-8ec1-2193f89ab370,96ff7a29-0702-4bf2-a51e-c30b5063cf7e,037383ef-6b0c-4d21-91c9-e5c324305667,PURCHASE,10.0,2026-08-21T16:52:01.560176
f4fd25ab-a3c5-498b-8a5b-fc4b1e9a43c9,96ff7a29-0702-4bf2-a51e-c30b5063cf7e,9fde5f92-80d6-4098-9f79-62288afa3012,PURCHASE,10.0,2026-08-21T16:52:01.560176
c292d02e-960a-48fb-8c9f-ba92d97f8ad2,96ff7a29-0702-4bf2-a51e-c30b5063cf7e,9fde5f92-80d6-4098-9f79-62288afa3012,ADD_TO_CART,5.0,2026-08-21T16:52:01.560176
5a556f4d-4451-449a-86d4-ffab522160ba,96ff7a29-0702-4bf2-a51e-c30b5063cf7e,9343e411-1342-4af6-b84c-49ab26ee23f0,PURCHASE,10.0,2026-08-21T16:52:01.560176
8a34e68d-641e-4ed1-9637-a49b014d66b2,96ff7a29-0702-4bf2-a51e-c30b5063cf7e,9343e411-1342-4af6-b84c-49ab26ee23f0,ADD_TO_CART,5.0,2026-08-21T16:52:01.560176
28e67aba-cddd-4702-9921-83a7cbbc1440,96ff7a29-0702-4bf2-a51e-c30b5063cf7e,ba87582f-c244-431b-a4bd-e5bbdf0cf954,PURCHASE,10.0,2026-08-21T16:52:01.560176
d5125096-52e2-445c-bbd1-7065873105e2,96ff7a29-0702-4bf2-a51e-c30b5063cf7e,ba87582f-c244-431b-a4bd-e5bbdf0cf954,ADD_TO_CART,5.0,2026-08-21T16:52:01.560176
7764a1b9-7630-435f-b247-8fadea2a901e,96ff7a29-0702-4bf2-a51e-c30b5063cf7e,88dc8654-525d-4e13-a1c5-26c467b71fdf,PURCHASE,10.0,2026-08-27T16:52:01.560176
7c1ee10b-35ea-4db6-8682-cad946852aaf,96ff7a29-0702-4bf2-a51e-c30b5063cf7e,88dc8654-525d-4e13-a1c5-26c467b71fdf,ADD_TO_CART,5.0,2026-08-27T16:52:01.560176
b8571c07-95c5-4a72-9241-e8a88de7afe0,96ff7a29-0702-4bf2-a51e-c30b5063cf7e,29678b9f-85cc-4478-80dd-b15bfdc3fc2f,PURCHASE,10.0,2026-08-27T16:52:01.560176
a39af662-aefd-4e25-b93a-da1b4b40bd4f,96ff7a29-0702-4bf2-a51e-c30b5063cf7e,8124d850-f372-4140-92f6-6ff393d8ad94,PURCHASE,10.0,2026-08-27T16:52:01.560176
613f95bf-d3bf-440c-ad03-97b75710cae9,96ff7a29-0702-4bf2-a51e-c30b5063cf7e,8124d850-f372-4140-92f6-6ff393d8ad94,ADD_TO_CART,5.0,2026-08-27T16:52:01.560176
edd01488-6410-4e24-b383-135668ffe162,96ff7a29-0702-4bf2-a51e-c30b5063cf7e,365f0f81-3694-43ad-a200-4c673bf6c199,PURCHASE,10.0,2026-08-27T16:52:01.560176
7cf7cc85-fece-46c7-bfce-9c04b5f5121b,96ff7a29-0702-4bf2-a51e-c30b5063cf7e,a0b08496-a82f-4cd0-be10-3ab342d8be86,PURCHASE,10.0,2026-09-04T16:52:01.560176
d0f31435-5549-47fc-8cc2-b4fdda1bda7a,96ff7a29-0702-4bf2-a51e-c30b5063cf7e,3fb4e8d6-0eb4-427b-bc00-84dd6f15806c,PURCHASE,10.0,2026-09-04T16:52:01.560176
ffb11322-4a05-4940-a5ad-708a6d58019e,96ff7a29-0702-4bf2-a51e-c30b5063cf7e,e619e35d-2c6a-45f8-9a96-6516579ff2ef,PURCHASE,10.0,2026-09-04T16:52:01.560176
bf6c5d2d-bcfe-43c1-8830-936c9813ed26,96ff7a29-0702-4bf2-a51e-c30b5063cf7e,99ece7de-f4c3-4465-9006-ff5bbd499c35,PURCHASE,10.0,2026-09-04T16:52:01.560176
db1f3884-43ad-4784-ab04-381633f7759a,a2b79504-3575-4d94-9af6-c8b119b11e3c,f2b7b5ef-c8f7-4c34-93ed-2e35f3c536c1,PURCHASE,10.0,2026-08-09T13:52:01.560176
cc3ad4c9-4435-417e-b4e3-76c98ba1fbc4,a2b79504-3575-4d94-9af6-c8b119b11e3c,f2b7b5ef-c8f7-4c34-93ed-2e35f3c536c1,ADD_TO_CART,5.0,2026-08-09T13:52:01.560176
e03a571f-7a53-45dd-a74d-2952fea93ad6,a2b79504-3575-4d94-9af6-c8b119b11e3c,3917a229-00ce-4f07-ab63-a7dfc2cd82df,PURCHASE,10.0,2026-08-09T13:52:01.560176
313361d8-3f11-47f5-824d-d3cea6ec7715,a2b79504-3575-4d94-9af6-c8b119b11e3c,ffb35857-5a01-4e4d-b7f3-e4dba8ebcf4b,PURCHASE,10.0,2026-08-09T13:52:01.560176
24666331-d2e2-4138-8d8b-278d2d98a17b,a2b79504-3575-4d94-9af6-c8b119b11e3c,ee4ae226-aca3-4d7c-8291-771300058d27,PURCHASE,10.0,2026-08-21T20:52:01.560176
53cb167c-9659-4435-83d7-5d7b1529aa55,a2b79504-3575-4d94-9af6-c8b119b11e3c,ee4ae226-aca3-4d7c-8291-771300058d27,ADD_TO_CART,5.0,2026-08-21T20:52:01.560176
07eac4a9-de40-421b-87e8-f67ea27fb589,a2b79504-3575-4d94-9af6-c8b119b11e3c,9d200418-2fc9-4275-afd3-387660366ffb,PURCHASE,10.0,2026-08-21T20:52:01.560176
8779b624-6a5d-475f-aaa9-953ae0fe3959,a2b79504-3575-4d94-9af6-c8b119b11e3c,0f8e2979-fd0e-4891-afd3-3b4a418d17c1,PURCHASE,10.0,2026-08-21T20:52:01.560176
c2fc61d0-0805-46a4-adff-ce55b4d4d199,a2b79504-3575-4d94-9af6-c8b119b11e3c,f2b7b5ef-c8f7-4c34-93ed-2e35f3c536c1,PURCHASE,10.0,2026-08-29T14:52:01.560176
a6dcd360-71ea-4329-8dfe-1d04ea56d452,a2b79504-3575-4d94-9af6-c8b119b11e3c,f2b7b5ef-c8f7-4c34-93ed-2e35f3c536c1,ADD_TO_CART,5.0,2026-08-29T14:52:01.560176
c7e81eee-ea7b-4145-9194-a828854dbfd1,a2b79504-3575-4d94-9af6-c8b119b11e3c,fb7ed45f-6d64-4e3f-bff3-3449c34f1179,PURCHASE,10.0,2026-08-29T14:52:01.560176
33fb4447-2c76-44f2-b748-216451516e6c,a2b79504-3575-4d94-9af6-c8b119b11e3c,0f8ffc1d-42dd-4b60-a223-644c0eb7d1c4,PURCHASE,10.0,2026-08-29T14:52:01.560176
61936880-e883-455a-be1b-f3480d698584,a2b79504-3575-4d94-9af6-c8b119b11e3c,0f8ffc1d-42dd-4b60-a223-644c0eb7d1c4,ADD_TO_CART,5.0,2026-08-29T14:52:01.560176
43847e06-60ab-41ea-93a4-1d0d97d61296,a2b79504-3575-4d94-9af6-c8b119b11e3c,f2b7b5ef-c8f7-4c34-93ed-2e35f3c536c1,PURCHASE,10.0,2026-08-28T13:52:01.560176
76643143-8622-4083-bc9b-f5c8ce7531b3,a2b79504-3575-4d94-9af6-c8b119b11e3c,93e72030-6ff8-43c4-8fed-6ec2084ee35e,PURCHASE,10.0,2026-08-28T13:52:01.560176
656c1b46-dc04-489d-9b2b-f578c69326c7,a2b79504-3575-4d94-9af6-c8b119b11e3c,93e72030-6ff8-43c4-8fed-6ec2084ee35e,ADD_TO_CART,5.0,2026-08-28T13:52:01.560176
2d6c1afe-6523-4868-92d9-18794093c9c7,a2b79504-3575-4d94-9af6-c8b119b11e3c,ef03f9f5-d4ae-43ae-9c98-2b1ac1e2bf87,PURCHASE,10.0,2026-08-28T13:52:01.560176
d0519827-8682-4134-8632-93422203b150,a2b79504-3575-4d94-9af6-c8b119b11e3c,ef03f9f5-d4ae-43ae-9c98-2b1ac1e2bf87,ADD_TO_CART,5.0,2026-08-28T13:52:01.560176
7d11b926-c31b-4a6f-a03b-392c07e5ccc0,a2b79504-3575-4d94-9af6-c8b119b11e3c,ee4ae226-aca3-4d7c-8291-771300058d27,PURCHASE,10.0,2026-09-03T18:52:01.560176
f3c03be5-26b8-4cf4-b9a3-e5fca8c76413,a2b79504-3575-4d94-9af6-c8b119b11e3c,3a50c212-b6a5-4a68-8319-9c27735e8d16,PURCHASE,10.0,2026-09-03T18:52:01.560176
cbb6d75a-4854-4e35-a000-731bcc55174c,a2b79504-3575-4d94-9af6-c8b119b11e3c,3a50c212-b6a5-4a68-8319-9c27735e8d16,ADD_TO_CART,5.0,2026-09-03T18:52:01.560176
a4b7e311-c918-48d7-9d6f-1bbc76af4271,a2b79504-3575-4d94-9af6-c8b119b11e3c,4cc80ba9-1884-4b13-8df8-b093b3882660,PURCHASE,10.0,2026-09-03T18:52:01.560176
b36f9da3-7cdb-4d61-92cc-bd8c360b482d,a2b79504-3575-4d94-9af6-c8b119b11e3c,4cc80ba9-1884-4b13-8df8-b093b3882660,ADD_TO_CART,5.0,2026-09-03T18:52:01.560176
ec4f0f13-3729-40c4-950b-96f826c9241a,d3decbad-0acb-4217-99cd-e65ee1a9a9d3,6ceef2d2-1469-48a0-9d65-3453b2d6099a,PURCHASE,10.0,2026-08-09T21:52:01.560176
b58daae9-c531-4c9a-ac8f-e3ebbfef08a8,d3decbad-0acb-4217-99cd-e65ee1a9a9d3,6ceef2d2-1469-48a0-9d65-3453b2d6099a,ADD_TO_CART,5.0,2026-08-09T21:52:01.560176
666350c8-aed6-489b-890b-ffe7f70f313e,d3decbad-0acb-4217-99cd-e65ee1a9a9d3,f2c3bde4-f1f1-484c-ab9a-cc85dfc19c06,PURCHASE,10.0,2026-08-09T21:52:01.560176
796d42fa-9452-4969-a451-163467746ce5,d3decbad-0acb-4217-99cd-e65ee1a9a9d3,58ea5898-e09c-4e6b-81bf-211261419595,PURCHASE,10.0,2026-08-09T21:52:01.560176
c5a39611-f9f9-4a8a-bdc0-e2b2663d5c26,d3decbad-0acb-4217-99cd-e65ee1a9a9d3,9ecc0d39-ed33-485e-ad18-7a2a707c6d2a,PURCHASE,10.0,2026-08-08T18:52:01.560176
2c6f5c13-68cf-456f-a40f-841de4ae4cac,d3decbad-0acb-4217-99cd-e65ee1a9a9d3,ccc17542-0192-4e15-82a8-2224b628efab,PURCHASE,10.0,2026-08-08T18:52:01.560176
321886bb-6ad1-48e4-8751-6f54fd3aec10,d3decbad-0acb-4217-99cd-e65ee1a9a9d3,1fb51520-9238-438a-b8e4-17a7803354a7,PURCHASE,10.0,2026-08-08T18:52:01.560176
5afa8bba-4cd6-4046-8b84-8fd6a2c1618b,d3decbad-0acb-4217-99cd-e65ee1a9a9d3,9e62c28d-8fc0-432a-b85d-e57755b7a392,PURCHASE,10.0,2026-08-08T18:52:01.560176
973014de-03a2-4bb3-8a5f-d36199927a99,d3decbad-0acb-4217-99cd-e65ee1a9a9d3,6e1f18a9-7abb-46a0-81bd-8f86711777f3,PURCHASE,10.0,2026-08-18T21:52:01.560176
8291071a-9b97-49eb-851b-a9bf0b7d5b1b,d3decbad-0acb-4217-99cd-e65ee1a9a9d3,6e1f18a9-7abb-46a0-81bd-8f86711777f3,ADD_TO_CART,5.0,2026-08-18T21:52:01.560176
b1899337-c09d-4c31-90ff-59fe42c45988,d3decbad-0acb-4217-99cd-e65ee1a9a9d3,f2c3bde4-f1f1-484c-ab9a-cc85dfc19c06,PURCHASE,10.0,2026-08-18T21:52:01.560176
8be9cf7d-62b7-4901-a80d-532b818dfc55,d3decbad-0acb-4217-99cd-e65ee1a9a9d3,f2c3bde4-f1f1-484c-ab9a-cc85dfc19c06,ADD_TO_CART,5.0,2026-08-18T21:52:01.560176
0386bd75-93e4-4ad1-b6ab-5e762e062f6c,d3decbad-0acb-4217-99cd-e65ee1a9a9d3,58ea5898-e09c-4e6b-81bf-211261419595,PURCHASE,10.0,2026-08-18T21:52:01.560176
d88784ce-fc33-4f8f-8d59-e320f2382333,d3decbad-0acb-4217-99cd-e65ee1a9a9d3,58ea5898-e09c-4e6b-81bf-211261419595,ADD_TO_CART,5.0,2026-08-18T21:52:01.560176
7532d4c6-bfa8-49fa-a7f4-3ed2bc5f45ab,d3decbad-0acb-4217-99cd-e65ee1a9a9d3,dc34e374-8390-4aec-9210-3712476ff78f,PURCHASE,10.0,2026-08-29T17:52:01.560176
e01772ed-a972-4a5f-a9eb-d5bf4db1ccd6,d3decbad-0acb-4217-99cd-e65ee1a9a9d3,5dab8803-0ab8-4447-a6f6-08365aa53ddb,PURCHASE,10.0,2026-08-29T17:52:01.560176
549ab134-ecd3-48f4-9894-22354d16a3df,d3decbad-0acb-4217-99cd-e65ee1a9a9d3,cabd7ff0-1bed-4ba5-bf93-93b2b0f3cc62,PURCHASE,10.0,2026-08-29T17:52:01.560176
1ad2740e-515c-4c68-9813-9c8c1267f596,d3decbad-0acb-4217-99cd-e65ee1a9a9d3,cabd7ff0-1bed-4ba5-bf93-93b2b0f3cc62,ADD_TO_CART,5.0,2026-08-29T17:52:01.560176
4bd51e79-6086-4e48-8c45-b7c83ee514ee,d3decbad-0acb-4217-99cd-e65ee1a9a9d3,5a442680-9fef-499c-825c-bcbe3ceaedb7,PURCHASE,10.0,2026-08-29T17:52:01.560176
d1db15be-05d0-47a3-91d6-ea949e2f1180,d3decbad-0acb-4217-99cd-e65ee1a9a9d3,5a442680-9fef-499c-825c-bcbe3ceaedb7,ADD_TO_CART,5.0,2026-08-29T17:52:01.560176
49fae0e3-9e4c-434e-91f5-2ba033dda266,d3decbad-0acb-4217-99cd-e65ee1a9a9d3,c9813573-f89f-44c9-b0e1-a585d1da29ae,PURCHASE,10.0,2026-08-29T17:52:01.560176
0180649b-8f21-403b-ade1-91acda9752b6,d3decbad-0acb-4217-99cd-e65ee1a9a9d3,0edf81e8-0f9f-40e2-bfe7-e4b020cccfd2,PURCHASE,10.0,2026-09-01T19:52:01.560176
21fbd40d-8138-4e5f-8ba9-fa54182ba27a,d3decbad-0acb-4217-99cd-e65ee1a9a9d3,61196fcb-7d00-4c63-8871-a2da792babf2,PURCHASE,10.0,2026-09-01T19:52:01.560176
c0b4db26-07c4-4bf9-8df4-108a43bf8d59,d3decbad-0acb-4217-99cd-e65ee1a9a9d3,959a6f25-0348-4f7a-a570-d9e166145bc6,PURCHASE,10.0,2026-09-01T19:52:01.560176
5dba1b98-fc60-4351-9124-34628c216544,d3decbad-0acb-4217-99cd-e65ee1a9a9d3,959a6f25-0348-4f7a-a570-d9e166145bc6,ADD_TO_CART,5.0,2026-09-01T19:52:01.560176
0287752a-ce19-4eaf-8821-22a99bdaa220,d3decbad-0acb-4217-99cd-e65ee1a9a9d3,c50ff350-8d5c-44a4-b91f-08c8a0a5c99f,PURCHASE,10.0,2026-09-01T19:52:01.560176
3ecc2c64-26b0-4a5d-aca2-b54c40e6687f,ef4899c4-bfed-4167-8c46-2982a90da36a,bf9e355c-e1c9-428e-906d-8e9a455ce885,PURCHASE,10.0,2026-08-16T16:52:01.560176
ad485f48-9f22-4a29-8280-1986ab59f879,ef4899c4-bfed-4167-8c46-2982a90da36a,fc99c491-28ac-40fc-bd3b-edf6d3a3588b,PURCHASE,10.0,2026-08-16T16:52:01.560176
cd83e9d0-a238-4cf3-bc84-dea44ae6eff8,ef4899c4-bfed-4167-8c46-2982a90da36a,36ac1cb7-c55e-46e9-bdbf-67db44692a6b,PURCHASE,10.0,2026-08-16T16:52:01.560176
9393ef21-bb53-426f-b472-094d1a5ddfed,ef4899c4-bfed-4167-8c46-2982a90da36a,36ac1cb7-c55e-46e9-bdbf-67db44692a6b,ADD_TO_CART,5.0,2026-08-16T16:52:01.560176
444ec985-e8de-4260-a50f-68d88f5c8838,ef4899c4-bfed-4167-8c46-2982a90da36a,6d906107-a0e5-47f2-8799-d65930e76c89,PURCHASE,10.0,2026-08-16T16:52:01.560176
bea7d12c-c887-4060-a00f-b5c786bb1887,ef4899c4-bfed-4167-8c46-2982a90da36a,bf9e355c-e1c9-428e-906d-8e9a455ce885,PURCHASE,10.0,2026-08-07T12:52:01.560176
1ae80218-3243-49a0-8cd2-728c3c8b05e0,ef4899c4-bfed-4167-8c46-2982a90da36a,bf9e355c-e1c9-428e-906d-8e9a455ce885,ADD_TO_CART,5.0,2026-08-07T12:52:01.560176
b7c39b0d-5210-4cc4-8cf6-17209d5a85b1,ef4899c4-bfed-4167-8c46-2982a90da36a,fc99c491-28ac-40fc-bd3b-edf6d3a3588b,PURCHASE,10.0,2026-08-07T12:52:01.560176
56799aa2-c080-43eb-9c1a-77198fef94c6,ef4899c4-bfed-4167-8c46-2982a90da36a,fc99c491-28ac-40fc-bd3b-edf6d3a3588b,ADD_TO_CART,5.0,2026-08-07T12:52:01.560176
496352b6-38ff-4c3e-9bff-ffb0790ecfff,ef4899c4-bfed-4167-8c46-2982a90da36a,ca810efa-f2ec-4c94-85c8-746258ad8064,PURCHASE,10.0,2026-08-07T12:52:01.560176
4c70da2c-a150-4264-ad96-9c6f68207606,ef4899c4-bfed-4167-8c46-2982a90da36a,bf9e355c-e1c9-428e-906d-8e9a455ce885,PURCHASE,10.0,2026-08-14T13:52:01.560176
2aa773c0-1252-47bb-b718-2d11f80cc0c9,ef4899c4-bfed-4167-8c46-2982a90da36a,bf9e355c-e1c9-428e-906d-8e9a455ce885,ADD_TO_CART,5.0,2026-08-14T13:52:01.560176
8a11d509-270f-45a5-9fa6-737f8d09a064,ef4899c4-bfed-4167-8c46-2982a90da36a,fc99c491-28ac-40fc-bd3b-edf6d3a3588b,PURCHASE,10.0,2026-08-14T13:52:01.560176
09b00339-a3b1-47c8-b902-adda172eaf39,ef4899c4-bfed-4167-8c46-2982a90da36a,36ac1cb7-c55e-46e9-bdbf-67db44692a6b,PURCHASE,10.0,2026-08-14T13:52:01.560176
b0f8b70c-06bd-4d5a-940a-17b871fcfda1,ef4899c4-bfed-4167-8c46-2982a90da36a,36ac1cb7-c55e-46e9-bdbf-67db44692a6b,ADD_TO_CART,5.0,2026-08-14T13:52:01.560176
1864f48e-28e9-49e7-baf1-eed9cf8290ae,ef4899c4-bfed-4167-8c46-2982a90da36a,431c6fc2-0f8a-4db6-ae8e-8a20bad8a86f,PURCHASE,10.0,2026-08-14T13:52:01.560176
84f57ee6-716a-4126-972b-64289b3301fb,ef4899c4-bfed-4167-8c46-2982a90da36a,431c6fc2-0f8a-4db6-ae8e-8a20bad8a86f,ADD_TO_CART,5.0,2026-08-14T13:52:01.560176
07641815-1abd-4c31-ba0d-f10bc337f6a4,ef4899c4-bfed-4167-8c46-2982a90da36a,bf9e355c-e1c9-428e-906d-8e9a455ce885,PURCHASE,10.0,2026-08-29T14:52:01.560176
730d8473-1cd6-4163-aaf0-5f9e556f01f2,ef4899c4-bfed-4167-8c46-2982a90da36a,a606e6d1-bc53-4773-8d0e-ebb7825f84de,PURCHASE,10.0,2026-08-29T14:52:01.560176
c4ac2996-42c6-4afc-bdbf-87e5ba556b2b,ef4899c4-bfed-4167-8c46-2982a90da36a,f9d76a86-af1e-436b-ba84-54d2e8a3573e,PURCHASE,10.0,2026-08-29T14:52:01.560176
b9de54c0-ef80-4d34-a0a2-5adc2b17b72d,ef4899c4-bfed-4167-8c46-2982a90da36a,ca262023-1ba4-4c5c-b26f-043d23841ff1,PURCHASE,10.0,2026-08-29T14:52:01.560176
8681b942-8e97-45c8-8e21-7814bbcf143e,ef4899c4-bfed-4167-8c46-2982a90da36a,bf9e355c-e1c9-428e-906d-8e9a455ce885,PURCHASE,10.0,2026-09-03T17:52:01.560176
f6285e92-4503-4018-a6f6-5428e345b59d,ef4899c4-bfed-4167-8c46-2982a90da36a,bf9e355c-e1c9-428e-906d-8e9a455ce885,ADD_TO_CART,5.0,2026-09-03T17:52:01.560176
183e4afe-100c-4fc0-8bd2-464699749eab,ef4899c4-bfed-4167-8c46-2982a90da36a,fc99c491-28ac-40fc-bd3b-edf6d3a3588b,PURCHASE,10.0,2026-09-03T17:52:01.560176
42ae840e-4c6d-4c1d-be52-922bd405a57c,ef4899c4-bfed-4167-8c46-2982a90da36a,fc99c491-28ac-40fc-bd3b-edf6d3a3588b,ADD_TO_CART,5.0,2026-09-03T17:52:01.560176
5949c11f-45c3-4876-a0c4-cd83f149f251,ef4899c4-bfed-4167-8c46-2982a90da36a,0031e56a-e740-4991-af49-d3cac14a83eb,PURCHASE,10.0,2026-09-03T17:52:01.560176
140a9f3b-863a-48dd-933a-13211b5d4f2e,ef4899c4-bfed-4167-8c46-2982a90da36a,77d21e1a-3f2f-49f2-be52-f1fb6324b498,PURCHASE,10.0,2026-09-03T17:52:01.560176
cf09a6b7-4557-4761-8e79-66e791ac5345,ef4899c4-bfed-4167-8c46-2982a90da36a,77d21e1a-3f2f-49f2-be52-f1fb6324b498,ADD_TO_CART,5.0,2026-09-03T17:52:01.560176
e5b871ae-99d8-407d-9774-a07111e2fc66,ef4899c4-bfed-4167-8c46-2982a90da36a,04f54342-120a-43fa-9062-b8d0771ca8a7,PURCHASE,10.0,2026-09-01T14:52:01.560176
828c256b-05fe-455a-b54c-e53b68ccb185,ef4899c4-bfed-4167-8c46-2982a90da36a,aafb59e7-4643-44a7-be97-2be664e18e79,PURCHASE,10.0,2026-09-01T14:52:01.560176
f4dee48f-996e-45e0-a5d4-c42f863d9af1,ef4899c4-bfed-4167-8c46-2982a90da36a,aafb59e7-4643-44a7-be97-2be664e18e79,ADD_TO_CART,5.0,2026-09-01T14:52:01.560176
77ce8efb-1024-41a1-8ed4-7a43715fd9b6,ef4899c4-bfed-4167-8c46-2982a90da36a,959a6f25-0348-4f7a-a570-d9e166145bc6,PURCHASE,10.0,2026-09-01T14:52:01.560176
d2c17751-1575-4cea-9f69-ab7d1d2429ad,ef4899c4-bfed-4167-8c46-2982a90da36a,0de12161-675e-4cbb-96b4-0107237dd341,PURCHASE,10.0,2026-09-01T14:52:01.560176
e0f43e5c-05a7-419b-98bd-ffd51e5a77f7,ef4899c4-bfed-4167-8c46-2982a90da36a,0de12161-675e-4cbb-96b4-0107237dd341,ADD_TO_CART,5.0,2026-09-01T14:52:01.560176
7ec98d3b-d639-4000-98af-bbe434a737e6,c6c9aed7-1f10-439d-88ec-8f5b1b4f748f,119171e8-3049-4289-a1e6-20156e6d3e20,PURCHASE,10.0,2026-08-06T12:52:01.560176
4881c3ba-f20c-4697-9683-1e72a2bb3113,c6c9aed7-1f10-439d-88ec-8f5b1b4f748f,472f225e-9fd0-4a31-9d3a-970b74e867a1,PURCHASE,10.0,2026-08-06T12:52:01.560176
41149684-6a95-4a6d-aa82-d798ec867596,c6c9aed7-1f10-439d-88ec-8f5b1b4f748f,1c84fa0c-e043-4a3d-8fe9-cd3d34c99d78,PURCHASE,10.0,2026-08-06T12:52:01.560176
b13a0fcb-c6fb-468c-8eb9-a78986ab4e53,c6c9aed7-1f10-439d-88ec-8f5b1b4f748f,ca262023-1ba4-4c5c-b26f-043d23841ff1,PURCHASE,10.0,2026-08-06T12:52:01.560176
c391a0aa-c1cf-4ce5-94b8-ac8a387e93c9,c6c9aed7-1f10-439d-88ec-8f5b1b4f748f,ca262023-1ba4-4c5c-b26f-043d23841ff1,ADD_TO_CART,5.0,2026-08-06T12:52:01.560176
8dcd9c27-0381-4a9b-a05a-10183916cf90,c6c9aed7-1f10-439d-88ec-8f5b1b4f748f,5b8c6336-1da2-4e93-a5fb-3781c59c29bb,PURCHASE,10.0,2026-08-22T17:52:01.560176
a8c431f2-b65e-490f-9e70-5ee2f49daa50,c6c9aed7-1f10-439d-88ec-8f5b1b4f748f,5b8c6336-1da2-4e93-a5fb-3781c59c29bb,ADD_TO_CART,5.0,2026-08-22T17:52:01.560176
3f337055-0fcc-4cf1-8f44-9dbc1472d146,c6c9aed7-1f10-439d-88ec-8f5b1b4f748f,ef1edfc3-47b7-4fd4-83d6-8e411458ec16,PURCHASE,10.0,2026-08-22T17:52:01.560176
f2cd7258-56c2-42e0-bf60-2869f00f58d0,c6c9aed7-1f10-439d-88ec-8f5b1b4f748f,1c84fa0c-e043-4a3d-8fe9-cd3d34c99d78,PURCHASE,10.0,2026-08-22T17:52:01.560176
8dbaeea8-14f0-40ab-83bf-16a4a2fcd492,c6c9aed7-1f10-439d-88ec-8f5b1b4f748f,1c84fa0c-e043-4a3d-8fe9-cd3d34c99d78,ADD_TO_CART,5.0,2026-08-22T17:52:01.560176
9dfff4d4-d672-4296-b180-609d61a265ac,c6c9aed7-1f10-439d-88ec-8f5b1b4f748f,5a442680-9fef-499c-825c-bcbe3ceaedb7,PURCHASE,10.0,2026-08-22T17:52:01.560176
f8ecfcb1-b7f4-4806-8077-e599f9c3f2cf,c6c9aed7-1f10-439d-88ec-8f5b1b4f748f,90d08764-413b-4792-ac7f-41915db7fab3,PURCHASE,10.0,2026-08-18T14:52:01.560176
4dbccac6-1065-4a79-b5cc-a92b6f3910cf,c6c9aed7-1f10-439d-88ec-8f5b1b4f748f,cd421415-e774-4ace-b0dc-d63a85efee9b,PURCHASE,10.0,2026-08-18T14:52:01.560176
3a909e16-adba-4805-9a96-1f248f266b8c,c6c9aed7-1f10-439d-88ec-8f5b1b4f748f,cd421415-e774-4ace-b0dc-d63a85efee9b,ADD_TO_CART,5.0,2026-08-18T14:52:01.560176
9f6a1cbe-f225-4f81-b1aa-eeea75fc7e35,c6c9aed7-1f10-439d-88ec-8f5b1b4f748f,1c84fa0c-e043-4a3d-8fe9-cd3d34c99d78,PURCHASE,10.0,2026-08-18T14:52:01.560176
cf7a5aa4-c3ea-4e2c-bf06-4972e66cc261,c6c9aed7-1f10-439d-88ec-8f5b1b4f748f,5a442680-9fef-499c-825c-bcbe3ceaedb7,PURCHASE,10.0,2026-08-18T14:52:01.560176
88b81c9a-8973-4043-9c19-71231cfd5f5f,c6c9aed7-1f10-439d-88ec-8f5b1b4f748f,37de3597-b603-4c63-8ff2-99e7384b7a13,PURCHASE,10.0,2026-08-18T14:52:01.560176
2a8b2c1a-de49-4c01-ad83-87b63a9c7c2d,c6c9aed7-1f10-439d-88ec-8f5b1b4f748f,37de3597-b603-4c63-8ff2-99e7384b7a13,ADD_TO_CART,5.0,2026-08-18T14:52:01.560176
5af9b94d-e626-4679-82d8-123486c43770,c6c9aed7-1f10-439d-88ec-8f5b1b4f748f,119171e8-3049-4289-a1e6-20156e6d3e20,PURCHASE,10.0,2026-08-26T13:52:01.560176
04c94da4-f797-44c6-ba3b-67c935755390,c6c9aed7-1f10-439d-88ec-8f5b1b4f748f,ff6ed914-1af0-4743-a219-3c47dd0455f8,PURCHASE,10.0,2026-08-26T13:52:01.560176
3601ff3a-877e-4412-ac08-0d5d0ac74693,c6c9aed7-1f10-439d-88ec-8f5b1b4f748f,ff6ed914-1af0-4743-a219-3c47dd0455f8,ADD_TO_CART,5.0,2026-08-26T13:52:01.560176
bf9a1c42-d857-43ad-a1cc-2c08441ce188,c6c9aed7-1f10-439d-88ec-8f5b1b4f748f,1c84fa0c-e043-4a3d-8fe9-cd3d34c99d78,PURCHASE,10.0,2026-08-26T13:52:01.560176
f181c44c-be1f-41a3-8a9d-490302d3f75f,c6c9aed7-1f10-439d-88ec-8f5b1b4f748f,5a442680-9fef-499c-825c-bcbe3ceaedb7,PURCHASE,10.0,2026-08-26T13:52:01.560176
5b32c3a1-0ac4-4df4-864b-11177270df47,c6c9aed7-1f10-439d-88ec-8f5b1b4f748f,5a442680-9fef-499c-825c-bcbe3ceaedb7,ADD_TO_CART,5.0,2026-08-26T13:52:01.560176
32da6909-ae32-43b9-8f7d-cb86d18c0977,c6c9aed7-1f10-439d-88ec-8f5b1b4f748f,1b3c4a8b-db3c-47a0-bf6c-b07e358e035a,PURCHASE,10.0,2026-08-26T13:52:01.560176
1e0c6a91-e5bd-4482-a85c-2260b9062af5,c6c9aed7-1f10-439d-88ec-8f5b1b4f748f,1b3c4a8b-db3c-47a0-bf6c-b07e358e035a,ADD_TO_CART,5.0,2026-08-26T13:52:01.560176
2ec7ed39-e409-427e-8e6b-134b84e8340d,c6c9aed7-1f10-439d-88ec-8f5b1b4f748f,5b8c6336-1da2-4e93-a5fb-3781c59c29bb,PURCHASE,10.0,2026-09-01T18:52:01.560176
61722866-30c6-469f-9013-c42bda0630e6,c6c9aed7-1f10-439d-88ec-8f5b1b4f748f,ef1edfc3-47b7-4fd4-83d6-8e411458ec16,PURCHASE,10.0,2026-09-01T18:52:01.560176
fc0f384f-2f47-485f-99b1-9b4e0475a35f,c6c9aed7-1f10-439d-88ec-8f5b1b4f748f,ef1edfc3-47b7-4fd4-83d6-8e411458ec16,ADD_TO_CART,5.0,2026-09-01T18:52:01.560176
9bc4abac-96ba-46ef-bed4-3d1da7351666,c6c9aed7-1f10-439d-88ec-8f5b1b4f748f,e7185a39-0261-4ed3-8614-036ab8432fa2,PURCHASE,10.0,2026-09-01T18:52:01.560176
a52deb0b-826c-4286-ad60-dff7c0916479,c6c9aed7-1f10-439d-88ec-8f5b1b4f748f,b8258701-7eba-4efa-be89-1236720808da,PURCHASE,10.0,2026-09-01T18:52:01.560176
b54f0f1d-a324-4b33-80a0-ca36732f41ee,c6c9aed7-1f10-439d-88ec-8f5b1b4f748f,b8258701-7eba-4efa-be89-1236720808da,ADD_TO_CART,5.0,2026-09-01T18:52:01.560176
7e4d7bf0-8f88-4cef-a7a2-f3fb1a8a89eb,fc58c463-84fd-4548-9e91-513ebe48d753,b99e1dae-48e4-4376-947d-936df1d7d3fd,PURCHASE,10.0,2026-08-03T21:52:01.560176
4e7276d1-011b-4659-9482-3e54f1b916cd,fc58c463-84fd-4548-9e91-513ebe48d753,a9adc9d0-b23e-4e5d-be77-825b68788f9f,PURCHASE,10.0,2026-08-03T21:52:01.560176
301faa3b-9925-42b6-8962-397190acedfc,fc58c463-84fd-4548-9e91-513ebe48d753,4049d501-b0c1-4269-9ebe-1b50c2150384,PURCHASE,10.0,2026-08-03T21:52:01.560176
e8e9c422-0e5e-42b4-bd18-359a24263d60,fc58c463-84fd-4548-9e91-513ebe48d753,b99e1dae-48e4-4376-947d-936df1d7d3fd,PURCHASE,10.0,2026-08-07T15:52:01.560176
576400cc-3921-450c-bf24-92bb76fc7ec7,fc58c463-84fd-4548-9e91-513ebe48d753,469de709-3edd-4ecf-b373-98a004b5f3ae,PURCHASE,10.0,2026-08-07T15:52:01.560176
f77df4d4-398c-47c6-b114-10e86fb7c150,fc58c463-84fd-4548-9e91-513ebe48d753,469de709-3edd-4ecf-b373-98a004b5f3ae,ADD_TO_CART,5.0,2026-08-07T15:52:01.560176
a22cc807-27ee-4670-82b3-5b50227fdbc4,fc58c463-84fd-4548-9e91-513ebe48d753,4049d501-b0c1-4269-9ebe-1b50c2150384,PURCHASE,10.0,2026-08-07T15:52:01.560176
d203bbfe-b452-4a48-988d-916a10c8d35f,fc58c463-84fd-4548-9e91-513ebe48d753,b99e1dae-48e4-4376-947d-936df1d7d3fd,PURCHASE,10.0,2026-08-09T14:52:01.560176
594d9b47-a6d1-4f5b-9229-76fc3e04c57a,fc58c463-84fd-4548-9e91-513ebe48d753,6fcc34f9-1490-4c70-ae89-f338a3157ec6,PURCHASE,10.0,2026-08-09T14:52:01.560176
b6c71957-0d78-462b-a97d-389bd71468c5,fc58c463-84fd-4548-9e91-513ebe48d753,6fcc34f9-1490-4c70-ae89-f338a3157ec6,ADD_TO_CART,5.0,2026-08-09T14:52:01.560176
75e9103a-e771-427d-a6b0-88da1799aa02,fc58c463-84fd-4548-9e91-513ebe48d753,4049d501-b0c1-4269-9ebe-1b50c2150384,PURCHASE,10.0,2026-08-09T14:52:01.560176
9ea4ee17-673f-4c5b-ac10-4b37e051b48b,fc58c463-84fd-4548-9e91-513ebe48d753,4049d501-b0c1-4269-9ebe-1b50c2150384,ADD_TO_CART,5.0,2026-08-09T14:52:01.560176
7b15e891-a05e-4b9d-b909-211761f888e2,fc58c463-84fd-4548-9e91-513ebe48d753,b99e1dae-48e4-4376-947d-936df1d7d3fd,PURCHASE,10.0,2026-08-15T17:52:01.560176
9ce8ea35-c46d-4f85-9309-866fda96988b,fc58c463-84fd-4548-9e91-513ebe48d753,b99e1dae-48e4-4376-947d-936df1d7d3fd,ADD_TO_CART,5.0,2026-08-15T17:52:01.560176
6339b4be-e745-4a4f-9c7c-a4324e75d454,fc58c463-84fd-4548-9e91-513ebe48d753,6fcc34f9-1490-4c70-ae89-f338a3157ec6,PURCHASE,10.0,2026-08-15T17:52:01.560176
73f9039c-eab2-4a88-95dd-d375dafac101,fc58c463-84fd-4548-9e91-513ebe48d753,4049d501-b0c1-4269-9ebe-1b50c2150384,PURCHASE,10.0,2026-08-15T17:52:01.560176
d90ac482-2072-44c6-bfd5-d551b45d6113,fc58c463-84fd-4548-9e91-513ebe48d753,5fd961c1-53ab-45a2-9703-0568fb7e8304,PURCHASE,10.0,2026-08-15T17:52:01.560176
9d5c62c6-97a5-4945-b4c4-a29bba96e994,fc58c463-84fd-4548-9e91-513ebe48d753,b99e1dae-48e4-4376-947d-936df1d7d3fd,PURCHASE,10.0,2026-08-29T14:52:01.560176
d2674496-9e2d-436d-9fd0-7d2f7ad469e2,fc58c463-84fd-4548-9e91-513ebe48d753,b99e1dae-48e4-4376-947d-936df1d7d3fd,ADD_TO_CART,5.0,2026-08-29T14:52:01.560176
77b39b47-6063-4123-b2fb-1d4fc2c58bd7,fc58c463-84fd-4548-9e91-513ebe48d753,4cc80ba9-1884-4b13-8df8-b093b3882660,PURCHASE,10.0,2026-08-29T14:52:01.560176
0f31d760-5f31-45ab-a931-8f53a43d1e73,fc58c463-84fd-4548-9e91-513ebe48d753,4cc80ba9-1884-4b13-8df8-b093b3882660,ADD_TO_CART,5.0,2026-08-29T14:52:01.560176
e9340915-cfa3-4efc-a06a-5dfdef42b1e6,fc58c463-84fd-4548-9e91-513ebe48d753,4049d501-b0c1-4269-9ebe-1b50c2150384,PURCHASE,10.0,2026-08-29T14:52:01.560176
b86bbafe-4e22-4d7f-82fa-1364b8c5dcf6,fc58c463-84fd-4548-9e91-513ebe48d753,c8ab7e01-9ce6-44bf-9bcc-a325e05802a4,PURCHASE,10.0,2026-09-02T13:52:01.560176
bf496bb8-1f05-4959-a689-d57050e66e41,fc58c463-84fd-4548-9e91-513ebe48d753,b99e1dae-48e4-4376-947d-936df1d7d3fd,PURCHASE,10.0,2026-09-02T13:52:01.560176
29cffa1f-2127-4ad3-9b68-f7cfdddf9d99,fc58c463-84fd-4548-9e91-513ebe48d753,6fcc34f9-1490-4c70-ae89-f338a3157ec6,PURCHASE,10.0,2026-09-02T13:52:01.560176
fd3566fa-5331-4d44-a3d1-2761f25bf9af,fc58c463-84fd-4548-9e91-513ebe48d753,6fcc34f9-1490-4c70-ae89-f338a3157ec6,ADD_TO_CART,5.0,2026-09-02T13:52:01.560176
95a135d0-4630-4cee-bf89-0850dec5b688,fc58c463-84fd-4548-9e91-513ebe48d753,2fd004c8-0a2f-4ef5-a7d2-64e91931e920,PURCHASE,10.0,2026-09-02T13:52:01.560176
e7088db9-173f-4b25-bb31-9254f2f03a52,fc58c463-84fd-4548-9e91-513ebe48d753,2fd004c8-0a2f-4ef5-a7d2-64e91931e920,ADD_TO_CART,5.0,2026-09-02T13:52:01.560176
bc46ea27-cb5c-4866-8b56-bd161863cce3,f4dee32c-e6d8-4c67-95a9-f63a4e41f5e8,f7bc89a4-3acf-4f49-af2d-c878fc6e6f45,PURCHASE,10.0,2026-08-13T21:52:01.560176
60b42c98-0c7e-4c38-8bea-37b5f037e18b,f4dee32c-e6d8-4c67-95a9-f63a4e41f5e8,f7bc89a4-3acf-4f49-af2d-c878fc6e6f45,ADD_TO_CART,5.0,2026-08-13T21:52:01.560176
d0874964-1280-46db-9824-b380846a8473,f4dee32c-e6d8-4c67-95a9-f63a4e41f5e8,a25999f5-62a0-4f6a-9365-8884d42cb059,PURCHASE,10.0,2026-08-13T21:52:01.560176
2c481b35-9772-4d73-99c6-151bb538be9a,f4dee32c-e6d8-4c67-95a9-f63a4e41f5e8,a25999f5-62a0-4f6a-9365-8884d42cb059,ADD_TO_CART,5.0,2026-08-13T21:52:01.560176
cea06cbe-e48d-4cd5-8163-a1c2e2b5743a,f4dee32c-e6d8-4c67-95a9-f63a4e41f5e8,15e9cdb5-ab3a-4a67-b1e4-e8a4e2469815,PURCHASE,10.0,2026-08-13T21:52:01.560176
19953d1c-4343-49b3-ab40-e4df0551410e,f4dee32c-e6d8-4c67-95a9-f63a4e41f5e8,15e9cdb5-ab3a-4a67-b1e4-e8a4e2469815,ADD_TO_CART,5.0,2026-08-13T21:52:01.560176
762a6ef7-5346-4c36-9f65-b858285871df,f4dee32c-e6d8-4c67-95a9-f63a4e41f5e8,1bb87e6c-1ef0-4ba0-9166-0a2eb7a7df7e,PURCHASE,10.0,2026-08-24T18:52:01.560176
46d4330c-b03d-489b-8d68-f74bced56185,f4dee32c-e6d8-4c67-95a9-f63a4e41f5e8,1bb87e6c-1ef0-4ba0-9166-0a2eb7a7df7e,ADD_TO_CART,5.0,2026-08-24T18:52:01.560176
26ff40a7-78e3-4826-91d5-84381582e81c,f4dee32c-e6d8-4c67-95a9-f63a4e41f5e8,3a552307-6f65-4c3a-a54d-d271c022e93b,PURCHASE,10.0,2026-08-24T18:52:01.560176
9462333d-c9aa-4b94-aeee-ced1f31a6524,f4dee32c-e6d8-4c67-95a9-f63a4e41f5e8,3a552307-6f65-4c3a-a54d-d271c022e93b,ADD_TO_CART,5.0,2026-08-24T18:52:01.560176
6caee4c0-475c-47dc-a6f0-70c6a2250070,f4dee32c-e6d8-4c67-95a9-f63a4e41f5e8,7e966e66-f79b-4e76-b29c-f497a16698ed,PURCHASE,10.0,2026-08-24T18:52:01.560176
a9bd8bf6-7625-4944-9402-0fb50858c0b5,f4dee32c-e6d8-4c67-95a9-f63a4e41f5e8,c550a097-fe9a-4708-a8de-917d87890596,PURCHASE,10.0,2026-08-24T18:52:01.560176
853612e2-799f-49e8-aaca-99e00fae7966,f4dee32c-e6d8-4c67-95a9-f63a4e41f5e8,c550a097-fe9a-4708-a8de-917d87890596,ADD_TO_CART,5.0,2026-08-24T18:52:01.560176
2359a68a-ddea-49f9-b174-f7339dc67965,f4dee32c-e6d8-4c67-95a9-f63a4e41f5e8,32fc637e-f9fe-4fc6-9e2a-675ee8c4feee,PURCHASE,10.0,2026-08-24T18:52:01.560176
5a3a3c05-3edd-4c31-862a-93471fb729d8,f4dee32c-e6d8-4c67-95a9-f63a4e41f5e8,04f54342-120a-43fa-9062-b8d0771ca8a7,PURCHASE,10.0,2026-08-25T19:52:01.560176
36a3336a-18d5-4874-a4c1-0ff174f98282,f4dee32c-e6d8-4c67-95a9-f63a4e41f5e8,aafb59e7-4643-44a7-be97-2be664e18e79,PURCHASE,10.0,2026-08-25T19:52:01.560176
2a147f06-28dd-439d-a057-f3dc401cd73f,f4dee32c-e6d8-4c67-95a9-f63a4e41f5e8,c1825c45-0d7b-4a7a-8dcb-9551977f9a86,PURCHASE,10.0,2026-08-25T19:52:01.560176
34a62d56-4bce-4bb2-a25f-ddad36811eb4,f4dee32c-e6d8-4c67-95a9-f63a4e41f5e8,c1825c45-0d7b-4a7a-8dcb-9551977f9a86,ADD_TO_CART,5.0,2026-08-25T19:52:01.560176
a3e919d2-ef60-4a8e-80c8-3fdd6dc08fa4,f4dee32c-e6d8-4c67-95a9-f63a4e41f5e8,c550a097-fe9a-4708-a8de-917d87890596,PURCHASE,10.0,2026-08-25T19:52:01.560176
c6ef3462-fc2a-4cf6-a24e-d56979f3343a,f4dee32c-e6d8-4c67-95a9-f63a4e41f5e8,9343e411-1342-4af6-b84c-49ab26ee23f0,PURCHASE,10.0,2026-08-25T19:52:01.560176
8061923f-e8e6-446e-8e87-08d254206f25,f4dee32c-e6d8-4c67-95a9-f63a4e41f5e8,8444f425-1ec2-4960-b214-3f36015984d2,PURCHASE,10.0,2026-08-25T19:52:01.560176
ec285016-2719-4d62-82fe-2f762034970c,f4dee32c-e6d8-4c67-95a9-f63a4e41f5e8,8444f425-1ec2-4960-b214-3f36015984d2,ADD_TO_CART,5.0,2026-08-25T19:52:01.560176
6fe0ed5a-0703-417c-b344-eef5ff701aa3,f4dee32c-e6d8-4c67-95a9-f63a4e41f5e8,1bb87e6c-1ef0-4ba0-9166-0a2eb7a7df7e,PURCHASE,10.0,2026-09-04T12:52:01.560176
122beb7e-bfb9-4352-8a7e-006b373273c4,f4dee32c-e6d8-4c67-95a9-f63a4e41f5e8,b99e1dae-48e4-4376-947d-936df1d7d3fd,PURCHASE,10.0,2026-09-04T12:52:01.560176
9d8562d2-df09-4de2-a591-4b2ccf0ab601,f4dee32c-e6d8-4c67-95a9-f63a4e41f5e8,b99e1dae-48e4-4376-947d-936df1d7d3fd,ADD_TO_CART,5.0,2026-09-04T12:52:01.560176
756bee67-9166-4679-93b0-daa1f1ea0aa7,f4dee32c-e6d8-4c67-95a9-f63a4e41f5e8,15e9cdb5-ab3a-4a67-b1e4-e8a4e2469815,PURCHASE,10.0,2026-09-04T12:52:01.560176
4c9a9561-afca-4d2d-94fc-11181161b765,fc932934-07d4-4feb-bf60-af1355a4a785,d37292d7-762b-47aa-a24a-518beba4bb0b,PURCHASE,10.0,2026-08-15T19:52:01.560176
c5d9ff99-f190-4296-807b-e433e6704ab1,fc932934-07d4-4feb-bf60-af1355a4a785,aae46e83-5eca-4bae-83be-d1af00c5cdc0,PURCHASE,10.0,2026-08-15T19:52:01.560176
e691e59b-224d-462c-8a6a-df0302c3e749,fc932934-07d4-4feb-bf60-af1355a4a785,48c05eff-6a2c-4517-9f87-23a6d289b906,PURCHASE,10.0,2026-08-15T19:52:01.560176
fbe8b7af-f287-4a1c-a8dc-2e8faf2b37ba,fc932934-07d4-4feb-bf60-af1355a4a785,48c05eff-6a2c-4517-9f87-23a6d289b906,ADD_TO_CART,5.0,2026-08-15T19:52:01.560176
c5f818b2-2ad0-4ac6-9f2a-c886de386fab,fc932934-07d4-4feb-bf60-af1355a4a785,6fcc34f9-1490-4c70-ae89-f338a3157ec6,PURCHASE,10.0,2026-08-15T19:52:01.560176
de61e786-6821-40cc-9874-22c5abeef781,fc932934-07d4-4feb-bf60-af1355a4a785,5047cd9e-3e7c-4353-9a40-985fe62f9d23,PURCHASE,10.0,2026-08-15T19:52:01.560176
f1633896-4bf3-482e-aa52-bc7e4f2cafd7,fc932934-07d4-4feb-bf60-af1355a4a785,5047cd9e-3e7c-4353-9a40-985fe62f9d23,ADD_TO_CART,5.0,2026-08-15T19:52:01.560176
b1d13653-f8ff-4c29-81cd-b43ab9198fbc,fc932934-07d4-4feb-bf60-af1355a4a785,d37292d7-762b-47aa-a24a-518beba4bb0b,PURCHASE,10.0,2026-08-24T17:52:01.560176
6fe326eb-1919-4c3b-b99b-b544731376b2,fc932934-07d4-4feb-bf60-af1355a4a785,d37292d7-762b-47aa-a24a-518beba4bb0b,ADD_TO_CART,5.0,2026-08-24T17:52:01.560176
acd272f4-ad7f-46db-8e1f-4e28bd3b7eec,fc932934-07d4-4feb-bf60-af1355a4a785,aae46e83-5eca-4bae-83be-d1af00c5cdc0,PURCHASE,10.0,2026-08-24T17:52:01.560176
e7846ddf-0286-4c08-84dc-5d4f951819ba,fc932934-07d4-4feb-bf60-af1355a4a785,e8e1f6be-df4b-472a-b946-31dfbfb43dd2,PURCHASE,10.0,2026-08-24T17:52:01.560176
967fbee9-e683-411b-8167-2132adabb84c,fc932934-07d4-4feb-bf60-af1355a4a785,a9adc9d0-b23e-4e5d-be77-825b68788f9f,PURCHASE,10.0,2026-08-24T17:52:01.560176
c3015098-add8-49df-bf52-ad6a8c49795e,fc932934-07d4-4feb-bf60-af1355a4a785,5047cd9e-3e7c-4353-9a40-985fe62f9d23,PURCHASE,10.0,2026-08-24T17:52:01.560176
0abe33db-d388-46f9-9d1c-a7432d5479f6,fc932934-07d4-4feb-bf60-af1355a4a785,5047cd9e-3e7c-4353-9a40-985fe62f9d23,ADD_TO_CART,5.0,2026-08-24T17:52:01.560176
fb808ef3-20b5-4a5d-8ac0-210675d4eef1,fc932934-07d4-4feb-bf60-af1355a4a785,d37292d7-762b-47aa-a24a-518beba4bb0b,PURCHASE,10.0,2026-08-31T13:52:01.560176
ced625de-e5e6-4b7d-9e04-bdf9416d0e01,fc932934-07d4-4feb-bf60-af1355a4a785,d37292d7-762b-47aa-a24a-518beba4bb0b,ADD_TO_CART,5.0,2026-08-31T13:52:01.560176
a361f9e4-981a-4d71-9c0f-57890e6c2c1b,fc932934-07d4-4feb-bf60-af1355a4a785,3a552307-6f65-4c3a-a54d-d271c022e93b,PURCHASE,10.0,2026-08-31T13:52:01.560176
17891e40-c12a-4c58-8a47-0b6215f7275a,fc932934-07d4-4feb-bf60-af1355a4a785,3a552307-6f65-4c3a-a54d-d271c022e93b,ADD_TO_CART,5.0,2026-08-31T13:52:01.560176
337fcc89-b7ea-4896-bdb8-187995954866,fc932934-07d4-4feb-bf60-af1355a4a785,90d08764-413b-4792-ac7f-41915db7fab3,PURCHASE,10.0,2026-08-31T13:52:01.560176
dbf9e8cc-2a2c-4fbc-a2e2-fb122b055c80,fc932934-07d4-4feb-bf60-af1355a4a785,90d08764-413b-4792-ac7f-41915db7fab3,ADD_TO_CART,5.0,2026-08-31T13:52:01.560176
95caafd4-d942-4dc4-b88e-c77a1e0138db,fc932934-07d4-4feb-bf60-af1355a4a785,a9adc9d0-b23e-4e5d-be77-825b68788f9f,PURCHASE,10.0,2026-08-31T13:52:01.560176
1215a638-f0fa-4c68-9ad6-0cc3adcff66f,fc932934-07d4-4feb-bf60-af1355a4a785,a9adc9d0-b23e-4e5d-be77-825b68788f9f,ADD_TO_CART,5.0,2026-08-31T13:52:01.560176
e2642360-264c-4f8c-b532-408c950413d0,fc932934-07d4-4feb-bf60-af1355a4a785,bc471493-c860-41fb-9447-d722e0748c36,PURCHASE,10.0,2026-08-31T13:52:01.560176
b77f5eda-77b4-4016-91c4-bd090783e866,fc932934-07d4-4feb-bf60-af1355a4a785,bc471493-c860-41fb-9447-d722e0748c36,ADD_TO_CART,5.0,2026-08-31T13:52:01.560176
9958f6de-51ba-4c6c-94b4-72f74a5bfc30,fc932934-07d4-4feb-bf60-af1355a4a785,3917a229-00ce-4f07-ab63-a7dfc2cd82df,PURCHASE,10.0,2026-09-07T15:52:01.560176
3c0187e1-7673-42df-8a70-ac7118697ec5,fc932934-07d4-4feb-bf60-af1355a4a785,4cc80ba9-1884-4b13-8df8-b093b3882660,PURCHASE,10.0,2026-09-07T15:52:01.560176
4164405a-425f-4094-8ecd-fcb3a82eca9c,fc932934-07d4-4feb-bf60-af1355a4a785,a0b08496-a82f-4cd0-be10-3ab342d8be86,PURCHASE,10.0,2026-09-07T15:52:01.560176
b4d90f72-d29f-4202-a71a-97b6eb530134,fc932934-07d4-4feb-bf60-af1355a4a785,e83f625e-4033-46b8-b595-e7f5d55bab20,PURCHASE,10.0,2026-09-07T15:52:01.560176
19ae31d0-540b-43e3-8ce9-8bd19b670b7c,f308caa4-09a7-467f-8beb-1b6ccce38d25,c8ab7e01-9ce6-44bf-9bcc-a325e05802a4,PURCHASE,10.0,2026-08-16T20:52:01.564704
6e873450-031e-403d-9719-98e5a6b0d692,f308caa4-09a7-467f-8beb-1b6ccce38d25,c8ab7e01-9ce6-44bf-9bcc-a325e05802a4,ADD_TO_CART,5.0,2026-08-16T20:52:01.564704
cea89a71-2ac4-4084-9323-88af1b9659c0,f308caa4-09a7-467f-8beb-1b6ccce38d25,9d200418-2fc9-4275-afd3-387660366ffb,PURCHASE,10.0,2026-08-16T20:52:01.564704
5d976821-733c-4990-ba7d-9e9c0b19a0cb,f308caa4-09a7-467f-8beb-1b6ccce38d25,9d200418-2fc9-4275-afd3-387660366ffb,ADD_TO_CART,5.0,2026-08-16T20:52:01.564704
e589d1be-0c58-465a-a497-1a5568cdef7f,f308caa4-09a7-467f-8beb-1b6ccce38d25,cb60bbbe-2069-47d8-b5e7-b3ea327f47f8,PURCHASE,10.0,2026-08-16T20:52:01.564704
fde7bf8d-5281-45fc-b8ef-4e4bba5e5993,f308caa4-09a7-467f-8beb-1b6ccce38d25,8696709d-bada-4123-9d4e-f480eb6d6980,PURCHASE,10.0,2026-08-16T20:52:01.564704
995e1474-bc28-4fe5-97d9-1add422728bc,f308caa4-09a7-467f-8beb-1b6ccce38d25,16d265ed-77a0-4a24-afb5-719cba043ada,PURCHASE,10.0,2026-08-19T14:52:01.564704
eb58a94b-c6e2-4625-9217-7469db99897f,f308caa4-09a7-467f-8beb-1b6ccce38d25,29678b9f-85cc-4478-80dd-b15bfdc3fc2f,PURCHASE,10.0,2026-08-19T14:52:01.564704
18ada3ab-5a37-47a4-83f1-9af084bf72d7,f308caa4-09a7-467f-8beb-1b6ccce38d25,795061e1-6f7c-4d90-a042-3f0f8849e2dd,PURCHASE,10.0,2026-08-19T14:52:01.564704
a3624a08-cd2e-40b4-903a-d2e207be1b9c,f308caa4-09a7-467f-8beb-1b6ccce38d25,53375854-801f-4fc4-9bca-a764bf6963fe,PURCHASE,10.0,2026-08-28T12:52:01.564704
33ea156d-cdf9-4c54-a4e6-ebc8bcce5f15,f308caa4-09a7-467f-8beb-1b6ccce38d25,1a485340-f614-4da7-9953-4cbb2f709dc6,PURCHASE,10.0,2026-08-28T12:52:01.564704
4437c60e-8cd8-44df-9d6e-0841e6e328d3,f308caa4-09a7-467f-8beb-1b6ccce38d25,e619e35d-2c6a-45f8-9a96-6516579ff2ef,PURCHASE,10.0,2026-08-28T12:52:01.564704
89b3b90c-3684-4b91-bc70-5579d8e19c2b,f308caa4-09a7-467f-8beb-1b6ccce38d25,e619e35d-2c6a-45f8-9a96-6516579ff2ef,ADD_TO_CART,5.0,2026-08-28T12:52:01.564704
4fbcff69-1640-49f6-843a-7aefe30a05bf,f308caa4-09a7-467f-8beb-1b6ccce38d25,4049d501-b0c1-4269-9ebe-1b50c2150384,PURCHASE,10.0,2026-09-05T21:52:01.564704
ca7bbaa1-31f4-49ec-b368-3672bc283330,f308caa4-09a7-467f-8beb-1b6ccce38d25,93e9ec1b-13b4-4518-96f2-a58b6118ade4,PURCHASE,10.0,2026-09-05T21:52:01.564704
f91803ed-e31e-484f-9a82-462444cccd0c,f308caa4-09a7-467f-8beb-1b6ccce38d25,93e9ec1b-13b4-4518-96f2-a58b6118ade4,ADD_TO_CART,5.0,2026-09-05T21:52:01.564704
872ff0a3-b567-42db-b7da-937a69e37b0d,f308caa4-09a7-467f-8beb-1b6ccce38d25,795061e1-6f7c-4d90-a042-3f0f8849e2dd,PURCHASE,10.0,2026-09-05T21:52:01.564704
e2d6073e-f04b-478b-bb7e-33c15c3c2354,f308caa4-09a7-467f-8beb-1b6ccce38d25,795061e1-6f7c-4d90-a042-3f0f8849e2dd,ADD_TO_CART,5.0,2026-09-05T21:52:01.564704
ab0f6f8d-609b-4364-a8c9-ccc8adbe1482,06cbec87-9334-4ba7-98dd-3153ec769b66,f7bc89a4-3acf-4f49-af2d-c878fc6e6f45,PURCHASE,10.0,2026-07-25T13:52:01.564704
356954a4-3d0d-4c42-a0a5-5d75fabfb68a,06cbec87-9334-4ba7-98dd-3153ec769b66,ada3490e-9d0d-41c5-b8f6-ee36f232a592,PURCHASE,10.0,2026-07-25T13:52:01.564704
7050a2da-73a6-4d09-bd09-aa9d4873d878,06cbec87-9334-4ba7-98dd-3153ec769b66,0031e56a-e740-4991-af49-d3cac14a83eb,PURCHASE,10.0,2026-07-25T13:52:01.564704
e55dcc50-159c-4185-a4e0-bd2a0e1e2b2f,06cbec87-9334-4ba7-98dd-3153ec769b66,9e466ab4-0753-45f0-b24d-06ca63637b2d,PURCHASE,10.0,2026-08-12T19:52:01.565223
5f99f392-ae58-443e-bb32-2f72f096c81b,06cbec87-9334-4ba7-98dd-3153ec769b66,c72fff1a-1cca-48c8-8569-0e230d5647fd,PURCHASE,10.0,2026-08-12T19:52:01.565223
c64e9d8c-d0b7-4c53-8098-328e55539008,06cbec87-9334-4ba7-98dd-3153ec769b66,c72fff1a-1cca-48c8-8569-0e230d5647fd,ADD_TO_CART,5.0,2026-08-12T19:52:01.565223
d3df6117-5073-45db-9cbf-f845492a1cdd,06cbec87-9334-4ba7-98dd-3153ec769b66,6fcc34f9-1490-4c70-ae89-f338a3157ec6,PURCHASE,10.0,2026-08-12T19:52:01.565223
23243136-41e6-48da-8059-14a9722453b3,06cbec87-9334-4ba7-98dd-3153ec769b66,6fcc34f9-1490-4c70-ae89-f338a3157ec6,ADD_TO_CART,5.0,2026-08-12T19:52:01.565223
bfd25035-46dd-47c7-9320-6f448483453a,06cbec87-9334-4ba7-98dd-3153ec769b66,52f59e14-39fc-4311-9763-412f0916662a,PURCHASE,10.0,2026-08-12T19:52:01.565223
d4535e81-880c-44a3-8126-90c84009ac5e,06cbec87-9334-4ba7-98dd-3153ec769b66,52f59e14-39fc-4311-9763-412f0916662a,ADD_TO_CART,5.0,2026-08-12T19:52:01.565223
fb6d665f-f837-4fc6-b92d-39f973a9b0ab,06cbec87-9334-4ba7-98dd-3153ec769b66,5b8c6336-1da2-4e93-a5fb-3781c59c29bb,PURCHASE,10.0,2026-08-16T14:52:01.565223
a8360e78-1649-4885-8356-7435d057114e,06cbec87-9334-4ba7-98dd-3153ec769b66,3917a229-00ce-4f07-ab63-a7dfc2cd82df,PURCHASE,10.0,2026-08-16T14:52:01.565223
93d52e54-d1d8-4956-bf0d-fd2caf5e52d0,06cbec87-9334-4ba7-98dd-3153ec769b66,3917a229-00ce-4f07-ab63-a7dfc2cd82df,ADD_TO_CART,5.0,2026-08-16T14:52:01.565223
92d6b400-da1e-4308-9214-2b43361d7be9,06cbec87-9334-4ba7-98dd-3153ec769b66,8925d13b-14fa-4779-863a-25811e076e6a,PURCHASE,10.0,2026-08-16T14:52:01.565223
c2b83248-8df2-4e13-9d58-fbcdcf565b9b,06cbec87-9334-4ba7-98dd-3153ec769b66,9e466ab4-0753-45f0-b24d-06ca63637b2d,PURCHASE,10.0,2026-08-21T15:52:01.565223
333c9dc4-9d26-4964-b836-397649b98359,06cbec87-9334-4ba7-98dd-3153ec769b66,9e466ab4-0753-45f0-b24d-06ca63637b2d,ADD_TO_CART,5.0,2026-08-21T15:52:01.565223
d19b636c-579b-4093-bcc4-4cc7a810ddd3,06cbec87-9334-4ba7-98dd-3153ec769b66,fb7ed45f-6d64-4e3f-bff3-3449c34f1179,PURCHASE,10.0,2026-08-21T15:52:01.565223
74d19a66-6883-4322-86c2-520abf6b5622,06cbec87-9334-4ba7-98dd-3153ec769b66,0f8ffc1d-42dd-4b60-a223-644c0eb7d1c4,PURCHASE,10.0,2026-08-21T15:52:01.565223
2e9ad75a-5c96-45e7-82d4-ae19b743b2f2,06cbec87-9334-4ba7-98dd-3153ec769b66,0f8ffc1d-42dd-4b60-a223-644c0eb7d1c4,ADD_TO_CART,5.0,2026-08-21T15:52:01.565223
070249b7-2c0f-42f4-91d7-041742fad20a,06cbec87-9334-4ba7-98dd-3153ec769b66,f44d292e-2536-44e1-8fc6-4f01e4c1a342,PURCHASE,10.0,2026-08-21T15:52:01.565223
adcdd8df-e302-4b4e-a7b0-bf290feabc7d,06cbec87-9334-4ba7-98dd-3153ec769b66,f44d292e-2536-44e1-8fc6-4f01e4c1a342,ADD_TO_CART,5.0,2026-08-21T15:52:01.565223
3c0d4d59-d9fb-46da-8828-45786f72c8b1,06cbec87-9334-4ba7-98dd-3153ec769b66,9e466ab4-0753-45f0-b24d-06ca63637b2d,PURCHASE,10.0,2026-09-01T21:52:01.565223
dd66508b-e940-4599-8b59-791633216c83,06cbec87-9334-4ba7-98dd-3153ec769b66,c72fff1a-1cca-48c8-8569-0e230d5647fd,PURCHASE,10.0,2026-09-01T21:52:01.565223
ba1e33cc-5009-417f-a620-782525fc83ea,06cbec87-9334-4ba7-98dd-3153ec769b66,c72fff1a-1cca-48c8-8569-0e230d5647fd,ADD_TO_CART,5.0,2026-09-01T21:52:01.565223
c30c78c7-bfc4-4511-8c10-4e92ba6ad2e8,06cbec87-9334-4ba7-98dd-3153ec769b66,5c70169d-eaed-4e4c-a326-52c3e7c96dac,PURCHASE,10.0,2026-09-01T21:52:01.565223
cb1546d3-7f05-40b5-8254-d3570cc6a098,06cbec87-9334-4ba7-98dd-3153ec769b66,5c70169d-eaed-4e4c-a326-52c3e7c96dac,ADD_TO_CART,5.0,2026-09-01T21:52:01.565223
9966ef48-d959-4405-b5be-7e2b88fbf776,06cbec87-9334-4ba7-98dd-3153ec769b66,9e466ab4-0753-45f0-b24d-06ca63637b2d,PURCHASE,10.0,2026-09-04T19:52:01.565223
5d5ac3ad-aa59-4b58-99fb-b5f062818489,06cbec87-9334-4ba7-98dd-3153ec769b66,9e466ab4-0753-45f0-b24d-06ca63637b2d,ADD_TO_CART,5.0,2026-09-04T19:52:01.565223
22d59c24-0d96-47a7-a872-a862bbcc1d00,06cbec87-9334-4ba7-98dd-3153ec769b66,c72fff1a-1cca-48c8-8569-0e230d5647fd,PURCHASE,10.0,2026-09-04T19:52:01.565223
fca88e6c-f08f-407f-9b80-0aac3b35a44b,06cbec87-9334-4ba7-98dd-3153ec769b66,a9adc9d0-b23e-4e5d-be77-825b68788f9f,PURCHASE,10.0,2026-09-04T19:52:01.565223
c3e728a0-7808-4f16-baa5-01dbe7099ae7,06cbec87-9334-4ba7-98dd-3153ec769b66,a9adc9d0-b23e-4e5d-be77-825b68788f9f,ADD_TO_CART,5.0,2026-09-04T19:52:01.565223
f9c54cef-9218-4013-9fd3-11b27183b645,6b34b498-54a0-4051-903e-b9197aa9de94,73697b54-c6e2-44c9-8814-663dd2d9dba7,PURCHASE,10.0,2026-08-12T21:52:01.565223
be81c729-5cde-410d-b271-fe3b8da3a8cd,6b34b498-54a0-4051-903e-b9197aa9de94,73697b54-c6e2-44c9-8814-663dd2d9dba7,ADD_TO_CART,5.0,2026-08-12T21:52:01.565223
6b210aca-417a-4a58-ac1a-fcd2aa28bb46,6b34b498-54a0-4051-903e-b9197aa9de94,5dab8803-0ab8-4447-a6f6-08365aa53ddb,PURCHASE,10.0,2026-08-12T21:52:01.565223
b9a868da-39eb-4c88-9ed3-68383b58ddb6,6b34b498-54a0-4051-903e-b9197aa9de94,7869a02c-ef9c-4865-b4e9-b8e9c7d06af4,PURCHASE,10.0,2026-08-12T21:52:01.565223
716fa3cb-5398-4644-a99f-6ae635abbcbc,6b34b498-54a0-4051-903e-b9197aa9de94,019151cf-91d6-487b-a2fe-afcd1bc9cd70,PURCHASE,10.0,2026-08-12T21:52:01.565223
59b63d39-1fca-4e2c-a835-3a01ea0d01ae,6b34b498-54a0-4051-903e-b9197aa9de94,73697b54-c6e2-44c9-8814-663dd2d9dba7,PURCHASE,10.0,2026-08-17T13:52:01.566181
ed571ab0-031e-4eb9-b3b9-72b493ed02c0,6b34b498-54a0-4051-903e-b9197aa9de94,73697b54-c6e2-44c9-8814-663dd2d9dba7,ADD_TO_CART,5.0,2026-08-17T13:52:01.566181
985bbb94-53ec-4ee1-9277-48aee8826e7c,6b34b498-54a0-4051-903e-b9197aa9de94,5f90699e-3465-4122-9081-7f2f754993e4,PURCHASE,10.0,2026-08-17T13:52:01.566181
67fd7a9b-0292-494b-aa7f-5f884a60783d,6b34b498-54a0-4051-903e-b9197aa9de94,276a8aee-f723-43f4-91c4-12ca00eebe1c,PURCHASE,10.0,2026-08-17T13:52:01.566181
5dba1a02-8175-485e-bfca-6e54941ff3cb,6b34b498-54a0-4051-903e-b9197aa9de94,9c21e0d1-367d-46e5-8ddf-c5c2e66c5178,PURCHASE,10.0,2026-08-17T13:52:01.566181
35f39f35-20d3-4577-84f9-55fa964bf062,6b34b498-54a0-4051-903e-b9197aa9de94,73697b54-c6e2-44c9-8814-663dd2d9dba7,PURCHASE,10.0,2026-08-30T19:52:01.566181
212919d6-ece0-4ad2-b675-21eedf89b276,6b34b498-54a0-4051-903e-b9197aa9de94,f001e0a4-8020-4880-8626-0a0c1e822852,PURCHASE,10.0,2026-08-30T19:52:01.566181
f5c0b248-188a-4a7e-81f2-d40611558a4a,6b34b498-54a0-4051-903e-b9197aa9de94,0235d250-aa7c-4dfb-b553-44b4676cb0a9,PURCHASE,10.0,2026-08-30T19:52:01.566181
4e27c18e-09e1-4cd5-bd11-3542796f516c,6b34b498-54a0-4051-903e-b9197aa9de94,ca262023-1ba4-4c5c-b26f-043d23841ff1,PURCHASE,10.0,2026-08-30T19:52:01.566181
bac6b7be-c22c-4e1c-9c32-a1f6e1739fd3,6b34b498-54a0-4051-903e-b9197aa9de94,ca262023-1ba4-4c5c-b26f-043d23841ff1,ADD_TO_CART,5.0,2026-08-30T19:52:01.566181
9561c64c-c673-48c8-9b32-a748cb5717c8,6b34b498-54a0-4051-903e-b9197aa9de94,52f59e14-39fc-4311-9763-412f0916662a,PURCHASE,10.0,2026-08-30T19:52:01.566181
8810f340-b9ac-4e5c-a45c-438743dbaf71,6b34b498-54a0-4051-903e-b9197aa9de94,52f59e14-39fc-4311-9763-412f0916662a,ADD_TO_CART,5.0,2026-08-30T19:52:01.566181
e1f44dcc-356c-43ee-8a1a-33919b20d96f,6b34b498-54a0-4051-903e-b9197aa9de94,7e966e66-f79b-4e76-b29c-f497a16698ed,PURCHASE,10.0,2026-08-27T19:52:01.566181
a6fc9b6d-757a-4f9a-a3c9-61181bb04a44,6b34b498-54a0-4051-903e-b9197aa9de94,7e966e66-f79b-4e76-b29c-f497a16698ed,ADD_TO_CART,5.0,2026-08-27T19:52:01.566181
b5fa817f-ae44-493b-86f6-dd5fc24f054f,6b34b498-54a0-4051-903e-b9197aa9de94,037383ef-6b0c-4d21-91c9-e5c324305667,PURCHASE,10.0,2026-08-27T19:52:01.566181
c4b7f48e-a625-4b33-a6e4-12a8c5f81797,6b34b498-54a0-4051-903e-b9197aa9de94,0235d250-aa7c-4dfb-b553-44b4676cb0a9,PURCHASE,10.0,2026-08-27T19:52:01.566181
0b620c6a-3100-492d-94c8-4734192a0a90,6b34b498-54a0-4051-903e-b9197aa9de94,749c4ddf-974f-4931-a100-4225142185fc,PURCHASE,10.0,2026-08-27T19:52:01.566181
b90288f8-ea0a-41eb-b176-01c8a6f3097a,6b34b498-54a0-4051-903e-b9197aa9de94,6e1f18a9-7abb-46a0-81bd-8f86711777f3,PURCHASE,10.0,2026-09-05T13:52:01.566181
b2833041-1388-42cd-95e2-713c5041ebb6,6b34b498-54a0-4051-903e-b9197aa9de94,a25999f5-62a0-4f6a-9365-8884d42cb059,PURCHASE,10.0,2026-09-05T13:52:01.566181
1dfcb5f5-7fdd-4424-85d9-426a10816a94,6b34b498-54a0-4051-903e-b9197aa9de94,028a6f74-cbb2-4589-8fa2-ca3fba159ad4,PURCHASE,10.0,2026-09-05T13:52:01.566181
114279eb-31e8-4e03-8445-eb4d5c6f613b,6b34b498-54a0-4051-903e-b9197aa9de94,028a6f74-cbb2-4589-8fa2-ca3fba159ad4,ADD_TO_CART,5.0,2026-09-05T13:52:01.566181
07b4196f-2e55-43de-adee-033a0db2f392,6b34b498-54a0-4051-903e-b9197aa9de94,369b36dc-5a7f-4661-b814-c9329f431123,PURCHASE,10.0,2026-09-05T13:52:01.566181
6784c02a-370b-4d8a-9518-67b1c3db5ebb,6b34b498-54a0-4051-903e-b9197aa9de94,369b36dc-5a7f-4661-b814-c9329f431123,ADD_TO_CART,5.0,2026-09-05T13:52:01.566181
804a696f-1b56-40e7-b39c-839f1c965406,bcfcf609-ddfe-447a-98fc-c66e9233f0b4,9e466ab4-0753-45f0-b24d-06ca63637b2d,PURCHASE,10.0,2026-08-23T12:52:01.566181
68f5b8b7-3ce5-453d-a009-3527646a7dec,bcfcf609-ddfe-447a-98fc-c66e9233f0b4,9e466ab4-0753-45f0-b24d-06ca63637b2d,ADD_TO_CART,5.0,2026-08-23T12:52:01.566181
b7e50682-c681-426d-9c1e-70544376b999,bcfcf609-ddfe-447a-98fc-c66e9233f0b4,ada3490e-9d0d-41c5-b8f6-ee36f232a592,PURCHASE,10.0,2026-08-23T12:52:01.566181
d94debe6-6fef-4179-a5e1-94f7737c9e44,bcfcf609-ddfe-447a-98fc-c66e9233f0b4,ce228021-e222-4cb4-afed-b4079dd03dde,PURCHASE,10.0,2026-08-23T12:52:01.566181
000e42d9-6fc8-44a3-b0a6-e5fb6983aaeb,bcfcf609-ddfe-447a-98fc-c66e9233f0b4,ce228021-e222-4cb4-afed-b4079dd03dde,ADD_TO_CART,5.0,2026-08-23T12:52:01.566181
b99db38e-78e5-4631-b0db-eb9978742101,bcfcf609-ddfe-447a-98fc-c66e9233f0b4,9e466ab4-0753-45f0-b24d-06ca63637b2d,PURCHASE,10.0,2026-08-29T12:52:01.566181
40b2964f-d163-4f1a-855d-58af44990149,bcfcf609-ddfe-447a-98fc-c66e9233f0b4,9e466ab4-0753-45f0-b24d-06ca63637b2d,ADD_TO_CART,5.0,2026-08-29T12:52:01.566181
5fd2ab07-20bc-48ba-a53e-b1846c5e5d04,bcfcf609-ddfe-447a-98fc-c66e9233f0b4,ada3490e-9d0d-41c5-b8f6-ee36f232a592,PURCHASE,10.0,2026-08-29T12:52:01.566181
0d0d37dc-251d-4fb9-88d4-79062d644639,bcfcf609-ddfe-447a-98fc-c66e9233f0b4,ada3490e-9d0d-41c5-b8f6-ee36f232a592,ADD_TO_CART,5.0,2026-08-29T12:52:01.566181
28262d65-883e-4099-98f9-80a8f77cefe6,bcfcf609-ddfe-447a-98fc-c66e9233f0b4,2cc864b2-ffcd-4cd9-96ea-35cc70b7f01e,PURCHASE,10.0,2026-08-29T12:52:01.566181
aadddfad-4cc1-4152-8bf6-658dc6114d4b,bcfcf609-ddfe-447a-98fc-c66e9233f0b4,2cc864b2-ffcd-4cd9-96ea-35cc70b7f01e,ADD_TO_CART,5.0,2026-08-29T12:52:01.566181
20a166d3-178b-4de8-91e2-a700667b3265,bcfcf609-ddfe-447a-98fc-c66e9233f0b4,f2c3bde4-f1f1-484c-ab9a-cc85dfc19c06,PURCHASE,10.0,2026-08-30T14:52:01.566181
a5a6978d-60d9-4c24-bfe7-e8892f9dd91b,bcfcf609-ddfe-447a-98fc-c66e9233f0b4,0f8ffc1d-42dd-4b60-a223-644c0eb7d1c4,PURCHASE,10.0,2026-08-30T14:52:01.566181
2a68d21e-4b9f-450d-af8a-ebeaed531b58,bcfcf609-ddfe-447a-98fc-c66e9233f0b4,0f8ffc1d-42dd-4b60-a223-644c0eb7d1c4,ADD_TO_CART,5.0,2026-08-30T14:52:01.566181
e9ddec00-cf5f-4bf1-a580-81145f6a1398,bcfcf609-ddfe-447a-98fc-c66e9233f0b4,6dfa977d-ac40-4b0c-9944-77f5fc5892c4,PURCHASE,10.0,2026-08-30T14:52:01.566181
810a4c62-337e-4b78-8adc-03d0652b22b9,bcfcf609-ddfe-447a-98fc-c66e9233f0b4,6dfa977d-ac40-4b0c-9944-77f5fc5892c4,ADD_TO_CART,5.0,2026-08-30T14:52:01.566181
42b7d994-7805-4697-96ad-737c3a0231bb,bcfcf609-ddfe-447a-98fc-c66e9233f0b4,9e466ab4-0753-45f0-b24d-06ca63637b2d,PURCHASE,10.0,2026-09-06T17:52:01.566181
0e76df9e-94a7-431f-93db-becdbde4a0a5,bcfcf609-ddfe-447a-98fc-c66e9233f0b4,0921c244-e74f-43b4-b909-08651f21641e,PURCHASE,10.0,2026-09-06T17:52:01.566181
34214a5e-def9-4b01-9b34-d0b72b7fb1a9,bcfcf609-ddfe-447a-98fc-c66e9233f0b4,0921c244-e74f-43b4-b909-08651f21641e,ADD_TO_CART,5.0,2026-09-06T17:52:01.566181
b019f81a-280e-4d3d-9648-8b8dc255f850,bcfcf609-ddfe-447a-98fc-c66e9233f0b4,30e24fd5-2a5d-495d-a6d4-5b181b73efb0,PURCHASE,10.0,2026-09-06T17:52:01.566181
097767bf-b761-44d2-882b-c09507700b3c,98306353-57df-4dac-89d8-6435f4d3fb6a,5b8c6336-1da2-4e93-a5fb-3781c59c29bb,PURCHASE,10.0,2026-08-28T19:52:01.566181
a5c5b3e0-eadd-4b04-b90a-343ab8ebd16c,98306353-57df-4dac-89d8-6435f4d3fb6a,fb7ed45f-6d64-4e3f-bff3-3449c34f1179,PURCHASE,10.0,2026-08-28T19:52:01.566181
b212b205-ea8d-4ee8-a71c-7581a38709d4,98306353-57df-4dac-89d8-6435f4d3fb6a,fb7ed45f-6d64-4e3f-bff3-3449c34f1179,ADD_TO_CART,5.0,2026-08-28T19:52:01.566181
0a921d58-d524-48f6-8ce2-09b931671049,98306353-57df-4dac-89d8-6435f4d3fb6a,58ea5898-e09c-4e6b-81bf-211261419595,PURCHASE,10.0,2026-08-28T19:52:01.566181
16ce548c-9aa4-418f-97d4-3a3c1a8a3037,98306353-57df-4dac-89d8-6435f4d3fb6a,58ea5898-e09c-4e6b-81bf-211261419595,ADD_TO_CART,5.0,2026-08-28T19:52:01.566181
75a99cbb-4075-4dc0-b647-fda90413e3cd,98306353-57df-4dac-89d8-6435f4d3fb6a,1b3c4a8b-db3c-47a0-bf6c-b07e358e035a,PURCHASE,10.0,2026-08-28T19:52:01.566181
fd40cc60-e064-4079-af91-9ffaf5be71bb,98306353-57df-4dac-89d8-6435f4d3fb6a,1b3c4a8b-db3c-47a0-bf6c-b07e358e035a,ADD_TO_CART,5.0,2026-08-28T19:52:01.566181
bc1b1376-8ea3-4e67-9cde-cf8a4560364e,98306353-57df-4dac-89d8-6435f4d3fb6a,48c05eff-6a2c-4517-9f87-23a6d289b906,PURCHASE,10.0,2026-08-31T14:52:01.566181
f460a653-2208-4fea-98a6-4c5dd70429ed,98306353-57df-4dac-89d8-6435f4d3fb6a,93e72030-6ff8-43c4-8fed-6ec2084ee35e,PURCHASE,10.0,2026-08-31T14:52:01.566181
9555ebb0-d0a5-4312-ac77-f507c7741faa,98306353-57df-4dac-89d8-6435f4d3fb6a,4cc80ba9-1884-4b13-8df8-b093b3882660,PURCHASE,10.0,2026-08-31T14:52:01.566181
aa785b29-9bbf-461b-a48a-2b28a07332ea,98306353-57df-4dac-89d8-6435f4d3fb6a,4cc80ba9-1884-4b13-8df8-b093b3882660,ADD_TO_CART,5.0,2026-08-31T14:52:01.566181
25c3950e-0416-4b65-91aa-bc9c2ff434e2,98306353-57df-4dac-89d8-6435f4d3fb6a,2105ba41-5cbc-4ba1-adaa-de4dc098d831,PURCHASE,10.0,2026-08-31T14:52:01.566181
cefd2abb-1d6d-4041-a095-372953465bb6,98306353-57df-4dac-89d8-6435f4d3fb6a,90d08764-413b-4792-ac7f-41915db7fab3,PURCHASE,10.0,2026-09-07T14:52:01.566181
0573caf3-6dfc-45e0-b675-ee85d5ef491d,98306353-57df-4dac-89d8-6435f4d3fb6a,cd421415-e774-4ace-b0dc-d63a85efee9b,PURCHASE,10.0,2026-09-07T14:52:01.566181
b489b50d-0321-46c8-9b55-62c1cf1f46db,98306353-57df-4dac-89d8-6435f4d3fb6a,36ac1cb7-c55e-46e9-bdbf-67db44692a6b,PURCHASE,10.0,2026-09-07T14:52:01.566181
b314566e-8760-44db-9108-f110741cc117,98306353-57df-4dac-89d8-6435f4d3fb6a,36ac1cb7-c55e-46e9-bdbf-67db44692a6b,ADD_TO_CART,5.0,2026-09-07T14:52:01.566181
5c63446c-d8e8-4d43-a48d-912016804ce9,98306353-57df-4dac-89d8-6435f4d3fb6a,3d9f95b7-246a-4a03-b972-3edf5dc69656,PURCHASE,10.0,2026-09-07T14:52:01.566181
9de737c0-3dca-4a21-a7c7-c486324ac591,79543249-aeb7-447d-9725-94352e05d41c,fb7ed45f-6d64-4e3f-bff3-3449c34f1179,PURCHASE,10.0,2026-08-11T17:52:01.567691
a588c9ea-b54d-47dd-bc8a-1f2fb5ad94e1,79543249-aeb7-447d-9725-94352e05d41c,fb7ed45f-6d64-4e3f-bff3-3449c34f1179,ADD_TO_CART,5.0,2026-08-11T17:52:01.567691
f024979f-91cd-4217-ad47-b08a9364a323,79543249-aeb7-447d-9725-94352e05d41c,86cea29e-ba3e-4d48-83e6-50fc57051a44,PURCHASE,10.0,2026-08-11T17:52:01.567691
13da69b1-3f7f-4dae-a09a-cb6e8d3e6325,79543249-aeb7-447d-9725-94352e05d41c,86cea29e-ba3e-4d48-83e6-50fc57051a44,ADD_TO_CART,5.0,2026-08-11T17:52:01.567691
66ac496e-53d5-48c7-82eb-7bab942851a6,79543249-aeb7-447d-9725-94352e05d41c,6dfa977d-ac40-4b0c-9944-77f5fc5892c4,PURCHASE,10.0,2026-08-11T17:52:01.567691
5346e41d-8f2d-4ca4-9ced-108e28b274c5,79543249-aeb7-447d-9725-94352e05d41c,f2b7b5ef-c8f7-4c34-93ed-2e35f3c536c1,PURCHASE,10.0,2026-08-18T14:52:01.567691
08995a65-54f7-4d86-a56f-580b263d93d0,79543249-aeb7-447d-9725-94352e05d41c,f2b7b5ef-c8f7-4c34-93ed-2e35f3c536c1,ADD_TO_CART,5.0,2026-08-18T14:52:01.567691
bec42a58-b524-4859-be8d-54bec8092c6a,79543249-aeb7-447d-9725-94352e05d41c,3a552307-6f65-4c3a-a54d-d271c022e93b,PURCHASE,10.0,2026-08-18T14:52:01.567691
6cbeec85-f8b4-4230-9792-bf76ad23299d,79543249-aeb7-447d-9725-94352e05d41c,1c84fa0c-e043-4a3d-8fe9-cd3d34c99d78,PURCHASE,10.0,2026-08-18T14:52:01.567691
5372a2b6-a6f0-4714-aee8-89824cf5d6d9,79543249-aeb7-447d-9725-94352e05d41c,1c84fa0c-e043-4a3d-8fe9-cd3d34c99d78,ADD_TO_CART,5.0,2026-08-18T14:52:01.567691
d034c7ca-ac73-4ef9-9744-eb7836b0b583,79543249-aeb7-447d-9725-94352e05d41c,9e62c28d-8fc0-432a-b85d-e57755b7a392,PURCHASE,10.0,2026-08-18T14:52:01.567691
62845591-957a-4602-bc46-403b114076de,79543249-aeb7-447d-9725-94352e05d41c,9e62c28d-8fc0-432a-b85d-e57755b7a392,ADD_TO_CART,5.0,2026-08-18T14:52:01.567691
d1f1e724-0eed-4f51-a28b-ee434211f0f3,79543249-aeb7-447d-9725-94352e05d41c,a25999f5-62a0-4f6a-9365-8884d42cb059,PURCHASE,10.0,2026-08-29T21:52:01.567691
584902a9-9ec1-4fb6-80ce-c081c7e11b24,79543249-aeb7-447d-9725-94352e05d41c,15e9cdb5-ab3a-4a67-b1e4-e8a4e2469815,PURCHASE,10.0,2026-08-29T21:52:01.567691
ab30c8b5-3f86-4bfe-a83e-880c52285526,79543249-aeb7-447d-9725-94352e05d41c,15e9cdb5-ab3a-4a67-b1e4-e8a4e2469815,ADD_TO_CART,5.0,2026-08-29T21:52:01.567691
b0bd2d9b-1a0d-4efa-a21f-f6d16ec30302,79543249-aeb7-447d-9725-94352e05d41c,631a1e24-52d6-4900-a14f-f38ab19822d4,PURCHASE,10.0,2026-08-29T21:52:01.567691
1f243c82-b8a4-4503-9673-54d6b0f8ca12,79543249-aeb7-447d-9725-94352e05d41c,39dac036-1cbb-41e3-9550-b0ec6a31b6eb,PURCHASE,10.0,2026-09-01T15:52:01.567691
bd2370ef-67d6-4c63-91cc-9ac4bd1d2154,79543249-aeb7-447d-9725-94352e05d41c,39dac036-1cbb-41e3-9550-b0ec6a31b6eb,ADD_TO_CART,5.0,2026-09-01T15:52:01.567691
7acb2259-1250-49d2-b6f0-abf75cda74ba,79543249-aeb7-447d-9725-94352e05d41c,469de709-3edd-4ecf-b373-98a004b5f3ae,PURCHASE,10.0,2026-09-01T15:52:01.567691
0d8f7d41-e5e5-4317-8873-0a295a1de44b,79543249-aeb7-447d-9725-94352e05d41c,469de709-3edd-4ecf-b373-98a004b5f3ae,ADD_TO_CART,5.0,2026-09-01T15:52:01.567691
c0b50ee1-20dd-4d39-b6fb-cfdf07616452,79543249-aeb7-447d-9725-94352e05d41c,88dc8654-525d-4e13-a1c5-26c467b71fdf,PURCHASE,10.0,2026-09-01T15:52:01.567691
f642e8af-3870-4d4d-af55-9b5ced50e552,79543249-aeb7-447d-9725-94352e05d41c,3917a229-00ce-4f07-ab63-a7dfc2cd82df,PURCHASE,10.0,2026-09-02T20:52:01.567691
a5cfbc13-32a3-4f66-876e-3e59eee7d280,79543249-aeb7-447d-9725-94352e05d41c,ef03f9f5-d4ae-43ae-9c98-2b1ac1e2bf87,PURCHASE,10.0,2026-09-02T20:52:01.567691
8ce2e5a7-73ee-4c89-83b5-89c9765ac5eb,79543249-aeb7-447d-9725-94352e05d41c,ef03f9f5-d4ae-43ae-9c98-2b1ac1e2bf87,ADD_TO_CART,5.0,2026-09-02T20:52:01.567691
674573a6-2d74-41ae-b35e-06fbf35044ac,79543249-aeb7-447d-9725-94352e05d41c,0994cb89-90be-4944-806b-eeefe4d6eabb,PURCHASE,10.0,2026-09-02T20:52:01.567691
2029f6aa-02c4-46fa-afae-cfc992a9c573,79543249-aeb7-447d-9725-94352e05d41c,0994cb89-90be-4944-806b-eeefe4d6eabb,ADD_TO_CART,5.0,2026-09-02T20:52:01.567691
1e59f005-060f-4299-ae09-af7308693f35,79543249-aeb7-447d-9725-94352e05d41c,e83f625e-4033-46b8-b595-e7f5d55bab20,PURCHASE,10.0,2026-09-02T20:52:01.567691
86de45e4-0f79-4d18-8334-2311201f43cb,f527b464-7bb9-45da-bb4d-5aab19eb4f9a,5638747c-cb25-4b64-9d98-851c2db06d60,PURCHASE,10.0,2026-08-14T13:52:01.569665
c91964b5-934d-4b9a-a1d1-059111790197,f527b464-7bb9-45da-bb4d-5aab19eb4f9a,18fe75c9-121d-44bc-89b9-cc601c87f43e,PURCHASE,10.0,2026-08-14T13:52:01.569665
3bb3eede-d131-410f-abbf-59018ee9df64,f527b464-7bb9-45da-bb4d-5aab19eb4f9a,10a2f7b5-2629-4dff-b0d1-9d3c4c954908,PURCHASE,10.0,2026-08-14T13:52:01.569665
4e0d4533-b119-470b-b95f-e5721221f5a9,f527b464-7bb9-45da-bb4d-5aab19eb4f9a,c550a097-fe9a-4708-a8de-917d87890596,PURCHASE,10.0,2026-08-14T13:52:01.569665
623bd004-c5db-4bf4-bfa2-40b190381477,f527b464-7bb9-45da-bb4d-5aab19eb4f9a,c550a097-fe9a-4708-a8de-917d87890596,ADD_TO_CART,5.0,2026-08-14T13:52:01.569665
62fcd0c1-d551-45ea-b891-a6b6f620cbd3,f527b464-7bb9-45da-bb4d-5aab19eb4f9a,3d9f95b7-246a-4a03-b972-3edf5dc69656,PURCHASE,10.0,2026-08-14T13:52:01.569665
72979da2-b1ac-460f-977a-1adeba6b14ab,f527b464-7bb9-45da-bb4d-5aab19eb4f9a,5638747c-cb25-4b64-9d98-851c2db06d60,PURCHASE,10.0,2026-08-10T18:52:01.569665
aa5b85d4-b37d-4ab9-ba5e-58e110f2c9e6,f527b464-7bb9-45da-bb4d-5aab19eb4f9a,5638747c-cb25-4b64-9d98-851c2db06d60,ADD_TO_CART,5.0,2026-08-10T18:52:01.569665
16705f1b-7299-4b0d-b185-0d6ee652e099,f527b464-7bb9-45da-bb4d-5aab19eb4f9a,472f225e-9fd0-4a31-9d3a-970b74e867a1,PURCHASE,10.0,2026-08-10T18:52:01.569665
9c3d27cc-0160-42f8-9515-ca0ffdb27002,f527b464-7bb9-45da-bb4d-5aab19eb4f9a,472f225e-9fd0-4a31-9d3a-970b74e867a1,ADD_TO_CART,5.0,2026-08-10T18:52:01.569665
bb5aec12-be46-4d72-81f9-0d6de59fc356,f527b464-7bb9-45da-bb4d-5aab19eb4f9a,10a2f7b5-2629-4dff-b0d1-9d3c4c954908,PURCHASE,10.0,2026-08-10T18:52:01.569665
29ba42f7-cd30-456e-9e7b-61ea4131d396,f527b464-7bb9-45da-bb4d-5aab19eb4f9a,c550a097-fe9a-4708-a8de-917d87890596,PURCHASE,10.0,2026-08-10T18:52:01.569665
979fc498-5bda-47dd-a47b-971d4ee48caa,f527b464-7bb9-45da-bb4d-5aab19eb4f9a,c550a097-fe9a-4708-a8de-917d87890596,ADD_TO_CART,5.0,2026-08-10T18:52:01.569665
dcbc3fd0-638c-41c7-9212-23b08cd872d4,f527b464-7bb9-45da-bb4d-5aab19eb4f9a,9e62c28d-8fc0-432a-b85d-e57755b7a392,PURCHASE,10.0,2026-08-10T18:52:01.569665
68f67447-e751-44a1-9fa7-5baf60cd215e,f527b464-7bb9-45da-bb4d-5aab19eb4f9a,91cc837c-d604-411e-809c-ace8df152781,PURCHASE,10.0,2026-08-16T14:52:01.569665
4750767f-85c3-4217-a96f-b4b56f43af45,f527b464-7bb9-45da-bb4d-5aab19eb4f9a,91cc837c-d604-411e-809c-ace8df152781,ADD_TO_CART,5.0,2026-08-16T14:52:01.569665
db70a037-2aaf-4319-a3cf-907577e3e352,f527b464-7bb9-45da-bb4d-5aab19eb4f9a,a30967de-2eeb-4230-9552-7c88ededd081,PURCHASE,10.0,2026-08-16T14:52:01.569665
0386e281-9a0b-4ba9-84d3-1a074d6888d8,f527b464-7bb9-45da-bb4d-5aab19eb4f9a,513bda1b-657c-4490-9a52-b4bf2f376704,PURCHASE,10.0,2026-08-16T14:52:01.569665
1b710dee-d2ea-477a-8a52-1b856ee69652,f527b464-7bb9-45da-bb4d-5aab19eb4f9a,5638747c-cb25-4b64-9d98-851c2db06d60,PURCHASE,10.0,2026-08-29T17:52:01.569665
a18fd8d2-50df-44d7-864d-8ce035fe5359,f527b464-7bb9-45da-bb4d-5aab19eb4f9a,ef1edfc3-47b7-4fd4-83d6-8e411458ec16,PURCHASE,10.0,2026-08-29T17:52:01.569665
afdafb4d-1b51-4481-a83d-7c1434198cbc,f527b464-7bb9-45da-bb4d-5aab19eb4f9a,ef1edfc3-47b7-4fd4-83d6-8e411458ec16,ADD_TO_CART,5.0,2026-08-29T17:52:01.569665
d2e755b4-1816-4b3e-aadf-d43d65051d23,f527b464-7bb9-45da-bb4d-5aab19eb4f9a,10a2f7b5-2629-4dff-b0d1-9d3c4c954908,PURCHASE,10.0,2026-08-29T17:52:01.569665
7d54f643-2df5-4cc8-b23e-d72a64201412,f527b464-7bb9-45da-bb4d-5aab19eb4f9a,25f04353-3717-43fc-8cda-10082eb64989,PURCHASE,10.0,2026-08-29T17:52:01.569665
81a9695a-2879-43fe-a095-bd8b63949f33,f527b464-7bb9-45da-bb4d-5aab19eb4f9a,25f04353-3717-43fc-8cda-10082eb64989,ADD_TO_CART,5.0,2026-08-29T17:52:01.569665
c571315f-1065-47e9-a0ce-6700268c8346,f527b464-7bb9-45da-bb4d-5aab19eb4f9a,6cdd3db3-dda7-490b-a0bf-c17e5da99590,PURCHASE,10.0,2026-08-29T17:52:01.569665
c73c157d-91eb-4a1b-97b6-420caf338584,f527b464-7bb9-45da-bb4d-5aab19eb4f9a,5638747c-cb25-4b64-9d98-851c2db06d60,PURCHASE,10.0,2026-09-02T20:52:01.569665
3acb7f29-72aa-471d-b500-f59235c0dc1c,f527b464-7bb9-45da-bb4d-5aab19eb4f9a,18fe75c9-121d-44bc-89b9-cc601c87f43e,PURCHASE,10.0,2026-09-02T20:52:01.569665
c736bc30-0b63-4426-9ff3-46cde0b85488,f527b464-7bb9-45da-bb4d-5aab19eb4f9a,18fe75c9-121d-44bc-89b9-cc601c87f43e,ADD_TO_CART,5.0,2026-09-02T20:52:01.569665
68a7d095-77d7-4114-94e4-06506f4d8501,f527b464-7bb9-45da-bb4d-5aab19eb4f9a,10a2f7b5-2629-4dff-b0d1-9d3c4c954908,PURCHASE,10.0,2026-09-02T20:52:01.569665
81afc4d0-a82b-4f5c-a137-a7268fd35129,f527b464-7bb9-45da-bb4d-5aab19eb4f9a,10a2f7b5-2629-4dff-b0d1-9d3c4c954908,ADD_TO_CART,5.0,2026-09-02T20:52:01.569665
e9a33e04-aecf-4750-afbd-85375d3c0353,f527b464-7bb9-45da-bb4d-5aab19eb4f9a,c3495736-91c7-4cc4-809c-67ddabb167ef,PURCHASE,10.0,2026-09-02T20:52:01.569665
87de2bb1-6963-4e9b-a323-f87101f3a0e9,f527b464-7bb9-45da-bb4d-5aab19eb4f9a,ca262023-1ba4-4c5c-b26f-043d23841ff1,PURCHASE,10.0,2026-09-02T20:52:01.569665
6605d68c-8a23-45c7-851a-81ff7efedfbf,43d36f77-a78c-4e8e-bc41-245cc7f02ef2,2cc864b2-ffcd-4cd9-96ea-35cc70b7f01e,PURCHASE,10.0,2026-08-15T12:52:01.569665
54a493b7-2899-49fc-bedc-7a12e9600584,43d36f77-a78c-4e8e-bc41-245cc7f02ef2,2cc864b2-ffcd-4cd9-96ea-35cc70b7f01e,ADD_TO_CART,5.0,2026-08-15T12:52:01.569665
0c59ce71-5d85-4f09-b772-7f42d82ef87a,43d36f77-a78c-4e8e-bc41-245cc7f02ef2,ada3490e-9d0d-41c5-b8f6-ee36f232a592,PURCHASE,10.0,2026-08-15T12:52:01.569665
62343c87-c08b-4b15-b338-7aaffd216f9d,43d36f77-a78c-4e8e-bc41-245cc7f02ef2,9e466ab4-0753-45f0-b24d-06ca63637b2d,PURCHASE,10.0,2026-08-15T12:52:01.569665
1904684b-6569-4a3a-9679-a563093540f3,43d36f77-a78c-4e8e-bc41-245cc7f02ef2,8925d13b-14fa-4779-863a-25811e076e6a,PURCHASE,10.0,2026-08-15T12:52:01.569665
9ee42b7c-c29c-4ff9-9419-02477fa211f8,43d36f77-a78c-4e8e-bc41-245cc7f02ef2,fae9ed8b-df33-4c78-bb32-8de8a0abed79,PURCHASE,10.0,2026-08-15T12:52:01.569665
d78900b3-2fa2-4089-abf0-d914ff1cf7a6,43d36f77-a78c-4e8e-bc41-245cc7f02ef2,d24fe122-9118-4ac7-a533-519394afeea2,PURCHASE,10.0,2026-08-15T12:52:01.569665
632d411a-cff8-4b08-a428-c4939e20b8ee,43d36f77-a78c-4e8e-bc41-245cc7f02ef2,2cc864b2-ffcd-4cd9-96ea-35cc70b7f01e,PURCHASE,10.0,2026-08-29T21:52:01.569665
79e36662-1cd8-4a2e-bbcb-2b1cde37bb85,43d36f77-a78c-4e8e-bc41-245cc7f02ef2,ada3490e-9d0d-41c5-b8f6-ee36f232a592,PURCHASE,10.0,2026-08-29T21:52:01.569665
c603ee9e-2945-4ae3-9075-7e15d51d3d38,43d36f77-a78c-4e8e-bc41-245cc7f02ef2,ada3490e-9d0d-41c5-b8f6-ee36f232a592,ADD_TO_CART,5.0,2026-08-29T21:52:01.569665
d27f1bae-b673-4aea-a77b-29ae18d47ed5,43d36f77-a78c-4e8e-bc41-245cc7f02ef2,9e466ab4-0753-45f0-b24d-06ca63637b2d,PURCHASE,10.0,2026-08-29T21:52:01.569665
7ac4005b-a561-4eac-a579-5d1920267fd1,43d36f77-a78c-4e8e-bc41-245cc7f02ef2,9e466ab4-0753-45f0-b24d-06ca63637b2d,ADD_TO_CART,5.0,2026-08-29T21:52:01.569665
39b67294-85ec-4781-aa9c-6122f35a7c97,43d36f77-a78c-4e8e-bc41-245cc7f02ef2,5f7fe85b-a41f-445e-83dd-d16cd8b90fc2,PURCHASE,10.0,2026-08-29T21:52:01.569665
804725f4-b6fc-49d2-a25f-a628ecc662e0,43d36f77-a78c-4e8e-bc41-245cc7f02ef2,5f7fe85b-a41f-445e-83dd-d16cd8b90fc2,ADD_TO_CART,5.0,2026-08-29T21:52:01.569665
b95adf6b-3074-4fca-a4b6-0d0b0d598e52,43d36f77-a78c-4e8e-bc41-245cc7f02ef2,a6f0bc98-cd3d-4600-aa52-1551395a9aee,PURCHASE,10.0,2026-08-29T21:52:01.569665
e70ec909-d5de-4450-8af4-e66f3d19899d,43d36f77-a78c-4e8e-bc41-245cc7f02ef2,a6f0bc98-cd3d-4600-aa52-1551395a9aee,ADD_TO_CART,5.0,2026-08-29T21:52:01.569665
082101bf-da4b-4968-ae18-00d984539389,43d36f77-a78c-4e8e-bc41-245cc7f02ef2,9e466ab4-0753-45f0-b24d-06ca63637b2d,PURCHASE,10.0,2026-09-02T21:52:01.571677
9fbcc9f6-8306-43c7-a7b5-929e3d8efd39,43d36f77-a78c-4e8e-bc41-245cc7f02ef2,472f225e-9fd0-4a31-9d3a-970b74e867a1,PURCHASE,10.0,2026-09-02T21:52:01.571677
f0cb64d5-4f1d-4f54-ad84-d3af94ea07d5,43d36f77-a78c-4e8e-bc41-245cc7f02ef2,0c46d491-ceb2-4f60-94c0-c9ee7e6802a3,PURCHASE,10.0,2026-09-02T21:52:01.571677
adfa5f4a-46a6-4bfc-aa56-6934b805d962,43d36f77-a78c-4e8e-bc41-245cc7f02ef2,0c46d491-ceb2-4f60-94c0-c9ee7e6802a3,ADD_TO_CART,5.0,2026-09-02T21:52:01.571677
05b289ff-007e-4fdc-90be-6c5aad7e0e00,43d36f77-a78c-4e8e-bc41-245cc7f02ef2,c6b75ac5-f7f5-4a39-935e-bdda1073cdea,PURCHASE,10.0,2026-09-02T21:52:01.571677
92b364a8-c33b-4a36-b6d4-2980ccde22f5,43d36f77-a78c-4e8e-bc41-245cc7f02ef2,c6b75ac5-f7f5-4a39-935e-bdda1073cdea,ADD_TO_CART,5.0,2026-09-02T21:52:01.571677
d1f09f04-64c9-4bcf-a7f2-65a2d6c0fe25,43d36f77-a78c-4e8e-bc41-245cc7f02ef2,c6914581-923c-445a-9f9c-eaf0ec5a2c33,PURCHASE,10.0,2026-09-02T21:52:01.571677
8055bb03-6fef-49e9-911b-eb024b942d85,dd14762c-0ed4-4d5f-aaf3-fded6c619888,e7185a39-0261-4ed3-8614-036ab8432fa2,PURCHASE,10.0,2026-08-23T19:52:01.571677
882be090-17c7-419e-9f3b-80002edc88ac,dd14762c-0ed4-4d5f-aaf3-fded6c619888,c2baad76-3877-4321-9e02-47d4f8e4cc46,PURCHASE,10.0,2026-08-23T19:52:01.571677
d3d3ff0f-4f03-4430-9c3a-02803c0aaec6,dd14762c-0ed4-4d5f-aaf3-fded6c619888,c2baad76-3877-4321-9e02-47d4f8e4cc46,ADD_TO_CART,5.0,2026-08-23T19:52:01.571677
014890c5-756f-4386-b82c-5eebf6957e49,dd14762c-0ed4-4d5f-aaf3-fded6c619888,acea3378-4bf7-4d40-8a6e-bab5fadc2196,PURCHASE,10.0,2026-08-23T19:52:01.571677
6f10ff21-35e5-4606-9afc-282832492f93,dd14762c-0ed4-4d5f-aaf3-fded6c619888,acea3378-4bf7-4d40-8a6e-bab5fadc2196,ADD_TO_CART,5.0,2026-08-23T19:52:01.571677
eec402cc-5798-4fda-b2a8-100469c056b8,dd14762c-0ed4-4d5f-aaf3-fded6c619888,469de709-3edd-4ecf-b373-98a004b5f3ae,PURCHASE,10.0,2026-08-23T19:52:01.571677
83219ce1-af7a-45c0-a4f6-797d8c42bdbc,dd14762c-0ed4-4d5f-aaf3-fded6c619888,ee4da463-7838-44cc-ba60-059bd0de9197,PURCHASE,10.0,2026-08-23T19:52:01.571677
81a91118-eada-4483-85be-4ff1bc44d7d8,dd14762c-0ed4-4d5f-aaf3-fded6c619888,0994cb89-90be-4944-806b-eeefe4d6eabb,PURCHASE,10.0,2026-08-28T20:52:01.571677
195427e9-90d3-42ea-be44-b09455e3c75d,dd14762c-0ed4-4d5f-aaf3-fded6c619888,0994cb89-90be-4944-806b-eeefe4d6eabb,ADD_TO_CART,5.0,2026-08-28T20:52:01.571677
d574db3e-c6c9-4c29-9173-1e1635a43e38,dd14762c-0ed4-4d5f-aaf3-fded6c619888,600ad2a1-c479-41cb-ae59-1f480c14eca6,PURCHASE,10.0,2026-08-28T20:52:01.571677
e9acfe00-095c-41d0-a908-a3e981b85247,dd14762c-0ed4-4d5f-aaf3-fded6c619888,600ad2a1-c479-41cb-ae59-1f480c14eca6,ADD_TO_CART,5.0,2026-08-28T20:52:01.571677
fd75edc9-e82b-4af3-879e-e6941b3910c7,dd14762c-0ed4-4d5f-aaf3-fded6c619888,8124d850-f372-4140-92f6-6ff393d8ad94,PURCHASE,10.0,2026-08-28T20:52:01.571677
f0710794-a554-4731-aa3a-d77c8e451467,dd14762c-0ed4-4d5f-aaf3-fded6c619888,4985cb8a-2526-4b48-9622-96507fd818ac,PURCHASE,10.0,2026-08-28T20:52:01.571677
601ac345-ca88-4e99-bcc7-b023a13314b8,dd14762c-0ed4-4d5f-aaf3-fded6c619888,ce228021-e222-4cb4-afed-b4079dd03dde,PURCHASE,10.0,2026-09-02T14:52:01.571677
7793c8a4-4476-4457-b4c5-32fa9d76d2c0,dd14762c-0ed4-4d5f-aaf3-fded6c619888,ce228021-e222-4cb4-afed-b4079dd03dde,ADD_TO_CART,5.0,2026-09-02T14:52:01.571677
43fa40ac-63ee-4ee3-9008-aa362b63c709,dd14762c-0ed4-4d5f-aaf3-fded6c619888,c2baad76-3877-4321-9e02-47d4f8e4cc46,PURCHASE,10.0,2026-09-02T14:52:01.571677
a6ea7386-a84a-4783-8c73-8032e7a84b46,dd14762c-0ed4-4d5f-aaf3-fded6c619888,c2baad76-3877-4321-9e02-47d4f8e4cc46,ADD_TO_CART,5.0,2026-09-02T14:52:01.571677
b8a7a82d-1b37-4e65-91bc-405d266ca571,dd14762c-0ed4-4d5f-aaf3-fded6c619888,9e466ab4-0753-45f0-b24d-06ca63637b2d,PURCHASE,10.0,2026-09-02T14:52:01.571677
2e1456fb-1f68-4abd-9e97-0966ffa8ab82,dd14762c-0ed4-4d5f-aaf3-fded6c619888,469de709-3edd-4ecf-b373-98a004b5f3ae,PURCHASE,10.0,2026-09-02T14:52:01.571677
e8da6430-45d7-4c4c-bb78-80466e7145ca,dd14762c-0ed4-4d5f-aaf3-fded6c619888,469de709-3edd-4ecf-b373-98a004b5f3ae,ADD_TO_CART,5.0,2026-09-02T14:52:01.571677
786a32a3-8be7-4686-949b-f536213b613f,dd14762c-0ed4-4d5f-aaf3-fded6c619888,fae9ed8b-df33-4c78-bb32-8de8a0abed79,PURCHASE,10.0,2026-09-02T14:52:01.571677
ac8103f8-132e-44fc-8fa3-10d16515be53,dd14762c-0ed4-4d5f-aaf3-fded6c619888,fae9ed8b-df33-4c78-bb32-8de8a0abed79,ADD_TO_CART,5.0,2026-09-02T14:52:01.571677
8f43281c-4100-47ff-bd94-5cb9671b4796,5f4c1d64-d133-4c66-89bc-b35ad29e17b8,c8ab7e01-9ce6-44bf-9bcc-a325e05802a4,PURCHASE,10.0,2026-08-22T13:52:01.571677
70d069c5-3d38-4ca1-84d6-76bc9d146e02,5f4c1d64-d133-4c66-89bc-b35ad29e17b8,c8ab7e01-9ce6-44bf-9bcc-a325e05802a4,ADD_TO_CART,5.0,2026-08-22T13:52:01.571677
b59e6bdf-2709-4ef8-ad0c-5b3666293929,5f4c1d64-d133-4c66-89bc-b35ad29e17b8,3917a229-00ce-4f07-ab63-a7dfc2cd82df,PURCHASE,10.0,2026-08-22T13:52:01.571677
f7d1cc0e-1fa3-465f-92c7-ac85f8141826,5f4c1d64-d133-4c66-89bc-b35ad29e17b8,a9adc9d0-b23e-4e5d-be77-825b68788f9f,PURCHASE,10.0,2026-08-22T13:52:01.571677
6e82a29c-9a2e-441f-900d-006f5fc3157d,5f4c1d64-d133-4c66-89bc-b35ad29e17b8,cc42fd2a-523e-4640-b4b1-35a7abc2ad6e,PURCHASE,10.0,2026-08-22T13:52:01.571677
4ea477ab-6117-4d03-add3-432237af15fa,5f4c1d64-d133-4c66-89bc-b35ad29e17b8,cc42fd2a-523e-4640-b4b1-35a7abc2ad6e,ADD_TO_CART,5.0,2026-08-22T13:52:01.571677
7482bd62-eb14-479e-ad04-e1e9fb3bc815,5f4c1d64-d133-4c66-89bc-b35ad29e17b8,9e466ab4-0753-45f0-b24d-06ca63637b2d,PURCHASE,10.0,2026-08-18T16:52:01.571677
2ae8cc66-3cd2-4f9b-a384-6fe3d5d579a8,5f4c1d64-d133-4c66-89bc-b35ad29e17b8,9e466ab4-0753-45f0-b24d-06ca63637b2d,ADD_TO_CART,5.0,2026-08-18T16:52:01.571677
9068c3e6-cb0b-4c90-9f4c-e59a3ea083a8,5f4c1d64-d133-4c66-89bc-b35ad29e17b8,b4c436be-f3b0-415f-bf41-4043d721bf73,PURCHASE,10.0,2026-08-18T16:52:01.571677
a47c482c-ea9e-4766-b10d-805ffc7e6458,5f4c1d64-d133-4c66-89bc-b35ad29e17b8,b4c436be-f3b0-415f-bf41-4043d721bf73,ADD_TO_CART,5.0,2026-08-18T16:52:01.571677
450e31fa-8223-4575-b4a3-a8dd83a451ec,5f4c1d64-d133-4c66-89bc-b35ad29e17b8,a9adc9d0-b23e-4e5d-be77-825b68788f9f,PURCHASE,10.0,2026-08-18T16:52:01.571677
cd7fea76-679b-43cd-b797-5a2c1d815424,5f4c1d64-d133-4c66-89bc-b35ad29e17b8,77d21e1a-3f2f-49f2-be52-f1fb6324b498,PURCHASE,10.0,2026-08-18T16:52:01.571677
3f66a762-de1f-4198-a3ca-a3be6764d0ab,5f4c1d64-d133-4c66-89bc-b35ad29e17b8,c8ab7e01-9ce6-44bf-9bcc-a325e05802a4,PURCHASE,10.0,2026-08-26T21:52:01.571677
2e95a222-0285-4ede-8850-563eff8cb3e0,5f4c1d64-d133-4c66-89bc-b35ad29e17b8,c8ab7e01-9ce6-44bf-9bcc-a325e05802a4,ADD_TO_CART,5.0,2026-08-26T21:52:01.571677
ac2c7495-d9fd-4740-bfbe-9d3da37f6f35,5f4c1d64-d133-4c66-89bc-b35ad29e17b8,3917a229-00ce-4f07-ab63-a7dfc2cd82df,PURCHASE,10.0,2026-08-26T21:52:01.571677
322a2a86-56d6-4943-bbb1-ece053606a7e,5f4c1d64-d133-4c66-89bc-b35ad29e17b8,a9adc9d0-b23e-4e5d-be77-825b68788f9f,PURCHASE,10.0,2026-08-26T21:52:01.571677
4eb7ab7a-cc8a-4cf2-9612-28f18ba1cb12,5f4c1d64-d133-4c66-89bc-b35ad29e17b8,a9adc9d0-b23e-4e5d-be77-825b68788f9f,ADD_TO_CART,5.0,2026-08-26T21:52:01.571677
624bebf4-662c-4569-833c-93f3f2504726,5f4c1d64-d133-4c66-89bc-b35ad29e17b8,119171e8-3049-4289-a1e6-20156e6d3e20,PURCHASE,10.0,2026-09-02T13:52:01.571677
409669b9-05ee-42f4-8b86-46543c53ef48,5f4c1d64-d133-4c66-89bc-b35ad29e17b8,3917a229-00ce-4f07-ab63-a7dfc2cd82df,PURCHASE,10.0,2026-09-02T13:52:01.571677
429287b9-303d-49e0-ae83-df6d8996d6d1,5f4c1d64-d133-4c66-89bc-b35ad29e17b8,a9adc9d0-b23e-4e5d-be77-825b68788f9f,PURCHASE,10.0,2026-09-02T13:52:01.571677
62b394f7-8d74-4aec-8d82-bda352a2eda9,4474409e-95f6-4e6c-b07f-8ea510b81e90,0c46d491-ceb2-4f60-94c0-c9ee7e6802a3,PURCHASE,10.0,2026-07-31T13:52:01.571677
c2414e37-9041-49ed-b975-9a874ca33d75,4474409e-95f6-4e6c-b07f-8ea510b81e90,0c46d491-ceb2-4f60-94c0-c9ee7e6802a3,ADD_TO_CART,5.0,2026-07-31T13:52:01.571677
e5efe1f7-4794-41ea-8c74-d14aa899a266,4474409e-95f6-4e6c-b07f-8ea510b81e90,40dc9d92-f58c-4d7d-9147-c68c24af66b3,PURCHASE,10.0,2026-07-31T13:52:01.571677
3f91e5ba-bc62-408b-835a-b6f4a15c689d,4474409e-95f6-4e6c-b07f-8ea510b81e90,9fde5f92-80d6-4098-9f79-62288afa3012,PURCHASE,10.0,2026-07-31T13:52:01.571677
8a8856a2-02e2-4484-a719-f80ec5d08f49,4474409e-95f6-4e6c-b07f-8ea510b81e90,9fde5f92-80d6-4098-9f79-62288afa3012,ADD_TO_CART,5.0,2026-07-31T13:52:01.571677
fa633cf7-cea6-46df-9335-24532c98c028,4474409e-95f6-4e6c-b07f-8ea510b81e90,5a442680-9fef-499c-825c-bcbe3ceaedb7,PURCHASE,10.0,2026-07-31T13:52:01.571677
d822b2d5-d3f7-433b-a367-e7ffc0094306,4474409e-95f6-4e6c-b07f-8ea510b81e90,5a442680-9fef-499c-825c-bcbe3ceaedb7,ADD_TO_CART,5.0,2026-07-31T13:52:01.571677
651c5a44-827e-440f-861c-a04d2ea9a6ff,4474409e-95f6-4e6c-b07f-8ea510b81e90,61994682-174b-47e1-a92b-8d56e543416b,PURCHASE,10.0,2026-07-31T13:52:01.571677
c771beda-48f9-4bbd-ad6e-202b88c6a70f,4474409e-95f6-4e6c-b07f-8ea510b81e90,0c46d491-ceb2-4f60-94c0-c9ee7e6802a3,PURCHASE,10.0,2026-08-25T19:52:01.571677
16e8f933-64a1-422b-802a-a0926df6756b,4474409e-95f6-4e6c-b07f-8ea510b81e90,61196fcb-7d00-4c63-8871-a2da792babf2,PURCHASE,10.0,2026-08-25T19:52:01.571677
69c1c38d-27ac-4fba-a84e-77bf2d7a3cda,4474409e-95f6-4e6c-b07f-8ea510b81e90,61196fcb-7d00-4c63-8871-a2da792babf2,ADD_TO_CART,5.0,2026-08-25T19:52:01.571677
5d163487-d8d4-4d93-9cf2-d25edb1e2e71,4474409e-95f6-4e6c-b07f-8ea510b81e90,70e90051-397e-40bf-833c-120d977f7445,PURCHASE,10.0,2026-08-25T19:52:01.571677
6b424a6e-3e1c-4944-b228-de74e69e4be6,4474409e-95f6-4e6c-b07f-8ea510b81e90,6cdd3db3-dda7-490b-a0bf-c17e5da99590,PURCHASE,10.0,2026-08-25T19:52:01.571677
052c3f55-869b-4822-87ef-10055cba14c8,4474409e-95f6-4e6c-b07f-8ea510b81e90,119171e8-3049-4289-a1e6-20156e6d3e20,PURCHASE,10.0,2026-08-20T13:52:01.571677
f4ac76d8-7291-40e8-861d-0fd5d88c6fd0,4474409e-95f6-4e6c-b07f-8ea510b81e90,119171e8-3049-4289-a1e6-20156e6d3e20,ADD_TO_CART,5.0,2026-08-20T13:52:01.571677
a2270b56-7121-466c-8d01-450f556e9890,4474409e-95f6-4e6c-b07f-8ea510b81e90,c2baad76-3877-4321-9e02-47d4f8e4cc46,PURCHASE,10.0,2026-08-20T13:52:01.571677
90510b45-6798-4659-8ccb-acb88e4dc178,4474409e-95f6-4e6c-b07f-8ea510b81e90,0c46d491-ceb2-4f60-94c0-c9ee7e6802a3,PURCHASE,10.0,2026-08-20T13:52:01.571677
9e55c4de-f746-4d46-91d3-6262a8d9deea,4474409e-95f6-4e6c-b07f-8ea510b81e90,34375768-3582-4dae-94f6-7d728cf14b72,PURCHASE,10.0,2026-08-20T13:52:01.571677
d5181a81-81b1-4da4-8d4d-9d2970db5c9f,4474409e-95f6-4e6c-b07f-8ea510b81e90,34375768-3582-4dae-94f6-7d728cf14b72,ADD_TO_CART,5.0,2026-08-20T13:52:01.571677
7b6efe39-a909-41dd-94c1-ce45e50ccc3d,4474409e-95f6-4e6c-b07f-8ea510b81e90,749c4ddf-974f-4931-a100-4225142185fc,PURCHASE,10.0,2026-08-20T13:52:01.571677
05bf2777-8821-4742-ab56-c8d985ef8198,4474409e-95f6-4e6c-b07f-8ea510b81e90,749c4ddf-974f-4931-a100-4225142185fc,ADD_TO_CART,5.0,2026-08-20T13:52:01.571677
2e2edd26-4a42-4050-bc45-45aa2e194c07,4474409e-95f6-4e6c-b07f-8ea510b81e90,4985cb8a-2526-4b48-9622-96507fd818ac,PURCHASE,10.0,2026-08-20T13:52:01.571677
ddc8f461-a6b7-499c-9629-a477f82d627d,4474409e-95f6-4e6c-b07f-8ea510b81e90,4985cb8a-2526-4b48-9622-96507fd818ac,ADD_TO_CART,5.0,2026-08-20T13:52:01.571677
e21f7db9-d901-47bd-a304-c4fe95801200,4474409e-95f6-4e6c-b07f-8ea510b81e90,48c05eff-6a2c-4517-9f87-23a6d289b906,PURCHASE,10.0,2026-08-27T16:52:01.571677
636bc55a-5e65-4de8-ab55-296eeb060ffb,4474409e-95f6-4e6c-b07f-8ea510b81e90,aae46e83-5eca-4bae-83be-d1af00c5cdc0,PURCHASE,10.0,2026-08-27T16:52:01.571677
80e72616-4347-4f24-9839-d10ce76f352b,4474409e-95f6-4e6c-b07f-8ea510b81e90,0c46d491-ceb2-4f60-94c0-c9ee7e6802a3,PURCHASE,10.0,2026-08-27T16:52:01.571677
ad4dc72d-5849-4681-a4a9-592cd5ae5ac6,4474409e-95f6-4e6c-b07f-8ea510b81e90,5dab8803-0ab8-4447-a6f6-08365aa53ddb,PURCHASE,10.0,2026-08-27T16:52:01.571677
d05808c4-9619-4cf4-ab93-51e4a5b1058c,4474409e-95f6-4e6c-b07f-8ea510b81e90,749c4ddf-974f-4931-a100-4225142185fc,PURCHASE,10.0,2026-08-27T16:52:01.571677
a9555427-73e8-4fa6-9e49-469a3f0dead7,4474409e-95f6-4e6c-b07f-8ea510b81e90,07085e02-3d10-40d1-bd00-3c9607f4b23f,PURCHASE,10.0,2026-08-27T16:52:01.571677
a373a3fb-6e81-49ac-9a9d-5ff5fe9fc53f,4474409e-95f6-4e6c-b07f-8ea510b81e90,9ecc0d39-ed33-485e-ad18-7a2a707c6d2a,PURCHASE,10.0,2026-09-04T16:52:01.571677
8e10ad32-562b-4d77-82af-5b0880250529,4474409e-95f6-4e6c-b07f-8ea510b81e90,40dc9d92-f58c-4d7d-9147-c68c24af66b3,PURCHASE,10.0,2026-09-04T16:52:01.571677
7e3da89e-f896-449a-9c8f-531e3060f7b5,4474409e-95f6-4e6c-b07f-8ea510b81e90,2858bb15-902c-497e-a053-466c6becf391,PURCHASE,10.0,2026-09-04T16:52:01.571677
8563c150-ee00-40e7-929d-07ac916a8a0d,4474409e-95f6-4e6c-b07f-8ea510b81e90,2858bb15-902c-497e-a053-466c6becf391,ADD_TO_CART,5.0,2026-09-04T16:52:01.571677
84c3f655-002c-4147-8c83-d8ba7058ff4a,4474409e-95f6-4e6c-b07f-8ea510b81e90,300c236a-5cf1-4646-b74a-bd449ed18374,PURCHASE,10.0,2026-09-04T16:52:01.571677
71c25336-876c-43ed-a4ed-d5497ffd95aa,7f86a08d-6dd5-4fe9-9472-d02c920c1ff3,0c04e9e0-bb76-47a7-a14d-f2eff4f256d8,PURCHASE,10.0,2026-08-16T20:52:01.571677
c229ee16-e0e7-47f1-993c-c336ea67df1d,7f86a08d-6dd5-4fe9-9472-d02c920c1ff3,86cea29e-ba3e-4d48-83e6-50fc57051a44,PURCHASE,10.0,2026-08-16T20:52:01.571677
d9cf1144-eb0d-4d2f-b121-60ce06555f8a,7f86a08d-6dd5-4fe9-9472-d02c920c1ff3,0994cb89-90be-4944-806b-eeefe4d6eabb,PURCHASE,10.0,2026-08-16T20:52:01.571677
29991bbd-7ec6-40f8-81f0-47270261b4b8,7f86a08d-6dd5-4fe9-9472-d02c920c1ff3,0994cb89-90be-4944-806b-eeefe4d6eabb,ADD_TO_CART,5.0,2026-08-16T20:52:01.571677
44bdc2ce-ee7d-4b24-8e4f-719c201d100b,7f86a08d-6dd5-4fe9-9472-d02c920c1ff3,11c8c1f3-45ad-4242-b7e7-ea4567b89d10,PURCHASE,10.0,2026-08-16T20:52:01.571677
d196725f-c038-48f7-a142-f3d0af6cbb07,7f86a08d-6dd5-4fe9-9472-d02c920c1ff3,19d09fa0-c8b2-4b5c-b5a6-7efe29934bd0,PURCHASE,10.0,2026-08-07T16:52:01.571677
d7eb0d08-a424-466f-bf99-8ffbf0c9b9e2,7f86a08d-6dd5-4fe9-9472-d02c920c1ff3,ef03f9f5-d4ae-43ae-9c98-2b1ac1e2bf87,PURCHASE,10.0,2026-08-07T16:52:01.571677
e5153057-0790-4ed1-9a1b-94ac23a9a9c9,7f86a08d-6dd5-4fe9-9472-d02c920c1ff3,ef03f9f5-d4ae-43ae-9c98-2b1ac1e2bf87,ADD_TO_CART,5.0,2026-08-07T16:52:01.571677
19fa061d-1381-47fc-9c0c-bec722b2c754,7f86a08d-6dd5-4fe9-9472-d02c920c1ff3,0994cb89-90be-4944-806b-eeefe4d6eabb,PURCHASE,10.0,2026-08-07T16:52:01.571677
512f15b0-511c-4f94-8ab4-2fb5e65a2334,7f86a08d-6dd5-4fe9-9472-d02c920c1ff3,0994cb89-90be-4944-806b-eeefe4d6eabb,ADD_TO_CART,5.0,2026-08-07T16:52:01.571677
5f97e5f7-3648-42cc-aca4-cb27ff319b72,7f86a08d-6dd5-4fe9-9472-d02c920c1ff3,0c04e9e0-bb76-47a7-a14d-f2eff4f256d8,PURCHASE,10.0,2026-08-29T15:52:01.574306
2e022f46-8874-4081-976e-799f3bdffc24,7f86a08d-6dd5-4fe9-9472-d02c920c1ff3,0c04e9e0-bb76-47a7-a14d-f2eff4f256d8,ADD_TO_CART,5.0,2026-08-29T15:52:01.574306
77aef7f8-82f9-402c-a880-df7f88d6697c,7f86a08d-6dd5-4fe9-9472-d02c920c1ff3,ef03f9f5-d4ae-43ae-9c98-2b1ac1e2bf87,PURCHASE,10.0,2026-08-29T15:52:01.574306
a12ed318-3c70-43eb-94b4-91c5a4d75b47,7f86a08d-6dd5-4fe9-9472-d02c920c1ff3,88dc8654-525d-4e13-a1c5-26c467b71fdf,PURCHASE,10.0,2026-08-29T15:52:01.574306
20d2b970-7101-41a6-af97-eb6a41b13809,7f86a08d-6dd5-4fe9-9472-d02c920c1ff3,88dc8654-525d-4e13-a1c5-26c467b71fdf,ADD_TO_CART,5.0,2026-08-29T15:52:01.574306
ee005f80-a259-492a-a302-7741cd420e65,7f86a08d-6dd5-4fe9-9472-d02c920c1ff3,bf9e355c-e1c9-428e-906d-8e9a455ce885,PURCHASE,10.0,2026-09-01T20:52:01.574306
b04d3b86-06d6-41e1-abb6-c89bf9a2b76c,7f86a08d-6dd5-4fe9-9472-d02c920c1ff3,fc99c491-28ac-40fc-bd3b-edf6d3a3588b,PURCHASE,10.0,2026-09-01T20:52:01.574306
be49635e-74df-4b03-bd92-5fd61e3533f0,7f86a08d-6dd5-4fe9-9472-d02c920c1ff3,0031e56a-e740-4991-af49-d3cac14a83eb,PURCHASE,10.0,2026-09-01T20:52:01.574306
f3593899-3483-4c49-85ac-929b389a3ac9,7f86a08d-6dd5-4fe9-9472-d02c920c1ff3,0031e56a-e740-4991-af49-d3cac14a83eb,ADD_TO_CART,5.0,2026-09-01T20:52:01.574306
476df78a-6152-46a4-8211-901a79bd7672,7f86a08d-6dd5-4fe9-9472-d02c920c1ff3,bf9e355c-e1c9-428e-906d-8e9a455ce885,PURCHASE,10.0,2026-09-03T15:52:01.574306
47f4189f-fe5b-4645-860a-b2aef310f7a2,7f86a08d-6dd5-4fe9-9472-d02c920c1ff3,aae46e83-5eca-4bae-83be-d1af00c5cdc0,PURCHASE,10.0,2026-09-03T15:52:01.574306
8b8298f9-7a2d-4e06-8090-ee20ef3a9375,7f86a08d-6dd5-4fe9-9472-d02c920c1ff3,d848e305-da92-42ae-a09b-220a4628adde,PURCHASE,10.0,2026-09-03T15:52:01.574306
58b4bc18-e4d8-407f-825b-ffd717b6ffb3,7f86a08d-6dd5-4fe9-9472-d02c920c1ff3,74396c83-e782-46c3-9710-c78913d5a49a,PURCHASE,10.0,2026-09-03T15:52:01.574306
9f3d91d4-fa85-4ce2-a3ed-cbfa5055a962,70891974-6c4a-456b-a56c-3684d6d94556,90d08764-413b-4792-ac7f-41915db7fab3,PURCHASE,10.0,2026-08-29T21:52:01.574306
a1484cc0-1472-4d1a-b0e7-761f62a75760,70891974-6c4a-456b-a56c-3684d6d94556,90d08764-413b-4792-ac7f-41915db7fab3,ADD_TO_CART,5.0,2026-08-29T21:52:01.574306
9d137037-9eaf-4347-a203-72636298dfd8,70891974-6c4a-456b-a56c-3684d6d94556,aae46e83-5eca-4bae-83be-d1af00c5cdc0,PURCHASE,10.0,2026-08-29T21:52:01.574306
12099749-4628-4e13-a209-d368e31bced8,70891974-6c4a-456b-a56c-3684d6d94556,2be07e4c-3dbf-42e5-90c3-26540a177fd1,PURCHASE,10.0,2026-08-29T21:52:01.574306
ea6614c1-2c21-4712-893a-8056eae19e85,70891974-6c4a-456b-a56c-3684d6d94556,6cdd3db3-dda7-490b-a0bf-c17e5da99590,PURCHASE,10.0,2026-08-29T21:52:01.574306
2cdbd74e-b2d1-4aea-ab81-84dfeab0a38a,70891974-6c4a-456b-a56c-3684d6d94556,43d6910f-14b0-4fa4-8763-100d2a5ef4f5,PURCHASE,10.0,2026-08-29T21:52:01.574306
d0770849-5615-423a-a306-8f3ee1c2fae4,70891974-6c4a-456b-a56c-3684d6d94556,43d6910f-14b0-4fa4-8763-100d2a5ef4f5,ADD_TO_CART,5.0,2026-08-29T21:52:01.574306
a9334882-c87b-405d-9fd9-015fc314fb01,70891974-6c4a-456b-a56c-3684d6d94556,5ac74607-116b-439d-bc3c-14d60fbbf3c9,PURCHASE,10.0,2026-08-25T15:52:01.574306
e0d21251-8572-4f64-a821-260a535edc1f,70891974-6c4a-456b-a56c-3684d6d94556,5ac74607-116b-439d-bc3c-14d60fbbf3c9,ADD_TO_CART,5.0,2026-08-25T15:52:01.574306
09a4b83b-4262-466f-9fff-b454d2265fae,70891974-6c4a-456b-a56c-3684d6d94556,aae46e83-5eca-4bae-83be-d1af00c5cdc0,PURCHASE,10.0,2026-08-25T15:52:01.574306
1f0ec89a-4187-42da-a1b2-5418c87c213e,70891974-6c4a-456b-a56c-3684d6d94556,26aee757-06a2-4ead-ab16-d1e71fd68f1b,PURCHASE,10.0,2026-08-25T15:52:01.574306
c803b9ec-3789-442a-8681-cb12676f116c,70891974-6c4a-456b-a56c-3684d6d94556,6cdd3db3-dda7-490b-a0bf-c17e5da99590,PURCHASE,10.0,2026-08-25T15:52:01.574306
f16213fa-bd2b-4484-abe4-4dba6c680efb,70891974-6c4a-456b-a56c-3684d6d94556,631a1e24-52d6-4900-a14f-f38ab19822d4,PURCHASE,10.0,2026-09-02T15:52:01.574306
f9c72305-5af1-4c2f-b5cb-92873257624c,70891974-6c4a-456b-a56c-3684d6d94556,265e1ca7-c45b-473b-b818-6c1e60c08a99,PURCHASE,10.0,2026-09-02T15:52:01.574306
af453fae-fd0c-4137-8bf9-336326102ce0,70891974-6c4a-456b-a56c-3684d6d94556,93972ebd-a548-446c-a61e-54abc0d9eb7a,PURCHASE,10.0,2026-09-02T15:52:01.574306
f21beec2-3dae-43ef-9de5-71807dca8074,70891974-6c4a-456b-a56c-3684d6d94556,93972ebd-a548-446c-a61e-54abc0d9eb7a,ADD_TO_CART,5.0,2026-09-02T15:52:01.574306
4bd7f036-8bf8-40ed-954b-913418e40eda,7035b887-e0d1-4c02-af63-02688ffbb884,f7bc89a4-3acf-4f49-af2d-c878fc6e6f45,PURCHASE,10.0,2026-08-27T17:52:01.574306
39db9b41-4f6a-4e3d-8e80-9845c8293cc8,7035b887-e0d1-4c02-af63-02688ffbb884,3917a229-00ce-4f07-ab63-a7dfc2cd82df,PURCHASE,10.0,2026-08-27T17:52:01.574306
fea18e61-9f67-4430-adf8-e981c6b149ee,7035b887-e0d1-4c02-af63-02688ffbb884,a9adc9d0-b23e-4e5d-be77-825b68788f9f,PURCHASE,10.0,2026-08-27T17:52:01.574306
754ab58f-06b4-4e32-b908-f4617ddb3d48,7035b887-e0d1-4c02-af63-02688ffbb884,ba41f220-5257-44f8-b81b-33288ae7ef35,PURCHASE,10.0,2026-08-27T17:52:01.574306
c0a27bda-cba0-47b7-accd-183a7e241f27,7035b887-e0d1-4c02-af63-02688ffbb884,3917a229-00ce-4f07-ab63-a7dfc2cd82df,PURCHASE,10.0,2026-08-31T16:52:01.574306
41b606ae-bea3-480c-b073-933c04bf7089,7035b887-e0d1-4c02-af63-02688ffbb884,a9adc9d0-b23e-4e5d-be77-825b68788f9f,PURCHASE,10.0,2026-08-31T16:52:01.574306
813deb72-ead6-4a90-8fd4-7c27deac1379,7035b887-e0d1-4c02-af63-02688ffbb884,631a1e24-52d6-4900-a14f-f38ab19822d4,PURCHASE,10.0,2026-08-31T16:52:01.574306
311618bf-6d15-4920-a414-194b3f9d8b2c,7035b887-e0d1-4c02-af63-02688ffbb884,631a1e24-52d6-4900-a14f-f38ab19822d4,ADD_TO_CART,5.0,2026-08-31T16:52:01.574306
3afea012-12be-44cc-a88b-e68ee8d34a35,7035b887-e0d1-4c02-af63-02688ffbb884,04f54342-120a-43fa-9062-b8d0771ca8a7,PURCHASE,10.0,2026-09-04T19:52:01.575405
6dc095c3-adda-4761-8326-f21747c0d34c,7035b887-e0d1-4c02-af63-02688ffbb884,3917a229-00ce-4f07-ab63-a7dfc2cd82df,PURCHASE,10.0,2026-09-04T19:52:01.575405
011d7d3f-ca54-467c-b10f-9262a014bb20,7035b887-e0d1-4c02-af63-02688ffbb884,3917a229-00ce-4f07-ab63-a7dfc2cd82df,ADD_TO_CART,5.0,2026-09-04T19:52:01.575405
bda26461-0288-4d9b-b15f-5de65d4fc59b,7035b887-e0d1-4c02-af63-02688ffbb884,a9adc9d0-b23e-4e5d-be77-825b68788f9f,PURCHASE,10.0,2026-09-04T19:52:01.575405
f2e8b1d7-8faa-4932-9529-558225bbe45b,7035b887-e0d1-4c02-af63-02688ffbb884,a9adc9d0-b23e-4e5d-be77-825b68788f9f,ADD_TO_CART,5.0,2026-09-04T19:52:01.575405
7460ecd7-c10e-42f7-940a-b29efd07ec86,7035b887-e0d1-4c02-af63-02688ffbb884,f44d292e-2536-44e1-8fc6-4f01e4c1a342,PURCHASE,10.0,2026-09-04T19:52:01.575405
42dd4a29-86c6-43df-897b-b19c78c75ce6,2e323422-ea44-449d-9be7-c0c560a0f2e1,dc34e374-8390-4aec-9210-3712476ff78f,PURCHASE,10.0,2026-08-28T15:52:01.575405
d76f4ebb-5310-4bb8-9c90-96aa50a80d98,2e323422-ea44-449d-9be7-c0c560a0f2e1,40dc9d92-f58c-4d7d-9147-c68c24af66b3,PURCHASE,10.0,2026-08-28T15:52:01.575405
07b28be1-9f64-4cd6-b8d3-2b1fdb9babf8,2e323422-ea44-449d-9be7-c0c560a0f2e1,b199b97b-df40-43fe-84c4-82e07bffeb1a,PURCHASE,10.0,2026-08-28T15:52:01.575405
b5decd31-a345-44ca-b5a8-7f2eb03d9767,2e323422-ea44-449d-9be7-c0c560a0f2e1,300c236a-5cf1-4646-b74a-bd449ed18374,PURCHASE,10.0,2026-08-28T15:52:01.575405
532ed6fe-1291-48b1-8484-47b7039fe414,2e323422-ea44-449d-9be7-c0c560a0f2e1,300c236a-5cf1-4646-b74a-bd449ed18374,ADD_TO_CART,5.0,2026-08-28T15:52:01.575405
513fb463-7a79-407e-839e-a478f1f0d0a1,2e323422-ea44-449d-9be7-c0c560a0f2e1,f2b7b5ef-c8f7-4c34-93ed-2e35f3c536c1,PURCHASE,10.0,2026-09-01T13:52:01.575405
388f22e5-ef9d-4776-9121-2df06b2508fe,2e323422-ea44-449d-9be7-c0c560a0f2e1,f2b7b5ef-c8f7-4c34-93ed-2e35f3c536c1,ADD_TO_CART,5.0,2026-09-01T13:52:01.575405
1c4991b4-275a-47df-9548-3b2d00a5defe,2e323422-ea44-449d-9be7-c0c560a0f2e1,c2baad76-3877-4321-9e02-47d4f8e4cc46,PURCHASE,10.0,2026-09-01T13:52:01.575405
72414bdc-80f1-452a-9f7a-2bc20e9e2d6b,2e323422-ea44-449d-9be7-c0c560a0f2e1,0c46d491-ceb2-4f60-94c0-c9ee7e6802a3,PURCHASE,10.0,2026-09-01T13:52:01.575405
46bec060-95e5-41e5-8919-22ee6554d12f,2e323422-ea44-449d-9be7-c0c560a0f2e1,40dc9d92-f58c-4d7d-9147-c68c24af66b3,PURCHASE,10.0,2026-09-01T13:52:01.575405
5d02197e-8b83-4f5d-bd1a-0bcc43870673,2e323422-ea44-449d-9be7-c0c560a0f2e1,40dc9d92-f58c-4d7d-9147-c68c24af66b3,ADD_TO_CART,5.0,2026-09-01T13:52:01.575405
c33564cc-a512-417d-bd6b-e93f8787ca55,2e323422-ea44-449d-9be7-c0c560a0f2e1,6cdd3db3-dda7-490b-a0bf-c17e5da99590,PURCHASE,10.0,2026-09-01T13:52:01.575405
8bb8f9c5-f489-4421-b757-25928739a9b2,2e323422-ea44-449d-9be7-c0c560a0f2e1,6cdd3db3-dda7-490b-a0bf-c17e5da99590,ADD_TO_CART,5.0,2026-09-01T13:52:01.575405
262f6035-d7a9-4126-874c-0ca247c957dc,2e323422-ea44-449d-9be7-c0c560a0f2e1,0c46d491-ceb2-4f60-94c0-c9ee7e6802a3,PURCHASE,10.0,2026-09-03T18:52:01.575405
2575bd60-d4f6-4e92-bac0-4388436d486c,2e323422-ea44-449d-9be7-c0c560a0f2e1,40dc9d92-f58c-4d7d-9147-c68c24af66b3,PURCHASE,10.0,2026-09-03T18:52:01.575405
42cd340c-8d44-4794-89e2-47fbe466ec87,2e323422-ea44-449d-9be7-c0c560a0f2e1,2be07e4c-3dbf-42e5-90c3-26540a177fd1,PURCHASE,10.0,2026-09-03T18:52:01.575405
4b0fce52-0f80-4df3-aba6-c51fc2bb88b3,2e323422-ea44-449d-9be7-c0c560a0f2e1,2be07e4c-3dbf-42e5-90c3-26540a177fd1,ADD_TO_CART,5.0,2026-09-03T18:52:01.575405
f0a9c3d3-f819-409b-87b6-969856bff9ba,2e323422-ea44-449d-9be7-c0c560a0f2e1,3d9f95b7-246a-4a03-b972-3edf5dc69656,PURCHASE,10.0,2026-09-03T18:52:01.575405
